{"type":"FeatureCollection","features":[{"type":"Feature","id":"01100","properties":{},"geometry":{"type":"Polygon","coordinates":[[[4.48257,51.92219],[4.48235,51.92211],[4.48225,51.92213],[4.48199,51.92207],[4.48132,51.92186],[4.47987,51.9216],[4.47995,51.92145],[4.47916,51.9213],[4.47814,51.9232],[4.47782,51.92365],[4.47774,51.92364],[4.47766,51.92378],[4.47761,51.9238],[4.47767,51.92383],[4.47703,51.92401],[4.47677,51.92449],[4.47692,51.92461],[4.47711,51.92486],[4.47705,51.92485],[4.47699,51.92498],[4.47702,51.92498],[4.4769,51.92528],[4.47651,51.92601],[4.47637,51.92627],[4.47735,51.92629],[4.47794,51.92626],[4.47899,51.92615],[4.47957,51.92604],[4.48029,51.92586],[4.48099,51.92563],[4.48151,51.92541],[4.48204,51.92558],[4.48242,51.9256],[4.48393,51.92526],[4.48517,51.92506],[4.48527,51.92504],[4.48519,51.92476],[4.48523,51.92471],[4.48508,51.92436],[4.48478,51.92409],[4.48415,51.92377],[4.48286,51.9231],[4.48277,51.92313],[4.48265,51.92307],[4.4827,51.92301],[4.4824,51.92278],[4.48267,51.92244],[4.48258,51.92235],[4.4826,51.92228],[4.48252,51.92225],[4.48257,51.92219]]]}},{"type":"Feature","id":"01101","properties":{},"geometry":{"type":"Polygon","coordinates":[[[4.48233,51.9183],[4.48221,51.91835],[4.48221,51.91837],[4.48231,51.91839],[4.48233,51.91872],[4.48261,51.91872],[4.48261,51.91901],[4.48286,51.91901],[4.48285,51.91909],[4.48291,51.9191],[4.48287,51.91921],[4.48279,51.91921],[4.48275,51.91926],[4.48268,51.91925],[4.48268,51.91982],[4.48252,51.91984],[4.48253,51.91993],[4.48265,51.91995],[4.48266,51.91992],[4.48344,51.92007],[4.48361,51.92015],[4.48378,51.92019],[4.48372,51.92029],[4.48387,51.92034],[4.48369,51.92074],[4.48364,51.92073],[4.48362,51.92076],[4.4837,51.92078],[4.48348,51.92113],[4.48257,51.92219],[4.48235,51.92211],[4.48225,51.92213],[4.48199,51.92207],[4.48132,51.92186],[4.47987,51.9216],[4.47995,51.92145],[4.47916,51.9213],[4.4798,51.91978],[4.48022,51.91862],[4.4806,51.91804],[4.48042,51.91797],[4.48045,51.91793],[4.481,51.91814],[4.48126,51.91816],[4.48142,51.91812],[4.48155,51.91813],[4.48226,51.91825],[4.48218,51.91827],[4.48233,51.9183]]]}},{"type":"Feature","id":"01102","properties":{},"geometry":{"type":"Polygon","coordinates":[[[4.48257,51.92219],[4.48348,51.92113],[4.4837,51.92078],[4.48362,51.92076],[4.48364,51.92073],[4.48369,51.92074],[4.48387,51.92034],[4.48372,51.92029],[4.48378,51.92019],[4.48361,51.92015],[4.48344,51.92007],[4.48266,51.91992],[4.48265,51.91995],[4.48253,51.91993],[4.48252,51.91984],[4.48268,51.91982],[4.48268,51.91925],[4.48275,51.91926],[4.48279,51.91921],[4.48287,51.91921],[4.48291,51.9191],[4.48285,51.91909],[4.48286,51.91901],[4.48261,51.91901],[4.48261,51.91872],[4.48233,51.91872],[4.48231,51.91839],[4.48221,51.91837],[4.48221,51.91835],[4.48233,51.9183],[4.48305,51.91841],[4.48374,51.91846],[4.48412,51.91853],[4.48437,51.91814],[4.48494,51.91824],[4.48492,51.91827],[4.48508,51.9183],[4.48509,51.91827],[4.48642,51.91852],[4.48657,51.91857],[4.48651,51.91869],[4.48706,51.91879],[4.48711,51.91867],[4.4873,51.9187],[4.48745,51.91877],[4.4874,51.91886],[4.48867,51.91908],[4.48868,51.91912],[4.48912,51.91931],[4.48887,51.91956],[4.48975,51.91991],[4.49011,51.92013],[4.49001,51.92017],[4.49013,51.92022],[4.48961,51.92042],[4.48952,51.92039],[4.48916,51.92051],[4.48916,51.92062],[4.48924,51.92066],[4.48918,51.9208],[4.48912,51.92078],[4.4891,51.9208],[4.48881,51.92073],[4.48866,51.92096],[4.48869,51.92101],[4.48856,51.92104],[4.48851,51.92103],[4.48842,51.92116],[4.48845,51.92122],[4.48872,51.92129],[4.48862,51.92144],[4.48846,51.9214],[4.4884,51.92147],[4.48787,51.92134],[4.48776,51.92137],[4.48579,51.92278],[4.48464,51.92352],[4.48466,51.92353],[4.48449,51.92365],[4.48445,51.92363],[4.48427,51.92376],[4.48421,51.92374],[4.48415,51.92377],[4.48286,51.9231],[4.48277,51.92313],[4.48265,51.92307],[4.4827,51.92301],[4.4824,51.92278],[4.48267,51.92244],[4.48258,51.92235],[4.4826,51.92228],[4.48252,51.92225],[4.48257,51.92219]]]}},{"type":"Feature","id":"01103","properties":{},"geometry":{"type":"Polygon","coordinates":[[[4.49044,51.92171],[4.49053,51.92174],[4.49074,51.92145],[4.49083,51.9212],[4.49125,51.92082],[4.49122,51.92081],[4.49158,51.92037],[4.49118,51.92017],[4.49124,51.92004],[4.49123,51.91985],[4.49109,51.91974],[4.49088,51.91969],[4.4909,51.91943],[4.49071,51.91936],[4.49061,51.91946],[4.49065,51.91949],[4.49061,51.91964],[4.49056,51.91961],[4.49037,51.91967],[4.4903,51.91965],[4.49017,51.91977],[4.4892,51.91925],[4.48912,51.91931],[4.48887,51.91956],[4.48975,51.91991],[4.49011,51.92013],[4.49001,51.92017],[4.49013,51.92022],[4.48961,51.92042],[4.48952,51.92039],[4.48916,51.92051],[4.48916,51.92062],[4.48924,51.92066],[4.48918,51.9208],[4.48912,51.92078],[4.4891,51.9208],[4.48881,51.92073],[4.48866,51.92096],[4.48869,51.92101],[4.48856,51.92104],[4.48851,51.92103],[4.48842,51.92116],[4.48845,51.92122],[4.48872,51.92129],[4.48862,51.92144],[4.48846,51.9214],[4.4884,51.92147],[4.48787,51.92134],[4.48776,51.92137],[4.48579,51.92278],[4.48464,51.92352],[4.48466,51.92353],[4.48449,51.92365],[4.48445,51.92363],[4.48427,51.92376],[4.48421,51.92374],[4.48415,51.92377],[4.48478,51.92409],[4.48508,51.92436],[4.48523,51.92471],[4.48519,51.92476],[4.48527,51.92504],[4.48649,51.92486],[4.48795,51.92454],[4.48906,51.92444],[4.4894,51.92441],[4.48938,51.92431],[4.48942,51.92421],[4.48934,51.92385],[4.49036,51.92199],[4.4903,51.92196],[4.49044,51.92171]]]}},{"type":"Feature","id":"01104","properties":{},"geometry":{"type":"Polygon","coordinates":[[[4.49589,51.92391],[4.49605,51.92384],[4.49706,51.92376],[4.49727,51.92372],[4.49747,51.92362],[4.49778,51.9233],[4.49751,51.92318],[4.49774,51.92286],[4.49746,51.92274],[4.49737,51.92256],[4.49732,51.92257],[4.49693,51.92236],[4.49684,51.92238],[4.49671,51.92234],[4.49678,51.92226],[4.49326,51.92105],[4.49214,51.92062],[4.49158,51.92037],[4.49122,51.92081],[4.49125,51.92082],[4.49083,51.9212],[4.49074,51.92145],[4.49053,51.92174],[4.49044,51.92171],[4.4903,51.92196],[4.49036,51.92199],[4.48934,51.92385],[4.48942,51.92421],[4.48938,51.92431],[4.4894,51.92441],[4.49104,51.92423],[4.49407,51.92397],[4.49454,51.92394],[4.4957,51.92394],[4.49589,51.92391]]]}},{"type":"Feature","id":"01105","properties":{},"geometry":{"type":"Polygon","coordinates":[[[4.48326,51.91214],[4.48308,51.91211],[4.48307,51.91196],[4.48325,51.91141],[4.48388,51.91092],[4.48362,51.91051],[4.48307,51.90961],[4.48287,51.90943],[4.48253,51.90956],[4.48227,51.90974],[4.4822,51.90992],[4.48121,51.911],[4.48065,51.9108],[4.48084,51.91059],[4.4788,51.90993],[4.47864,51.91018],[4.4783,51.91009],[4.47794,51.91023],[4.47721,51.9113],[4.47734,51.91133],[4.47703,51.91158],[4.47716,51.91162],[4.47713,51.91167],[4.47745,51.91176],[4.47757,51.91177],[4.47943,51.91229],[4.47936,51.9123],[4.47938,51.91233],[4.47986,51.91236],[4.47981,51.91266],[4.47982,51.91295],[4.47978,51.91295],[4.47978,51.91298],[4.47979,51.91368],[4.47983,51.91408],[4.47988,51.91411],[4.47994,51.91409],[4.47996,51.91413],[4.47988,51.91415],[4.47988,51.91418],[4.48014,51.91622],[4.48027,51.91641],[4.48028,51.91731],[4.48002,51.9173],[4.47998,51.91735],[4.48,51.91739],[4.48072,51.9175],[4.48088,51.91751],[4.48094,51.91743],[4.48174,51.91762],[4.48171,51.91769],[4.48272,51.91787],[4.48264,51.91779],[4.48382,51.91799],[4.4839,51.91788],[4.4838,51.91786],[4.48377,51.91788],[4.48377,51.91786],[4.48349,51.9178],[4.48357,51.91763],[4.48345,51.91761],[4.48353,51.91746],[4.48348,51.91745],[4.48348,51.91741],[4.48271,51.91741],[4.48258,51.91628],[4.48255,51.91549],[4.48261,51.91411],[4.48279,51.91318],[4.48289,51.91289],[4.483,51.91269],[4.4831,51.9127],[4.48314,51.91254],[4.48315,51.91252],[4.48326,51.91214]]]}},{"type":"Feature","id":"01106","properties":{},"geometry":{"type":"Polygon","coordinates":[[[4.48264,51.91779],[4.48272,51.91787],[4.48171,51.91769],[4.48174,51.91762],[4.48094,51.91743],[4.48088,51.91751],[4.48072,51.9175],[4.48045,51.91793],[4.481,51.91814],[4.48126,51.91816],[4.48142,51.91812],[4.48155,51.91813],[4.48226,51.91825],[4.48218,51.91827],[4.48233,51.9183],[4.48305,51.91841],[4.48374,51.91846],[4.48412,51.91853],[4.48437,51.91814],[4.48494,51.91824],[4.48492,51.91827],[4.48508,51.9183],[4.48509,51.91827],[4.48642,51.91852],[4.48657,51.91857],[4.48651,51.91869],[4.48706,51.91879],[4.48711,51.91867],[4.4873,51.9187],[4.48745,51.91877],[4.4874,51.91886],[4.48867,51.91908],[4.48868,51.91912],[4.48912,51.91931],[4.4892,51.91925],[4.49017,51.91977],[4.4903,51.91965],[4.49037,51.91967],[4.49056,51.91961],[4.49061,51.91964],[4.49065,51.91949],[4.49061,51.91946],[4.49071,51.91936],[4.4909,51.91943],[4.49088,51.91969],[4.49109,51.91974],[4.49123,51.91985],[4.49211,51.9197],[4.49306,51.91932],[4.49311,51.91935],[4.49326,51.91927],[4.49319,51.91921],[4.49327,51.91911],[4.49285,51.91884],[4.49279,51.91887],[4.49257,51.91866],[4.49248,51.91867],[4.4922,51.91857],[4.49209,51.91867],[4.49198,51.91867],[4.49033,51.91832],[4.49026,51.91828],[4.48996,51.91813],[4.48943,51.91803],[4.48938,51.91812],[4.48799,51.91786],[4.48794,51.9178],[4.48796,51.91769],[4.48781,51.91766],[4.48774,51.91775],[4.48764,51.91779],[4.48533,51.91731],[4.48528,51.91726],[4.48504,51.91721],[4.48496,51.91724],[4.48361,51.91696],[4.48348,51.91703],[4.48348,51.91741],[4.48348,51.91745],[4.48353,51.91746],[4.48345,51.91761],[4.48357,51.91763],[4.48349,51.9178],[4.48377,51.91786],[4.48377,51.91788],[4.4838,51.91786],[4.4839,51.91788],[4.48382,51.91799],[4.48264,51.91779]]]}},{"type":"Feature","id":"01107","properties":{},"geometry":{"type":"Polygon","coordinates":[[[4.48697,51.91524],[4.48801,51.91467],[4.48781,51.91453],[4.48969,51.91356],[4.48871,51.91293],[4.48771,51.91219],[4.48698,51.91156],[4.48606,51.91062],[4.48551,51.90976],[4.48362,51.91051],[4.48388,51.91092],[4.48325,51.91141],[4.48307,51.91196],[4.48308,51.91211],[4.48326,51.91214],[4.48315,51.91252],[4.48314,51.91254],[4.4831,51.9127],[4.483,51.91269],[4.48289,51.91289],[4.48279,51.91318],[4.48261,51.91411],[4.48255,51.91549],[4.48258,51.91628],[4.48271,51.91741],[4.48348,51.91741],[4.48348,51.91703],[4.48361,51.91696],[4.48496,51.91724],[4.48504,51.91721],[4.48528,51.91726],[4.48545,51.91696],[4.48553,51.91694],[4.48599,51.91598],[4.48632,51.91565],[4.48694,51.91525],[4.48697,51.91524]]]}},{"type":"Feature","id":"01108","properties":{},"geometry":{"type":"Polygon","coordinates":[[[4.4914,51.91746],[4.49154,51.91742],[4.4917,51.91747],[4.49203,51.91728],[4.49201,51.91726],[4.49209,51.91722],[4.49243,51.91742],[4.49254,51.9174],[4.49429,51.91814],[4.49566,51.917],[4.49455,51.91648],[4.49375,51.91606],[4.49231,51.91521],[4.49049,51.91407],[4.48969,51.91356],[4.48781,51.91453],[4.48801,51.91467],[4.48697,51.91524],[4.48694,51.91525],[4.48632,51.91565],[4.48599,51.91598],[4.48553,51.91694],[4.48545,51.91696],[4.48528,51.91726],[4.48533,51.91731],[4.48764,51.91779],[4.48774,51.91775],[4.48781,51.91766],[4.48796,51.91769],[4.48794,51.9178],[4.48799,51.91786],[4.48938,51.91812],[4.48943,51.91803],[4.48996,51.91813],[4.49026,51.91828],[4.49033,51.91832],[4.49198,51.91867],[4.49209,51.91867],[4.4922,51.91857],[4.49214,51.91852],[4.49222,51.91842],[4.49155,51.918],[4.49153,51.91801],[4.49137,51.91791],[4.49139,51.9179],[4.49131,51.91785],[4.49107,51.91784],[4.49094,51.91779],[4.4914,51.91746]]]}},{"type":"Feature","id":"01109","properties":{},"geometry":{"type":"Polygon","coordinates":[[[4.49831,51.92117],[4.49841,51.92121],[4.49907,51.92107],[4.49953,51.9205],[4.49962,51.92051],[4.49971,51.92015],[4.49982,51.92016],[4.50029,51.91812],[4.49902,51.91795],[4.4975,51.91763],[4.49658,51.91735],[4.49566,51.917],[4.49429,51.91814],[4.49254,51.9174],[4.49243,51.91742],[4.49209,51.91722],[4.49201,51.91726],[4.49203,51.91728],[4.4917,51.91747],[4.49154,51.91742],[4.4914,51.91746],[4.49094,51.91779],[4.49107,51.91784],[4.49131,51.91785],[4.49139,51.9179],[4.49137,51.91791],[4.49153,51.91801],[4.49155,51.918],[4.49222,51.91842],[4.49214,51.91852],[4.4922,51.91857],[4.49248,51.91867],[4.49257,51.91866],[4.49279,51.91887],[4.49285,51.91884],[4.49327,51.91911],[4.49319,51.91921],[4.49326,51.91927],[4.49311,51.91935],[4.49306,51.91932],[4.49211,51.9197],[4.49123,51.91985],[4.49124,51.92004],[4.49118,51.92017],[4.49158,51.92037],[4.49214,51.92062],[4.49326,51.92105],[4.49678,51.92226],[4.49671,51.92234],[4.49684,51.92238],[4.49693,51.92236],[4.49732,51.92257],[4.49737,51.92256],[4.49746,51.92274],[4.49774,51.92286],[4.49786,51.92258],[4.49803,51.92255],[4.49787,51.92233],[4.49813,51.92225],[4.49875,51.92145],[4.49822,51.92129],[4.49831,51.92117]]]}},{"type":"Feature","id":"01110","properties":{},"geometry":{"type":"Polygon","coordinates":[[[4.46327,51.91916],[4.46406,51.9193],[4.46487,51.91953],[4.46552,51.91977],[4.46546,51.91992],[4.46647,51.92009],[4.46578,51.92169],[4.46616,51.92175],[4.46602,51.92206],[4.4661,51.92223],[4.46607,51.92231],[4.46345,51.92246],[4.46293,51.9224],[4.46283,51.92241],[4.46312,51.92143],[4.46325,51.92074],[4.46332,51.91993],[4.46327,51.91916]]]}},{"type":"Feature","id":"01111","properties":{},"geometry":{"type":"Polygon","coordinates":[[[4.46647,51.92009],[4.4691,51.92055],[4.46964,51.92065],[4.47055,51.92091],[4.4707,51.92092],[4.47087,51.92108],[4.4709,51.92122],[4.47082,51.9214],[4.47089,51.92142],[4.47084,51.92149],[4.47078,51.92148],[4.47028,51.9224],[4.46992,51.92232],[4.46982,51.92251],[4.46941,51.92242],[4.46937,51.9225],[4.4681,51.92226],[4.46732,51.92226],[4.46624,51.92232],[4.46607,51.92231],[4.4661,51.92223],[4.46602,51.92206],[4.46616,51.92175],[4.46578,51.92169],[4.46647,51.92009]]]}},{"type":"Feature","id":"01112","properties":{},"geometry":{"type":"Polygon","coordinates":[[[4.46953,51.91639],[4.47244,51.91705],[4.47244,51.91707],[4.4721,51.91746],[4.47183,51.91798],[4.47162,51.91868],[4.47148,51.91976],[4.47143,51.92012],[4.47126,51.9207],[4.47119,51.92084],[4.47087,51.92108],[4.4707,51.92092],[4.47055,51.92091],[4.46964,51.92065],[4.4691,51.92055],[4.46918,51.92031],[4.46926,51.91975],[4.46925,51.91972],[4.46917,51.91972],[4.46919,51.91942],[4.4693,51.91942],[4.46937,51.91793],[4.46946,51.91726],[4.46943,51.91725],[4.46945,51.91692],[4.46939,51.91691],[4.46939,51.91685],[4.46945,51.91685],[4.46947,51.91662],[4.46941,51.9166],[4.46952,51.9166],[4.46953,51.91639]]]}},{"type":"Feature","id":"01113","properties":{},"geometry":{"type":"Polygon","coordinates":[[[4.46628,51.91558],[4.46698,51.9158],[4.46953,51.91639],[4.46952,51.9166],[4.46941,51.9166],[4.46947,51.91662],[4.46945,51.91685],[4.46939,51.91685],[4.46939,51.91691],[4.46945,51.91692],[4.46943,51.91725],[4.46946,51.91726],[4.46937,51.91793],[4.4693,51.91942],[4.46919,51.91942],[4.46917,51.91972],[4.46925,51.91972],[4.46926,51.91975],[4.46918,51.92031],[4.4691,51.92055],[4.46647,51.92009],[4.46622,51.91633],[4.46606,51.91623],[4.46628,51.91558]]]}},{"type":"Feature","id":"01114","properties":{},"geometry":{"type":"Polygon","coordinates":[[[4.46323,51.91503],[4.46352,51.91508],[4.46332,51.91552],[4.4641,51.91572],[4.46407,51.91575],[4.4641,51.91576],[4.46419,51.91576],[4.46435,51.91581],[4.46443,51.91581],[4.46575,51.91618],[4.46606,51.91623],[4.46622,51.91633],[4.46647,51.92009],[4.46546,51.91992],[4.46552,51.91977],[4.46487,51.91953],[4.46406,51.9193],[4.46327,51.91916],[4.46285,51.9172],[4.46278,51.91665],[4.46287,51.91594],[4.46323,51.91503]]]}},{"type":"Feature","id":"01115","properties":{},"geometry":{"type":"Polygon","coordinates":[[[4.46365,51.91388],[4.46379,51.9139],[4.46393,51.91397],[4.4641,51.914],[4.46411,51.91397],[4.46467,51.91407],[4.46529,51.9143],[4.46542,51.91439],[4.46561,51.9146],[4.46577,51.91496],[4.46594,51.91528],[4.46628,51.91558],[4.46606,51.91623],[4.46575,51.91618],[4.46443,51.91581],[4.46435,51.91581],[4.46419,51.91576],[4.4641,51.91576],[4.46407,51.91575],[4.4641,51.91572],[4.46332,51.91552],[4.46352,51.91508],[4.46323,51.91503],[4.4635,51.9144],[4.46365,51.91388]]]}},{"type":"Feature","id":"01116","properties":{},"geometry":{"type":"Polygon","coordinates":[[[4.46902,51.91431],[4.46888,51.91437],[4.4675,51.91461],[4.46669,51.91476],[4.46612,51.91491],[4.46577,51.91496],[4.46561,51.9146],[4.46542,51.91439],[4.46529,51.9143],[4.46467,51.91407],[4.46411,51.91397],[4.4641,51.914],[4.46393,51.91397],[4.46379,51.9139],[4.46365,51.91388],[4.46374,51.91315],[4.4637,51.91285],[4.4635,51.91223],[4.46353,51.9119],[4.46654,51.91283],[4.46708,51.91301],[4.46873,51.91407],[4.46873,51.91411],[4.46904,51.91429],[4.46902,51.91431]]]}},{"type":"Feature","id":"01117","properties":{},"geometry":{"type":"Polygon","coordinates":[[[4.46902,51.91431],[4.4707,51.91542],[4.47104,51.91558],[4.47102,51.9156],[4.47152,51.9158],[4.47156,51.91585],[4.47293,51.91633],[4.4729,51.91636],[4.47294,51.91639],[4.47271,51.9166],[4.47276,51.91662],[4.47269,51.91669],[4.47264,51.91667],[4.47255,51.91676],[4.47262,51.91679],[4.47244,51.91705],[4.46953,51.91639],[4.46698,51.9158],[4.46628,51.91558],[4.46594,51.91528],[4.46577,51.91496],[4.46612,51.91491],[4.46669,51.91476],[4.4675,51.91461],[4.46888,51.91437],[4.46902,51.91431]]]}},{"type":"Feature","id":"01120","properties":{},"geometry":{"type":"Polygon","coordinates":[[[4.47148,51.91976],[4.47214,51.91978],[4.47215,51.91972],[4.47231,51.91973],[4.47269,51.9198],[4.47268,51.91985],[4.4731,51.91991],[4.47316,51.91993],[4.47314,51.91998],[4.47352,51.92004],[4.47393,51.91916],[4.4755,51.91948],[4.47518,51.92012],[4.47506,51.92019],[4.47503,51.92025],[4.47508,51.92026],[4.47409,51.9221],[4.47405,51.92228],[4.47391,51.92247],[4.4735,51.92329],[4.47145,51.92287],[4.47136,51.92284],[4.47125,51.92269],[4.4713,51.92259],[4.47075,51.92243],[4.47028,51.9224],[4.47078,51.92148],[4.47084,51.92149],[4.47089,51.92142],[4.47082,51.9214],[4.4709,51.92122],[4.47087,51.92108],[4.47119,51.92084],[4.47126,51.9207],[4.47143,51.92012],[4.47148,51.91976]]]}},{"type":"Feature","id":"01121","properties":{},"geometry":{"type":"Polygon","coordinates":[[[4.47782,51.92365],[4.47814,51.9232],[4.47916,51.9213],[4.4798,51.91978],[4.47967,51.91977],[4.47965,51.91982],[4.4795,51.91981],[4.4795,51.91975],[4.47928,51.91972],[4.47925,51.91978],[4.47874,51.91968],[4.47871,51.91974],[4.47749,51.91951],[4.47742,51.91964],[4.47569,51.91933],[4.47554,51.9194],[4.4755,51.91948],[4.47518,51.92012],[4.47506,51.92019],[4.47503,51.92025],[4.47508,51.92026],[4.47409,51.9221],[4.47405,51.92228],[4.47391,51.92247],[4.4735,51.92329],[4.47703,51.92401],[4.47767,51.92383],[4.47761,51.9238],[4.47766,51.92378],[4.47774,51.92364],[4.47782,51.92365]]]}},{"type":"Feature","id":"01122","properties":{},"geometry":{"type":"Polygon","coordinates":[[[4.47569,51.91933],[4.47554,51.9194],[4.4755,51.91948],[4.47393,51.91916],[4.47352,51.92004],[4.47314,51.91998],[4.47316,51.91993],[4.4731,51.91991],[4.47268,51.91985],[4.47269,51.9198],[4.47231,51.91973],[4.47215,51.91972],[4.47214,51.91978],[4.47148,51.91976],[4.47162,51.91868],[4.47183,51.91798],[4.4721,51.91746],[4.47244,51.91707],[4.47257,51.91713],[4.47267,51.91704],[4.47297,51.91711],[4.47312,51.91718],[4.47361,51.91728],[4.47406,51.91663],[4.47452,51.91672],[4.47458,51.91679],[4.47716,51.91732],[4.47754,51.91737],[4.47716,51.91773],[4.47719,51.91774],[4.47711,51.91782],[4.47702,51.91786],[4.47661,51.91827],[4.47577,51.91916],[4.47569,51.91933]]]}},{"type":"Feature","id":"01123","properties":{},"geometry":{"type":"Polygon","coordinates":[[[4.47754,51.91737],[4.48042,51.91797],[4.4806,51.91804],[4.48022,51.91862],[4.4798,51.91978],[4.47967,51.91977],[4.47965,51.91982],[4.4795,51.91981],[4.4795,51.91975],[4.47928,51.91972],[4.47925,51.91978],[4.47874,51.91968],[4.47871,51.91974],[4.47749,51.91951],[4.47742,51.91964],[4.47569,51.91933],[4.47577,51.91916],[4.47661,51.91827],[4.47702,51.91786],[4.47711,51.91782],[4.47719,51.91774],[4.47716,51.91773],[4.47754,51.91737]]]}},{"type":"Feature","id":"01124","properties":{},"geometry":{"type":"Polygon","coordinates":[[[4.47443,51.91482],[4.47868,51.91591],[4.48014,51.91622],[4.48027,51.91641],[4.48028,51.91731],[4.48002,51.9173],[4.47998,51.91735],[4.48,51.91739],[4.48072,51.9175],[4.48045,51.91793],[4.48042,51.91797],[4.47754,51.91737],[4.47716,51.91732],[4.47458,51.91679],[4.47452,51.91672],[4.47406,51.91663],[4.47361,51.91728],[4.47312,51.91718],[4.47297,51.91711],[4.47267,51.91704],[4.47257,51.91713],[4.47244,51.91707],[4.47244,51.91705],[4.47262,51.91679],[4.47255,51.91676],[4.47264,51.91667],[4.47269,51.91669],[4.47276,51.91662],[4.47271,51.9166],[4.47294,51.91639],[4.4729,51.91636],[4.47293,51.91633],[4.47295,51.91631],[4.47309,51.91635],[4.47338,51.91607],[4.4733,51.91605],[4.47337,51.91594],[4.47353,51.91597],[4.47362,51.91593],[4.47443,51.91482]]]}},{"type":"Feature","id":"01125","properties":{},"geometry":{"type":"Polygon","coordinates":[[[4.48014,51.91622],[4.47868,51.91591],[4.47443,51.91482],[4.47526,51.91358],[4.47572,51.91305],[4.47589,51.91312],[4.47594,51.91307],[4.47589,51.91327],[4.47597,51.91335],[4.47626,51.91342],[4.47632,51.91335],[4.47846,51.9139],[4.47916,51.91343],[4.47932,51.91348],[4.47958,51.9135],[4.4796,51.9137],[4.47979,51.91368],[4.47983,51.91408],[4.47988,51.91411],[4.47994,51.91409],[4.47996,51.91413],[4.47988,51.91415],[4.47988,51.91418],[4.48014,51.91622]]]}},{"type":"Feature","id":"01126","properties":{},"geometry":{"type":"Polygon","coordinates":[[[4.47986,51.91236],[4.47981,51.91266],[4.47982,51.91295],[4.47978,51.91295],[4.47978,51.91298],[4.47979,51.91368],[4.4796,51.9137],[4.47958,51.9135],[4.47932,51.91348],[4.47916,51.91343],[4.47846,51.9139],[4.47632,51.91335],[4.47626,51.91342],[4.47597,51.91335],[4.47589,51.91327],[4.47594,51.91307],[4.47589,51.91312],[4.47572,51.91305],[4.47652,51.91223],[4.47657,51.91213],[4.47653,51.91212],[4.47668,51.91181],[4.4767,51.91178],[4.47679,51.9118],[4.47691,51.91159],[4.47702,51.91162],[4.47703,51.91158],[4.47716,51.91162],[4.47713,51.91167],[4.47745,51.91176],[4.47757,51.91177],[4.47943,51.91229],[4.47936,51.9123],[4.47938,51.91233],[4.47986,51.91236]]]}},{"type":"Feature","id":"01130","properties":{},"geometry":{"type":"Polygon","coordinates":[[[4.46219,51.92331],[4.46219,51.92328],[4.45496,51.92274],[4.45491,51.92304],[4.4549,51.92308],[4.45496,51.92308],[4.45479,51.92404],[4.45491,51.92405],[4.45491,51.9241],[4.45518,51.92413],[4.45533,51.92413],[4.45889,51.92458],[4.45938,51.92464],[4.46013,51.92467],[4.46012,51.92472],[4.46153,51.92478],[4.46159,51.9245],[4.46215,51.92456],[4.46287,51.92468],[4.4658,51.92528],[4.46816,51.92573],[4.46819,51.92571],[4.46842,51.92576],[4.46986,51.92605],[4.46996,51.92593],[4.47114,51.92612],[4.47122,51.92611],[4.47128,51.92606],[4.47137,51.92607],[4.47136,51.92612],[4.47195,51.92617],[4.47404,51.92612],[4.47516,51.92617],[4.47603,51.92625],[4.47637,51.92627],[4.47651,51.92601],[4.47653,51.92595],[4.47559,51.92576],[4.47558,51.92579],[4.47533,51.92574],[4.47534,51.92571],[4.46905,51.92443],[4.46869,51.92436],[4.46562,51.92372],[4.46513,51.92367],[4.46514,51.92364],[4.46292,51.92343],[4.46293,51.9234],[4.46252,51.92335],[4.46219,51.92331]]]}},{"type":"Feature","id":"01131","properties":{},"geometry":{"type":"Polygon","coordinates":[[[4.46869,51.92436],[4.46562,51.92372],[4.46513,51.92367],[4.46514,51.92364],[4.46292,51.92343],[4.46293,51.9234],[4.46252,51.92335],[4.46283,51.92241],[4.46293,51.9224],[4.46345,51.92246],[4.46607,51.92231],[4.46624,51.92232],[4.46732,51.92226],[4.4681,51.92226],[4.46937,51.9225],[4.46941,51.92242],[4.46982,51.92251],[4.4696,51.92294],[4.46942,51.9229],[4.46934,51.92305],[4.4694,51.92309],[4.46941,51.92314],[4.46897,51.92372],[4.46894,51.92381],[4.46899,51.92386],[4.46898,51.92392],[4.46887,51.92406],[4.46875,51.92407],[4.46869,51.92436]]]}},{"type":"Feature","id":"01132","properties":{},"geometry":{"type":"Polygon","coordinates":[[[4.47651,51.92601],[4.47653,51.92595],[4.47559,51.92576],[4.47558,51.92579],[4.47533,51.92574],[4.47534,51.92571],[4.46905,51.92443],[4.46869,51.92436],[4.46875,51.92407],[4.46887,51.92406],[4.46898,51.92392],[4.46899,51.92386],[4.46894,51.92381],[4.46897,51.92372],[4.46941,51.92314],[4.4694,51.92309],[4.46934,51.92305],[4.46942,51.9229],[4.4696,51.92294],[4.46982,51.92251],[4.46992,51.92232],[4.47028,51.9224],[4.47075,51.92243],[4.4713,51.92259],[4.47125,51.92269],[4.47136,51.92284],[4.47145,51.92287],[4.4735,51.92329],[4.47703,51.92401],[4.47677,51.92449],[4.47692,51.92461],[4.47711,51.92486],[4.47705,51.92485],[4.47699,51.92498],[4.47702,51.92498],[4.4769,51.92528],[4.47651,51.92601]]]}},{"type":"Feature","id":"01180","properties":{},"geometry":{"type":"Polygon","coordinates":[[[4.4744,51.90453],[4.47599,51.90292],[4.47396,51.90214],[4.47189,51.90147],[4.46928,51.9007],[4.46776,51.90035],[4.46677,51.90217],[4.46401,51.90664],[4.46298,51.90814],[4.46308,51.90817],[4.46305,51.90821],[4.46338,51.90829],[4.46341,51.90826],[4.4635,51.90829],[4.46348,51.90832],[4.46358,51.90834],[4.46356,51.90837],[4.46406,51.90848],[4.46445,51.90847],[4.46475,51.90842],[4.46502,51.90843],[4.4652,51.90847],[4.46578,51.90863],[4.46609,51.90866],[4.46638,51.90876],[4.46728,51.90869],[4.46764,51.90879],[4.46896,51.90929],[4.471,51.90988],[4.47111,51.90975],[4.47121,51.90975],[4.47146,51.90941],[4.47197,51.90955],[4.47235,51.90903],[4.47223,51.90899],[4.47225,51.90889],[4.47306,51.90767],[4.47394,51.90625],[4.474,51.90627],[4.47406,51.90619],[4.47392,51.90615],[4.47444,51.90528],[4.47458,51.90505],[4.47454,51.90504],[4.47458,51.90495],[4.4747,51.90484],[4.47492,51.90494],[4.47508,51.90486],[4.47465,51.9047],[4.47463,51.90473],[4.4744,51.90457],[4.4744,51.90453]]]}},{"type":"Feature","id":"01181","properties":{},"geometry":{"type":"Polygon","coordinates":[[[4.47393,51.91079],[4.47407,51.91062],[4.47363,51.91048],[4.47358,51.91054],[4.47347,51.9105],[4.47351,51.91045],[4.47327,51.91038],[4.47312,51.91058],[4.4722,51.91034],[4.47169,51.91017],[4.471,51.90988],[4.47111,51.90975],[4.47121,51.90975],[4.47146,51.90941],[4.47197,51.90955],[4.47235,51.90903],[4.47223,51.90899],[4.47225,51.90889],[4.47306,51.90767],[4.4777,51.90867],[4.47796,51.90877],[4.478,51.90889],[4.47854,51.90913],[4.47884,51.90919],[4.47826,51.91009],[4.4783,51.91009],[4.47794,51.91023],[4.47721,51.9113],[4.47734,51.91133],[4.47703,51.91158],[4.47702,51.91162],[4.47691,51.91159],[4.47656,51.91145],[4.47537,51.91108],[4.47535,51.9111],[4.47501,51.91109],[4.4745,51.91093],[4.47393,51.91079]]]}},{"type":"Feature","id":"01182","properties":{},"geometry":{"type":"Polygon","coordinates":[[[4.48287,51.90943],[4.48165,51.90835],[4.48035,51.90733],[4.47891,51.90639],[4.47885,51.90638],[4.47785,51.9082],[4.47864,51.90846],[4.4788,51.90842],[4.47885,51.90834],[4.47928,51.90842],[4.4791,51.90889],[4.47884,51.90919],[4.47854,51.90913],[4.478,51.90889],[4.47796,51.90877],[4.4777,51.90867],[4.47306,51.90767],[4.47394,51.90625],[4.474,51.90627],[4.47406,51.90619],[4.47392,51.90615],[4.47444,51.90528],[4.47458,51.90505],[4.47454,51.90504],[4.47458,51.90495],[4.4747,51.90484],[4.47492,51.90494],[4.47508,51.90486],[4.47465,51.9047],[4.47463,51.90473],[4.4744,51.90457],[4.4744,51.90453],[4.47599,51.90292],[4.47762,51.90363],[4.47863,51.9041],[4.47972,51.9047],[4.48218,51.90636],[4.48338,51.90731],[4.48446,51.90836],[4.48496,51.90892],[4.48551,51.90976],[4.48362,51.91051],[4.48307,51.90961],[4.48287,51.90943]]]}},{"type":"Feature","id":"01183","properties":{},"geometry":{"type":"Polygon","coordinates":[[[4.48287,51.90943],[4.48253,51.90956],[4.48227,51.90974],[4.4822,51.90992],[4.48121,51.911],[4.48065,51.9108],[4.48084,51.91059],[4.4788,51.90993],[4.47864,51.91018],[4.4783,51.91009],[4.47826,51.91009],[4.47884,51.90919],[4.4791,51.90889],[4.47928,51.90842],[4.47885,51.90834],[4.4788,51.90842],[4.47864,51.90846],[4.47785,51.9082],[4.47885,51.90638],[4.47891,51.90639],[4.48035,51.90733],[4.48165,51.90835],[4.48287,51.90943]]]}},{"type":"Feature","id":"01190","properties":{},"geometry":{"type":"Polygon","coordinates":[[[4.47443,51.91482],[4.47362,51.91593],[4.47353,51.91597],[4.47337,51.91594],[4.4733,51.91605],[4.47338,51.91607],[4.47309,51.91635],[4.47295,51.91631],[4.47293,51.91633],[4.47156,51.91585],[4.47152,51.9158],[4.47102,51.9156],[4.47104,51.91558],[4.4707,51.91542],[4.46902,51.91431],[4.46904,51.91429],[4.46873,51.91411],[4.46873,51.91407],[4.46708,51.91301],[4.46654,51.91283],[4.46673,51.91262],[4.46685,51.91263],[4.46699,51.91246],[4.46693,51.91244],[4.46719,51.91212],[4.46724,51.91209],[4.46731,51.91212],[4.46764,51.91171],[4.46824,51.91159],[4.46835,51.91175],[4.46881,51.91165],[4.46999,51.91378],[4.47004,51.91378],[4.46999,51.91379],[4.47028,51.91387],[4.4703,51.91385],[4.47051,51.9139],[4.47061,51.91404],[4.47183,51.91433],[4.47195,51.91414],[4.47202,51.91416],[4.47252,51.91429],[4.47248,51.91437],[4.47275,51.91443],[4.47279,51.91436],[4.47292,51.91439],[4.47299,51.91441],[4.47296,51.91447],[4.47319,51.91454],[4.47443,51.91482]]]}},{"type":"Feature","id":"01191","properties":{},"geometry":{"type":"Polygon","coordinates":[[[4.47202,51.91416],[4.47235,51.91362],[4.47243,51.91358],[4.47366,51.91158],[4.47357,51.91155],[4.47356,51.91151],[4.47363,51.91135],[4.47373,51.91123],[4.47413,51.91097],[4.47385,51.91088],[4.47393,51.91079],[4.4745,51.91093],[4.47501,51.91109],[4.47535,51.9111],[4.47537,51.91108],[4.47656,51.91145],[4.47691,51.91159],[4.47679,51.9118],[4.4767,51.91178],[4.47668,51.91181],[4.47653,51.91212],[4.47657,51.91213],[4.47652,51.91223],[4.47572,51.91305],[4.47526,51.91358],[4.47443,51.91482],[4.47319,51.91454],[4.47296,51.91447],[4.47299,51.91441],[4.47292,51.91439],[4.47279,51.91436],[4.47275,51.91443],[4.47248,51.91437],[4.47252,51.91429],[4.47202,51.91416]]]}},{"type":"Feature","id":"01192","properties":{},"geometry":{"type":"Polygon","coordinates":[[[4.47393,51.91079],[4.47385,51.91088],[4.47413,51.91097],[4.47373,51.91123],[4.47363,51.91135],[4.47356,51.91151],[4.47357,51.91155],[4.47366,51.91158],[4.47243,51.91358],[4.47235,51.91362],[4.47202,51.91416],[4.47195,51.91414],[4.47183,51.91433],[4.47061,51.91404],[4.47051,51.9139],[4.4703,51.91385],[4.47203,51.91106],[4.47195,51.91104],[4.47198,51.91077],[4.4721,51.9107],[4.47222,51.91039],[4.4722,51.91034],[4.47312,51.91058],[4.47327,51.91038],[4.47351,51.91045],[4.47347,51.9105],[4.47358,51.91054],[4.47363,51.91048],[4.47407,51.91062],[4.47393,51.91079]]]}},{"type":"Feature","id":"01193","properties":{},"geometry":{"type":"Polygon","coordinates":[[[4.4652,51.90847],[4.46578,51.90863],[4.46609,51.90866],[4.46638,51.90876],[4.46728,51.90869],[4.46764,51.90879],[4.46896,51.90929],[4.471,51.90988],[4.47169,51.91017],[4.4722,51.91034],[4.47222,51.91039],[4.4721,51.9107],[4.47198,51.91077],[4.47195,51.91104],[4.47203,51.91106],[4.4703,51.91385],[4.47028,51.91387],[4.46999,51.91379],[4.47004,51.91378],[4.46999,51.91378],[4.46881,51.91165],[4.46835,51.91175],[4.46824,51.91159],[4.46764,51.91171],[4.46731,51.91212],[4.46724,51.91209],[4.46719,51.91212],[4.46693,51.91244],[4.46699,51.91246],[4.46685,51.91263],[4.46673,51.91262],[4.46654,51.91283],[4.46353,51.9119],[4.46364,51.91175],[4.46327,51.91164],[4.4634,51.91144],[4.46327,51.9114],[4.46347,51.91125],[4.46357,51.91107],[4.46357,51.91091],[4.46347,51.91088],[4.46353,51.91081],[4.46351,51.91073],[4.46377,51.91024],[4.46385,51.9102],[4.4641,51.91015],[4.46419,51.91009],[4.46429,51.90994],[4.46425,51.9099],[4.4652,51.90847]]]}},{"type":"Feature","id":"01194","properties":{},"geometry":{"type":"Polygon","coordinates":[[[4.46298,51.90814],[4.46308,51.90817],[4.46305,51.90821],[4.46338,51.90829],[4.46341,51.90826],[4.4635,51.90829],[4.46348,51.90832],[4.46358,51.90834],[4.46356,51.90837],[4.46406,51.90848],[4.46445,51.90847],[4.46475,51.90842],[4.46502,51.90843],[4.4652,51.90847],[4.46425,51.9099],[4.46429,51.90994],[4.46419,51.91009],[4.4641,51.91015],[4.46385,51.9102],[4.46377,51.91024],[4.46351,51.91073],[4.46353,51.91081],[4.46347,51.91088],[4.46357,51.91091],[4.46357,51.91107],[4.46347,51.91125],[4.46327,51.9114],[4.4634,51.91144],[4.46327,51.91164],[4.4603,51.91076],[4.45998,51.91066],[4.45949,51.91043],[4.4592,51.91025],[4.45907,51.91012],[4.45898,51.91013],[4.45862,51.90987],[4.45785,51.90963],[4.4576,51.90955],[4.45821,51.90868],[4.4583,51.90855],[4.45956,51.9089],[4.46081,51.90905],[4.46244,51.90888],[4.46298,51.90814]]]}},{"type":"Feature","id":"03200","properties":{},"geometry":{"type":"Polygon","coordinates":[[[4.45023,51.90777],[4.45021,51.90773],[4.4503,51.9077],[4.45032,51.90765],[4.4505,51.90763],[4.45049,51.9076],[4.45058,51.90759],[4.45056,51.90754],[4.45089,51.9075],[4.45095,51.90745],[4.45119,51.90741],[4.45118,51.90738],[4.45098,51.9073],[4.45104,51.90722],[4.45223,51.90584],[4.4523,51.90584],[4.45331,51.9048],[4.45352,51.90464],[4.45401,51.90364],[4.45229,51.90336],[4.4516,51.90331],[4.45094,51.90332],[4.45021,51.90338],[4.44933,51.90352],[4.44862,51.90366],[4.44758,51.90393],[4.4478,51.90424],[4.44758,51.90431],[4.44765,51.90439],[4.44652,51.90479],[4.44663,51.90507],[4.44775,51.90491],[4.44794,51.90675],[4.44816,51.90878],[4.44817,51.90895],[4.44806,51.90918],[4.44827,51.90955],[4.44818,51.90965],[4.44858,51.90956],[4.44859,51.90958],[4.44873,51.90952],[4.44883,51.90952],[4.44887,51.90956],[4.44904,51.9095],[4.44955,51.90956],[4.44961,51.90954],[4.45041,51.90864],[4.45024,51.90815],[4.45029,51.90814],[4.45008,51.90788],[4.45023,51.90777]]]}},{"type":"Feature","id":"03201","properties":{},"geometry":{"type":"Polygon","coordinates":[[[4.45568,51.90852],[4.45101,51.90915],[4.45003,51.90956],[4.4499,51.90967],[4.44983,51.90964],[4.44979,51.90968],[4.44962,51.90961],[4.44966,51.90957],[4.44961,51.90954],[4.45041,51.90864],[4.45024,51.90815],[4.45029,51.90814],[4.45008,51.90788],[4.45023,51.90777],[4.45021,51.90773],[4.4503,51.9077],[4.45032,51.90765],[4.4505,51.90763],[4.45049,51.9076],[4.45058,51.90759],[4.45056,51.90754],[4.45089,51.9075],[4.45095,51.90745],[4.45119,51.90741],[4.45118,51.90738],[4.45557,51.90679],[4.45697,51.9066],[4.45772,51.90647],[4.45788,51.90649],[4.45925,51.90686],[4.45841,51.90804],[4.45849,51.90806],[4.45835,51.90825],[4.45828,51.90828],[4.45827,51.90837],[4.45806,51.90864],[4.45794,51.90862],[4.45772,51.90892],[4.4562,51.90851],[4.45599,51.90849],[4.45568,51.90852]]]}},{"type":"Feature","id":"03202","properties":{},"geometry":{"type":"Polygon","coordinates":[[[4.45557,51.90679],[4.45118,51.90738],[4.45098,51.9073],[4.45104,51.90722],[4.45223,51.90584],[4.4523,51.90584],[4.45331,51.9048],[4.45352,51.90464],[4.45401,51.90364],[4.45579,51.90396],[4.45689,51.90423],[4.45678,51.9044],[4.45673,51.90459],[4.45637,51.90518],[4.45619,51.90536],[4.45546,51.90654],[4.45557,51.90679]]]}},{"type":"Feature","id":"03203","properties":{},"geometry":{"type":"Polygon","coordinates":[[[4.45925,51.90686],[4.45788,51.90649],[4.45772,51.90647],[4.45697,51.9066],[4.45557,51.90679],[4.45546,51.90654],[4.45619,51.90536],[4.45637,51.90518],[4.45673,51.90459],[4.45678,51.9044],[4.45689,51.90423],[4.45959,51.905],[4.46024,51.90523],[4.46032,51.90526],[4.46013,51.90553],[4.45999,51.90561],[4.46008,51.90567],[4.45993,51.90589],[4.45986,51.90589],[4.45936,51.90657],[4.45943,51.90661],[4.45925,51.90686]]]}},{"type":"Feature","id":"03204","properties":{},"geometry":{"type":"Polygon","coordinates":[[[4.46032,51.90526],[4.46051,51.90537],[4.46335,51.90642],[4.4637,51.90659],[4.46389,51.90665],[4.46391,51.90662],[4.46401,51.90664],[4.46298,51.90814],[4.46244,51.90888],[4.46081,51.90905],[4.45956,51.9089],[4.4583,51.90855],[4.45821,51.90868],[4.45806,51.90864],[4.45827,51.90837],[4.45828,51.90828],[4.45835,51.90825],[4.45849,51.90806],[4.45841,51.90804],[4.45925,51.90686],[4.45943,51.90661],[4.45936,51.90657],[4.45986,51.90589],[4.45993,51.90589],[4.46008,51.90567],[4.45999,51.90561],[4.46013,51.90553],[4.46032,51.90526]]]}},{"type":"Feature","id":"03210","properties":{},"geometry":{"type":"Polygon","coordinates":[[[4.44017,51.91094],[4.43925,51.91122],[4.43923,51.9112],[4.43882,51.91132],[4.43884,51.91135],[4.43792,51.91162],[4.4379,51.9116],[4.43749,51.91172],[4.43751,51.91175],[4.43659,51.91202],[4.43653,51.91194],[4.43649,51.91195],[4.4365,51.91198],[4.43639,51.91202],[4.43633,51.91199],[4.43547,51.91225],[4.43545,51.91222],[4.435,51.91234],[4.43476,51.91196],[4.43471,51.91196],[4.43467,51.91193],[4.4347,51.91191],[4.43452,51.9118],[4.43892,51.90892],[4.43898,51.90896],[4.4391,51.90896],[4.43984,51.91056],[4.43999,51.9108],[4.44004,51.91078],[4.44017,51.91094]]]}},{"type":"Feature","id":"03211","properties":{},"geometry":{"type":"Polygon","coordinates":[[[4.44146,51.90725],[4.43892,51.90892],[4.43898,51.90896],[4.4391,51.90896],[4.43984,51.91056],[4.43999,51.9108],[4.44004,51.91078],[4.44017,51.91094],[4.44094,51.91074],[4.44454,51.91001],[4.4455,51.90988],[4.44575,51.90985],[4.44573,51.90951],[4.44519,51.90944],[4.44516,51.90934],[4.44492,51.90935],[4.44492,51.9094],[4.44473,51.90937],[4.44316,51.90835],[4.44146,51.90725]]]}},{"type":"Feature","id":"03212","properties":{},"geometry":{"type":"Polygon","coordinates":[[[4.44573,51.90951],[4.44519,51.90944],[4.44516,51.90934],[4.44492,51.90935],[4.44492,51.9094],[4.44473,51.90937],[4.44316,51.90835],[4.44146,51.90725],[4.44272,51.90643],[4.44413,51.90562],[4.44459,51.90576],[4.44517,51.90581],[4.44539,51.90632],[4.44547,51.90683],[4.44573,51.90951]]]}},{"type":"Feature","id":"03213","properties":{},"geometry":{"type":"Polygon","coordinates":[[[4.44775,51.90491],[4.44663,51.90507],[4.44652,51.90479],[4.44765,51.90439],[4.44758,51.90431],[4.4478,51.90424],[4.44758,51.90393],[4.4475,51.90395],[4.44512,51.90455],[4.44516,51.9048],[4.4448,51.90484],[4.44481,51.90489],[4.44455,51.90509],[4.44453,51.90536],[4.44453,51.90547],[4.44432,51.90559],[4.44421,51.90559],[4.44413,51.90562],[4.44459,51.90576],[4.44517,51.90581],[4.44539,51.90632],[4.44547,51.90683],[4.44573,51.90951],[4.44575,51.90985],[4.44818,51.90965],[4.44827,51.90955],[4.44806,51.90918],[4.44817,51.90895],[4.44816,51.90878],[4.44794,51.90675],[4.44775,51.90491]]]}},{"type":"Feature","id":"03214","properties":{},"geometry":{"type":"Polygon","coordinates":[[[4.44455,51.90509],[4.44481,51.90489],[4.4448,51.90484],[4.44288,51.90514],[4.44263,51.90525],[4.44174,51.90583],[4.44129,51.90556],[4.44094,51.9058],[4.44084,51.90578],[4.44065,51.90597],[4.43663,51.9086],[4.4366,51.90858],[4.43596,51.90899],[4.43599,51.90902],[4.43402,51.91033],[4.43395,51.91035],[4.43378,51.91031],[4.43356,51.9105],[4.4334,51.91079],[4.43355,51.91082],[4.43343,51.91104],[4.43294,51.91186],[4.43279,51.91191],[4.43261,51.91223],[4.43245,51.91235],[4.43215,51.91247],[4.43179,51.91253],[4.43039,51.91243],[4.43032,51.91296],[4.43026,51.91303],[4.43035,51.91301],[4.43033,51.91309],[4.43047,51.91307],[4.43055,51.913],[4.43155,51.91292],[4.43258,51.91271],[4.43298,51.91273],[4.43304,51.91268],[4.43415,51.91191],[4.43452,51.9118],[4.43892,51.90892],[4.44146,51.90725],[4.44272,51.90643],[4.44413,51.90562],[4.44421,51.90559],[4.44432,51.90559],[4.44453,51.90547],[4.44453,51.90536],[4.44455,51.90509]]]}},{"type":"Feature","id":"03220","properties":{},"geometry":{"type":"Polygon","coordinates":[[[4.44292,51.91588],[4.44279,51.916],[4.43735,51.91418],[4.4375,51.91401],[4.43747,51.91397],[4.44093,51.91305],[4.44224,51.91491],[4.44292,51.91588]]]}},{"type":"Feature","id":"03221","properties":{},"geometry":{"type":"Polygon","coordinates":[[[4.44017,51.91094],[4.44018,51.91104],[4.44033,51.91129],[4.44029,51.9113],[4.44034,51.91143],[4.44048,51.91141],[4.44074,51.91186],[4.4406,51.91191],[4.44064,51.91201],[4.44033,51.91212],[4.44035,51.91222],[4.44093,51.91305],[4.43747,51.91397],[4.4375,51.91401],[4.43735,51.91418],[4.437,51.91395],[4.43679,51.91385],[4.43531,51.9131],[4.43534,51.91307],[4.43533,51.91283],[4.43505,51.91258],[4.435,51.91234],[4.43545,51.91222],[4.43547,51.91225],[4.43633,51.91199],[4.43639,51.91202],[4.4365,51.91198],[4.43649,51.91195],[4.43653,51.91194],[4.43659,51.91202],[4.43751,51.91175],[4.43749,51.91172],[4.4379,51.9116],[4.43792,51.91162],[4.43884,51.91135],[4.43882,51.91132],[4.43923,51.9112],[4.43925,51.91122],[4.44017,51.91094]]]}},{"type":"Feature","id":"03222","properties":{},"geometry":{"type":"Polygon","coordinates":[[[4.44284,51.91257],[4.44093,51.91305],[4.44224,51.91491],[4.44292,51.91588],[4.44326,51.91593],[4.44339,51.91616],[4.44346,51.91614],[4.44351,51.91624],[4.44436,51.91652],[4.44487,51.9159],[4.44648,51.91352],[4.44731,51.91245],[4.44692,51.91219],[4.44668,51.91211],[4.44658,51.91223],[4.44641,51.91218],[4.44631,51.91225],[4.44616,51.91216],[4.44607,51.91222],[4.44582,51.91214],[4.44535,51.91221],[4.44502,51.91221],[4.445,51.91217],[4.4449,51.91219],[4.44284,51.91257]]]}},{"type":"Feature","id":"03223","properties":{},"geometry":{"type":"Polygon","coordinates":[[[4.44631,51.91225],[4.44641,51.91218],[4.44658,51.91223],[4.44668,51.91211],[4.44692,51.91219],[4.44731,51.91245],[4.44814,51.91145],[4.44964,51.9099],[4.44967,51.90988],[4.4496,51.90985],[4.44979,51.90968],[4.44962,51.90961],[4.44966,51.90957],[4.44961,51.90954],[4.44955,51.90956],[4.44904,51.9095],[4.44887,51.90956],[4.44883,51.90952],[4.44873,51.90952],[4.44859,51.90958],[4.44858,51.90956],[4.44818,51.90965],[4.44575,51.90985],[4.4455,51.90988],[4.44454,51.91001],[4.44094,51.91074],[4.44017,51.91094],[4.44018,51.91104],[4.44033,51.91129],[4.44029,51.9113],[4.44034,51.91143],[4.44048,51.91141],[4.44074,51.91186],[4.4406,51.91191],[4.44064,51.91201],[4.44033,51.91212],[4.44035,51.91222],[4.44093,51.91305],[4.44284,51.91257],[4.4449,51.91219],[4.445,51.91217],[4.44502,51.91221],[4.44535,51.91221],[4.44582,51.91214],[4.44607,51.91222],[4.44616,51.91216],[4.44631,51.91225]]]}},{"type":"Feature","id":"03230","properties":{},"geometry":{"type":"Polygon","coordinates":[[[4.43594,51.91764],[4.43589,51.91765],[4.43581,51.91753],[4.43595,51.91749],[4.43585,51.91733],[4.43576,51.91729],[4.43564,51.91732],[4.43551,51.91728],[4.4355,51.91723],[4.43541,51.91721],[4.43513,51.91723],[4.43514,51.91729],[4.43221,51.9175],[4.43091,51.9176],[4.43092,51.91774],[4.43003,51.91782],[4.43041,51.91853],[4.43086,51.91904],[4.43158,51.91963],[4.43163,51.91967],[4.43161,51.91973],[4.43203,51.91993],[4.43259,51.92023],[4.43316,51.92046],[4.43461,51.92084],[4.43649,51.92128],[4.43645,51.92139],[4.43653,51.9214],[4.43639,51.92165],[4.43653,51.92167],[4.43651,51.92194],[4.43718,51.922],[4.43724,51.92197],[4.43727,51.92201],[4.43725,51.92203],[4.43741,51.92205],[4.43745,51.92202],[4.43753,51.92206],[4.4379,51.92177],[4.43782,51.92173],[4.43815,51.92146],[4.43821,51.92149],[4.4383,51.92144],[4.43896,51.92092],[4.43839,51.92062],[4.4378,51.92059],[4.43783,51.92057],[4.4376,51.92021],[4.43749,51.92012],[4.43691,51.91922],[4.43594,51.91764]]]}},{"type":"Feature","id":"03231","properties":{},"geometry":{"type":"Polygon","coordinates":[[[4.43327,51.9147],[4.43317,51.91456],[4.43132,51.91408],[4.43112,51.91435],[4.43113,51.9144],[4.43014,51.91577],[4.43,51.91604],[4.42985,51.91684],[4.42997,51.91768],[4.43003,51.91782],[4.43092,51.91774],[4.43091,51.9176],[4.43221,51.9175],[4.43514,51.91729],[4.43513,51.91723],[4.43541,51.91721],[4.43534,51.91668],[4.43548,51.91636],[4.43443,51.9155],[4.43365,51.91475],[4.4335,51.91476],[4.43327,51.9147]]]}},{"type":"Feature","id":"03232","properties":{},"geometry":{"type":"Polygon","coordinates":[[[4.437,51.91682],[4.43675,51.91701],[4.43585,51.91733],[4.43595,51.91749],[4.43581,51.91753],[4.43589,51.91765],[4.43594,51.91764],[4.43691,51.91922],[4.43749,51.92012],[4.4376,51.92021],[4.43783,51.92057],[4.4378,51.92059],[4.43839,51.92062],[4.43896,51.92092],[4.44049,51.92042],[4.44298,51.9185],[4.44352,51.91809],[4.44378,51.91721],[4.44416,51.91676],[4.44331,51.91648],[4.44324,51.91657],[4.4433,51.91659],[4.44291,51.91689],[4.44257,51.91672],[4.44253,51.91675],[4.44249,51.91673],[4.44125,51.91697],[4.44122,51.91691],[4.44045,51.91694],[4.44046,51.91699],[4.44043,51.91699],[4.437,51.91682]]]}},{"type":"Feature","id":"03233","properties":{},"geometry":{"type":"Polygon","coordinates":[[[4.43531,51.9131],[4.43534,51.91307],[4.43533,51.91283],[4.43505,51.91258],[4.435,51.91234],[4.43476,51.91196],[4.43471,51.91196],[4.43467,51.91193],[4.4347,51.91191],[4.43452,51.9118],[4.43415,51.91191],[4.43304,51.91268],[4.43298,51.91273],[4.43258,51.91271],[4.43155,51.91292],[4.43055,51.913],[4.43047,51.91307],[4.43033,51.91309],[4.43022,51.91343],[4.43017,51.91345],[4.43019,51.91349],[4.43039,51.91347],[4.43037,51.91353],[4.43086,51.91349],[4.43077,51.91374],[4.43062,51.91395],[4.43073,51.91398],[4.43123,51.91384],[4.4315,51.91381],[4.43155,51.914],[4.43141,51.91402],[4.43132,51.91408],[4.43317,51.91456],[4.43327,51.9147],[4.4335,51.91476],[4.43365,51.91475],[4.43443,51.9155],[4.43548,51.91636],[4.43534,51.91668],[4.43541,51.91721],[4.4355,51.91723],[4.43551,51.91728],[4.43564,51.91732],[4.43576,51.91729],[4.43585,51.91733],[4.43675,51.91701],[4.437,51.91682],[4.44043,51.91699],[4.44046,51.91699],[4.44045,51.91694],[4.44122,51.91691],[4.44125,51.91697],[4.44249,51.91673],[4.44253,51.91675],[4.44257,51.91672],[4.44291,51.91689],[4.4433,51.91659],[4.44324,51.91657],[4.44331,51.91648],[4.44416,51.91676],[4.44436,51.91652],[4.44351,51.91624],[4.44346,51.91614],[4.44339,51.91616],[4.44326,51.91593],[4.44292,51.91588],[4.44279,51.916],[4.43735,51.91418],[4.437,51.91395],[4.43679,51.91385],[4.43531,51.9131]]]}},{"type":"Feature","id":"03240","properties":{},"geometry":{"type":"Polygon","coordinates":[[[4.44879,51.91995],[4.44795,51.91987],[4.4477,51.91991],[4.44356,51.92023],[4.4426,51.92031],[4.44251,51.92066],[4.4424,51.92065],[4.44239,51.92068],[4.44244,51.92069],[4.44237,51.9208],[4.44249,51.9208],[4.44247,51.92087],[4.44229,51.92088],[4.44217,51.92092],[4.44202,51.92135],[4.44158,51.92167],[4.44161,51.92171],[4.44141,51.92176],[4.44129,51.92233],[4.44588,51.92271],[4.4459,51.92265],[4.4481,51.92283],[4.451,51.92302],[4.45374,51.92308],[4.45374,51.92303],[4.45491,51.92304],[4.45496,51.92274],[4.45476,51.92273],[4.45477,51.9223],[4.45433,51.92227],[4.45444,51.92178],[4.4546,51.92134],[4.45396,51.92115],[4.45377,51.92113],[4.45378,51.92108],[4.45291,51.92091],[4.45109,51.92053],[4.44947,51.92015],[4.449,51.92003],[4.44879,51.91995]]]}},{"type":"Feature","id":"03241","properties":{},"geometry":{"type":"Polygon","coordinates":[[[4.4477,51.91991],[4.44765,51.91966],[4.44771,51.91938],[4.44684,51.91896],[4.4461,51.91849],[4.44555,51.91804],[4.44559,51.91803],[4.44539,51.91792],[4.44514,51.91756],[4.44506,51.91758],[4.44476,51.91723],[4.44451,51.91715],[4.44467,51.91694],[4.44459,51.91693],[4.44461,51.9169],[4.44416,51.91676],[4.44378,51.91721],[4.44352,51.91809],[4.44298,51.9185],[4.44049,51.92042],[4.43896,51.92092],[4.4383,51.92144],[4.43821,51.92149],[4.43815,51.92146],[4.43782,51.92173],[4.4379,51.92177],[4.43753,51.92206],[4.44129,51.92237],[4.44129,51.92233],[4.44141,51.92176],[4.44161,51.92171],[4.44158,51.92167],[4.44202,51.92135],[4.44217,51.92092],[4.44229,51.92088],[4.44247,51.92087],[4.44249,51.9208],[4.44237,51.9208],[4.44244,51.92069],[4.44239,51.92068],[4.4424,51.92065],[4.44251,51.92066],[4.4426,51.92031],[4.44356,51.92023],[4.4477,51.91991]]]}},{"type":"Feature","id":"03242","properties":{},"geometry":{"type":"Polygon","coordinates":[[[4.45015,51.91928],[4.45108,51.91896],[4.45182,51.91865],[4.45284,51.91816],[4.45425,51.91748],[4.45388,51.91735],[4.45388,51.91729],[4.45267,51.91693],[4.45167,51.91672],[4.45044,51.91661],[4.44859,51.91666],[4.44643,51.91673],[4.44641,51.91668],[4.44666,51.91643],[4.4462,51.91625],[4.44585,51.91652],[4.44533,51.91655],[4.44508,51.91647],[4.4449,51.91667],[4.44483,51.91663],[4.44481,51.91666],[4.44436,51.91652],[4.44416,51.91676],[4.44461,51.9169],[4.44459,51.91693],[4.44467,51.91694],[4.44451,51.91715],[4.44476,51.91723],[4.44506,51.91758],[4.44514,51.91756],[4.44539,51.91792],[4.44559,51.91803],[4.44555,51.91804],[4.4461,51.91849],[4.44684,51.91896],[4.44771,51.91938],[4.44765,51.91966],[4.4477,51.91991],[4.44795,51.91987],[4.44879,51.91995],[4.449,51.92003],[4.44917,51.9198],[4.44925,51.91953],[4.45015,51.91928]]]}},{"type":"Feature","id":"03243","properties":{},"geometry":{"type":"Polygon","coordinates":[[[4.45378,51.92108],[4.45377,51.92113],[4.45396,51.92115],[4.4546,51.92134],[4.45461,51.92132],[4.45478,51.92144],[4.45492,51.92148],[4.4553,51.92144],[4.45534,51.92142],[4.45634,51.92153],[4.45635,51.92151],[4.45649,51.9215],[4.45682,51.92155],[4.45694,51.92131],[4.45685,51.9213],[4.45661,51.92111],[4.4565,51.92117],[4.45643,51.92114],[4.45622,51.92097],[4.4562,51.92092],[4.45631,51.92087],[4.45607,51.92068],[4.45602,51.92042],[4.45594,51.91865],[4.45643,51.9185],[4.4561,51.91821],[4.45591,51.91773],[4.45603,51.91766],[4.45572,51.91762],[4.45546,51.91761],[4.45541,51.91757],[4.45508,51.91752],[4.45425,51.91748],[4.45284,51.91816],[4.45182,51.91865],[4.45108,51.91896],[4.45015,51.91928],[4.44925,51.91953],[4.44917,51.9198],[4.449,51.92003],[4.44947,51.92015],[4.45109,51.92053],[4.45291,51.92091],[4.45378,51.92108]]]}},{"type":"Feature","id":"03244","properties":{},"geometry":{"type":"Polygon","coordinates":[[[4.44731,51.91245],[4.44764,51.91254],[4.45008,51.91363],[4.45034,51.91375],[4.45057,51.91398],[4.45071,51.91403],[4.44971,51.91443],[4.4489,51.91492],[4.4488,51.91488],[4.44694,51.91615],[4.44702,51.91619],[4.44666,51.91643],[4.4462,51.91625],[4.44585,51.91652],[4.44533,51.91655],[4.44508,51.91647],[4.4449,51.91667],[4.44483,51.91663],[4.44481,51.91666],[4.44436,51.91652],[4.44487,51.9159],[4.44648,51.91352],[4.44731,51.91245]]]}},{"type":"Feature","id":"03245","properties":{},"geometry":{"type":"Polygon","coordinates":[[[4.45179,51.91377],[4.45255,51.91414],[4.45325,51.9144],[4.4522,51.91651],[4.45171,51.91645],[4.45161,51.91659],[4.45167,51.91672],[4.45044,51.91661],[4.44859,51.91666],[4.44643,51.91673],[4.44641,51.91668],[4.44666,51.91643],[4.44702,51.91619],[4.44694,51.91615],[4.4488,51.91488],[4.4489,51.91492],[4.44971,51.91443],[4.45071,51.91403],[4.45179,51.91377]]]}},{"type":"Feature","id":"03246","properties":{},"geometry":{"type":"Polygon","coordinates":[[[4.45179,51.91377],[4.45238,51.91371],[4.45321,51.91371],[4.4546,51.91388],[4.45467,51.91383],[4.45503,51.91387],[4.45534,51.91386],[4.45533,51.91389],[4.45577,51.91394],[4.45581,51.91406],[4.45606,51.91408],[4.45595,51.91479],[4.45581,51.91733],[4.45574,51.91743],[4.45572,51.91762],[4.45546,51.91761],[4.45541,51.91757],[4.45508,51.91752],[4.45425,51.91748],[4.45388,51.91735],[4.45388,51.91729],[4.45267,51.91693],[4.45167,51.91672],[4.45161,51.91659],[4.45171,51.91645],[4.4522,51.91651],[4.45325,51.9144],[4.45255,51.91414],[4.45179,51.91377]]]}},{"type":"Feature","id":"03247","properties":{},"geometry":{"type":"Polygon","coordinates":[[[4.45171,51.91094],[4.45008,51.91363],[4.44764,51.91254],[4.44731,51.91245],[4.44814,51.91145],[4.44964,51.9099],[4.44999,51.91002],[4.45006,51.91001],[4.45171,51.91094]]]}},{"type":"Feature","id":"03248","properties":{},"geometry":{"type":"Polygon","coordinates":[[[4.45386,51.91206],[4.45383,51.91211],[4.45409,51.91219],[4.45553,51.91249],[4.45561,51.91246],[4.45644,51.91262],[4.45628,51.91306],[4.45606,51.91408],[4.45581,51.91406],[4.45577,51.91394],[4.45533,51.91389],[4.45534,51.91386],[4.45503,51.91387],[4.45467,51.91383],[4.4546,51.91388],[4.45321,51.91371],[4.45238,51.91371],[4.45179,51.91377],[4.45071,51.91403],[4.45057,51.91398],[4.45034,51.91375],[4.45008,51.91363],[4.45171,51.91094],[4.45313,51.91175],[4.45386,51.91206]]]}},{"type":"Feature","id":"03249","properties":{},"geometry":{"type":"Polygon","coordinates":[[[4.45101,51.90915],[4.45003,51.90956],[4.4499,51.90967],[4.44983,51.90964],[4.44979,51.90968],[4.4496,51.90985],[4.44967,51.90988],[4.44964,51.9099],[4.44999,51.91002],[4.45006,51.91001],[4.45171,51.91094],[4.45313,51.91175],[4.45386,51.91206],[4.45383,51.91211],[4.45409,51.91219],[4.45553,51.91249],[4.45561,51.91246],[4.45644,51.91262],[4.45707,51.91124],[4.45776,51.90996],[4.45768,51.90994],[4.45772,51.9098],[4.4578,51.90976],[4.45785,51.90963],[4.4576,51.90955],[4.45821,51.90868],[4.45806,51.90864],[4.45794,51.90862],[4.45772,51.90892],[4.4562,51.90851],[4.45599,51.90849],[4.45568,51.90852],[4.45101,51.90915]]]}},{"type":"Feature","id":"03250","properties":{},"geometry":{"type":"Polygon","coordinates":[[[4.45974,51.92199],[4.46143,51.92228],[4.46191,51.92243],[4.46219,51.9226],[4.46216,51.92284],[4.46221,51.92287],[4.46224,51.92286],[4.46231,51.92293],[4.46219,51.92328],[4.45496,51.92274],[4.45476,51.92273],[4.45477,51.9223],[4.45433,51.92227],[4.45444,51.92178],[4.4546,51.92134],[4.45461,51.92132],[4.45478,51.92144],[4.45492,51.92148],[4.4553,51.92144],[4.45534,51.92142],[4.45634,51.92153],[4.45635,51.92151],[4.45649,51.9215],[4.45682,51.92155],[4.45885,51.92185],[4.4589,51.92188],[4.45974,51.92199]]]}},{"type":"Feature","id":"03251","properties":{},"geometry":{"type":"Polygon","coordinates":[[[4.45682,51.92155],[4.45694,51.92131],[4.45685,51.9213],[4.45661,51.92111],[4.4565,51.92117],[4.45643,51.92114],[4.45622,51.92097],[4.4562,51.92092],[4.45631,51.92087],[4.45607,51.92068],[4.45602,51.92042],[4.45594,51.91865],[4.45643,51.9185],[4.45998,51.92129],[4.45974,51.92152],[4.4597,51.92172],[4.4598,51.92181],[4.45974,51.92199],[4.4589,51.92188],[4.45885,51.92185],[4.45682,51.92155]]]}},{"type":"Feature","id":"03252","properties":{},"geometry":{"type":"Polygon","coordinates":[[[4.45919,51.91843],[4.45743,51.91796],[4.45603,51.91766],[4.45591,51.91773],[4.4561,51.91821],[4.45643,51.9185],[4.45998,51.92129],[4.45974,51.92152],[4.4597,51.92172],[4.4598,51.92181],[4.45974,51.92199],[4.46143,51.92228],[4.46191,51.92243],[4.46219,51.9226],[4.46216,51.92284],[4.46221,51.92287],[4.46224,51.92286],[4.46231,51.92293],[4.46219,51.92328],[4.46219,51.92331],[4.46252,51.92335],[4.46283,51.92241],[4.46312,51.92143],[4.46325,51.92074],[4.46332,51.91993],[4.46327,51.91916],[4.46066,51.91876],[4.45919,51.91843]]]}},{"type":"Feature","id":"03253","properties":{},"geometry":{"type":"Polygon","coordinates":[[[4.45988,51.91458],[4.45962,51.91575],[4.45955,51.91637],[4.4595,51.91724],[4.45956,51.91823],[4.45951,51.91831],[4.45929,51.91826],[4.45919,51.91843],[4.45743,51.91796],[4.45603,51.91766],[4.45572,51.91762],[4.45574,51.91743],[4.45581,51.91733],[4.45595,51.91479],[4.45606,51.91408],[4.45988,51.91458]]]}},{"type":"Feature","id":"03254","properties":{},"geometry":{"type":"Polygon","coordinates":[[[4.46323,51.91503],[4.46287,51.91594],[4.46278,51.91665],[4.46285,51.9172],[4.46327,51.91916],[4.46066,51.91876],[4.45919,51.91843],[4.45929,51.91826],[4.45951,51.91831],[4.45956,51.91823],[4.4595,51.91724],[4.45955,51.91637],[4.45962,51.91575],[4.45988,51.91458],[4.46323,51.91503]]]}},{"type":"Feature","id":"03255","properties":{},"geometry":{"type":"Polygon","coordinates":[[[4.45644,51.91262],[4.46018,51.91329],[4.46365,51.91388],[4.4635,51.9144],[4.46323,51.91503],[4.45988,51.91458],[4.45606,51.91408],[4.45628,51.91306],[4.45644,51.91262]]]}},{"type":"Feature","id":"03256","properties":{},"geometry":{"type":"Polygon","coordinates":[[[4.46353,51.9119],[4.4635,51.91223],[4.4637,51.91285],[4.46374,51.91315],[4.46365,51.91388],[4.46018,51.91329],[4.46044,51.91191],[4.46032,51.91122],[4.4603,51.91076],[4.46327,51.91164],[4.46364,51.91175],[4.46353,51.9119]]]}},{"type":"Feature","id":"03257","properties":{},"geometry":{"type":"Polygon","coordinates":[[[4.4603,51.91076],[4.46032,51.91122],[4.46044,51.91191],[4.46018,51.91329],[4.45644,51.91262],[4.45707,51.91124],[4.45776,51.90996],[4.45768,51.90994],[4.45772,51.9098],[4.4578,51.90976],[4.45785,51.90963],[4.45862,51.90987],[4.45898,51.91013],[4.45907,51.91012],[4.4592,51.91025],[4.45949,51.91043],[4.45998,51.91066],[4.4603,51.91076]]]}},{"type":"Feature","id":"03270","properties":{},"geometry":{"type":"Polygon","coordinates":[[[4.42272,51.91912],[4.42239,51.92026],[4.42255,51.92027],[4.42266,51.92031],[4.42221,51.92074],[4.41871,51.92047],[4.41706,51.92042],[4.41708,51.91996],[4.41683,51.91914],[4.41848,51.91898],[4.41916,51.91898],[4.42056,51.91904],[4.42073,51.91901],[4.42182,51.91909],[4.42272,51.91912]]]}},{"type":"Feature","id":"03271","properties":{},"geometry":{"type":"Polygon","coordinates":[[[4.42437,51.91706],[4.42448,51.91753],[4.42452,51.91753],[4.42427,51.91792],[4.42397,51.91794],[4.42403,51.9182],[4.42387,51.91838],[4.42391,51.91846],[4.42351,51.91907],[4.42283,51.91898],[4.42282,51.91904],[4.42273,51.91908],[4.42272,51.91912],[4.42182,51.91909],[4.42073,51.91901],[4.42056,51.91904],[4.41916,51.91898],[4.41848,51.91898],[4.41683,51.91914],[4.41634,51.91756],[4.42098,51.91715],[4.42433,51.91686],[4.42439,51.91694],[4.42435,51.917],[4.42437,51.91706]]]}},{"type":"Feature","id":"03272","properties":{},"geometry":{"type":"Polygon","coordinates":[[[4.42098,51.91715],[4.41634,51.91756],[4.41584,51.91592],[4.4157,51.91594],[4.41569,51.91592],[4.4164,51.91588],[4.42038,51.91553],[4.42037,51.9157],[4.42062,51.91677],[4.42091,51.91675],[4.42098,51.91715]]]}},{"type":"Feature","id":"03273","properties":{},"geometry":{"type":"Polygon","coordinates":[[[4.42872,51.91385],[4.42892,51.9139],[4.42902,51.91401],[4.42977,51.91378],[4.42992,51.91378],[4.42987,51.91357],[4.43037,51.91353],[4.43039,51.91347],[4.43019,51.91349],[4.43017,51.91345],[4.43022,51.91343],[4.43033,51.91309],[4.43035,51.91301],[4.43026,51.91303],[4.42661,51.91317],[4.42649,51.91321],[4.42405,51.91336],[4.41506,51.91392],[4.41351,51.91395],[4.4136,51.91459],[4.41525,51.91448],[4.41569,51.91592],[4.4164,51.91588],[4.42038,51.91553],[4.42104,51.91516],[4.42222,51.91442],[4.42221,51.91435],[4.42235,51.91432],[4.42232,51.91418],[4.42361,51.9141],[4.42382,51.91412],[4.42414,51.91409],[4.4242,51.91416],[4.42432,51.91413],[4.42872,51.91385]]]}},{"type":"Feature","id":"03274","properties":{},"geometry":{"type":"Polygon","coordinates":[[[4.4242,51.91416],[4.42472,51.91481],[4.42468,51.91486],[4.4248,51.91494],[4.42582,51.9162],[4.42586,51.91625],[4.42571,51.91638],[4.42525,51.91666],[4.42488,51.91678],[4.42433,51.91686],[4.42098,51.91715],[4.42091,51.91675],[4.42062,51.91677],[4.42037,51.9157],[4.42038,51.91553],[4.42104,51.91516],[4.42222,51.91442],[4.42221,51.91435],[4.42235,51.91432],[4.42232,51.91418],[4.42361,51.9141],[4.42382,51.91412],[4.42414,51.91409],[4.4242,51.91416]]]}},{"type":"Feature","id":"03275","properties":{},"geometry":{"type":"Polygon","coordinates":[[[4.42985,51.91684],[4.43,51.91604],[4.43014,51.91577],[4.43113,51.9144],[4.43112,51.91435],[4.43132,51.91408],[4.43141,51.91402],[4.43155,51.914],[4.4315,51.91381],[4.43123,51.91384],[4.43073,51.91398],[4.43062,51.91395],[4.43077,51.91374],[4.43086,51.91349],[4.43037,51.91353],[4.42987,51.91357],[4.42992,51.91378],[4.42977,51.91378],[4.42902,51.91401],[4.42895,51.91414],[4.42582,51.9162],[4.42586,51.91625],[4.42571,51.91638],[4.42525,51.91666],[4.42488,51.91678],[4.42433,51.91686],[4.42439,51.91694],[4.42435,51.917],[4.42437,51.91706],[4.42448,51.91753],[4.42452,51.91753],[4.42427,51.91792],[4.42397,51.91794],[4.42403,51.9182],[4.42387,51.91838],[4.42391,51.91846],[4.42351,51.91907],[4.42283,51.91898],[4.42282,51.91904],[4.42273,51.91908],[4.42272,51.91912],[4.42239,51.92026],[4.42255,51.92027],[4.42266,51.92031],[4.42221,51.92074],[4.42215,51.9208],[4.4227,51.92085],[4.42287,51.92086],[4.4229,51.92083],[4.42663,51.92113],[4.42789,51.92119],[4.42853,51.92125],[4.42859,51.92129],[4.43651,51.92194],[4.43653,51.92167],[4.43639,51.92165],[4.43653,51.9214],[4.43645,51.92139],[4.43649,51.92128],[4.43461,51.92084],[4.43316,51.92046],[4.43259,51.92023],[4.43203,51.91993],[4.43161,51.91973],[4.43163,51.91967],[4.43158,51.91963],[4.43086,51.91904],[4.43041,51.91853],[4.43003,51.91782],[4.42997,51.91768],[4.42985,51.91684]]]}},{"type":"Feature","id":"03280","properties":{},"geometry":{"type":"Polygon","coordinates":[[[4.42902,51.91401],[4.42895,51.91414],[4.42582,51.9162],[4.4248,51.91494],[4.42468,51.91486],[4.42472,51.91481],[4.4242,51.91416],[4.42432,51.91413],[4.42872,51.91385],[4.42892,51.9139],[4.42902,51.91401]]]}},{"type":"Feature","id":"03290","properties":{},"geometry":{"type":"Polygon","coordinates":[[[4.4464,51.90021],[4.44715,51.90198],[4.4474,51.90194],[4.44748,51.90197],[4.44751,51.90214],[4.44807,51.90344],[4.44833,51.9034],[4.44841,51.90357],[4.44739,51.90376],[4.4475,51.90395],[4.44512,51.90455],[4.44516,51.9048],[4.4448,51.90484],[4.44288,51.90514],[4.44263,51.90525],[4.44174,51.90583],[4.44129,51.90556],[4.44094,51.9058],[4.44084,51.90578],[4.44078,51.90571],[4.43771,51.90447],[4.43776,51.90443],[4.4363,51.90384],[4.43615,51.90375],[4.43578,51.90287],[4.43551,51.90196],[4.43914,51.90143],[4.4464,51.90021]]]}},{"type":"Feature","id":"03291","properties":{},"geometry":{"type":"Polygon","coordinates":[[[4.46776,51.90035],[4.46581,51.89994],[4.46375,51.89961],[4.46128,51.89932],[4.45966,51.89923],[4.45837,51.89917],[4.45638,51.89919],[4.4554,51.89926],[4.4543,51.89929],[4.45241,51.89945],[4.45053,51.89961],[4.44875,51.89985],[4.4464,51.90021],[4.44715,51.90198],[4.4474,51.90194],[4.44748,51.90197],[4.44751,51.90214],[4.44807,51.90344],[4.44833,51.9034],[4.44841,51.90357],[4.44739,51.90376],[4.4475,51.90395],[4.44758,51.90393],[4.44862,51.90366],[4.44933,51.90352],[4.45021,51.90338],[4.45094,51.90332],[4.4516,51.90331],[4.45229,51.90336],[4.45401,51.90364],[4.45579,51.90396],[4.45689,51.90423],[4.45959,51.905],[4.46024,51.90523],[4.46032,51.90526],[4.46051,51.90537],[4.46335,51.90642],[4.4637,51.90659],[4.46389,51.90665],[4.46391,51.90662],[4.46401,51.90664],[4.46677,51.90217],[4.46776,51.90035]]]}},{"type":"Feature","id":"04510","properties":{},"geometry":{"type":"Polygon","coordinates":[[[4.42641,51.93205],[4.42649,51.93198],[4.42616,51.93185],[4.42608,51.93192],[4.42573,51.9318],[4.42535,51.93159],[4.42493,51.93141],[4.42453,51.93175],[4.42166,51.93411],[4.42218,51.93434],[4.42221,51.93432],[4.42428,51.93529],[4.42436,51.93532],[4.42442,51.93531],[4.42563,51.93586],[4.42697,51.93641],[4.427,51.93638],[4.42768,51.93666],[4.42813,51.93555],[4.42823,51.93557],[4.42827,51.93532],[4.42833,51.93532],[4.42836,51.93526],[4.42841,51.93526],[4.42843,51.93522],[4.42847,51.93511],[4.42834,51.93509],[4.42837,51.93495],[4.42874,51.93401],[4.42867,51.934],[4.42877,51.93368],[4.4289,51.93343],[4.42874,51.93331],[4.42865,51.9333],[4.42861,51.93325],[4.42866,51.93323],[4.4285,51.93309],[4.42844,51.93311],[4.42849,51.93308],[4.42833,51.93294],[4.42826,51.93295],[4.42826,51.93292],[4.42836,51.93286],[4.42808,51.93274],[4.42815,51.93267],[4.4281,51.93263],[4.42784,51.93254],[4.42777,51.93261],[4.42742,51.93247],[4.42641,51.93205]]]}},{"type":"Feature","id":"04511","properties":{},"geometry":{"type":"Polygon","coordinates":[[[4.43407,51.93477],[4.43327,51.93443],[4.43133,51.93417],[4.43128,51.93403],[4.43139,51.93388],[4.43107,51.93348],[4.43075,51.93276],[4.4307,51.93275],[4.4289,51.93343],[4.42877,51.93368],[4.42867,51.934],[4.42874,51.93401],[4.42837,51.93495],[4.42834,51.93509],[4.42847,51.93511],[4.42843,51.93522],[4.42841,51.93526],[4.42836,51.93526],[4.42833,51.93532],[4.42827,51.93532],[4.42823,51.93557],[4.42813,51.93555],[4.42768,51.93666],[4.42862,51.93704],[4.42833,51.93732],[4.42838,51.93734],[4.42835,51.93737],[4.42856,51.93745],[4.42854,51.93747],[4.42914,51.9378],[4.42918,51.93778],[4.42924,51.93781],[4.4292,51.93784],[4.43,51.93827],[4.43052,51.93781],[4.43277,51.93586],[4.43407,51.93477]]]}},{"type":"Feature","id":"04512","properties":{},"geometry":{"type":"Polygon","coordinates":[[[4.43277,51.93586],[4.43454,51.93634],[4.43499,51.93642],[4.43499,51.93644],[4.43506,51.93645],[4.43507,51.93643],[4.43618,51.93658],[4.43638,51.9367],[4.43639,51.93684],[4.43634,51.93687],[4.43654,51.93701],[4.4361,51.93728],[4.43589,51.93735],[4.43406,51.93785],[4.43337,51.93844],[4.43318,51.93856],[4.43266,51.93851],[4.43152,51.93801],[4.43136,51.93816],[4.43052,51.93781],[4.43277,51.93586]]]}},{"type":"Feature","id":"04513","properties":{},"geometry":{"type":"Polygon","coordinates":[[[4.43432,51.93097],[4.43464,51.93099],[4.43479,51.93104],[4.43687,51.93139],[4.43689,51.93136],[4.43694,51.93136],[4.43704,51.93131],[4.43715,51.93114],[4.43731,51.93115],[4.43751,51.93096],[4.43743,51.93093],[4.43739,51.93095],[4.43688,51.93094],[4.4361,51.93075],[4.43592,51.93064],[4.4355,51.93053],[4.43444,51.93048],[4.43435,51.93019],[4.43406,51.92991],[4.43402,51.92993],[4.43287,51.92935],[4.4304,51.92823],[4.43014,51.92812],[4.43012,51.92814],[4.42992,51.92806],[4.42989,51.92809],[4.42979,51.92807],[4.4297,51.92804],[4.42975,51.92799],[4.42957,51.92793],[4.4282,51.92898],[4.42647,51.93023],[4.42493,51.93141],[4.42535,51.93159],[4.42573,51.9318],[4.42608,51.93192],[4.42616,51.93185],[4.42649,51.93198],[4.42641,51.93205],[4.42742,51.93247],[4.42777,51.93261],[4.42784,51.93254],[4.4281,51.93263],[4.42815,51.93267],[4.42808,51.93274],[4.42836,51.93286],[4.42826,51.93292],[4.42826,51.93295],[4.42833,51.93294],[4.42849,51.93308],[4.42844,51.93311],[4.4285,51.93309],[4.42866,51.93323],[4.42861,51.93325],[4.42865,51.9333],[4.42874,51.93331],[4.4289,51.93343],[4.4307,51.93275],[4.43125,51.93254],[4.43123,51.93253],[4.43306,51.93156],[4.43336,51.93144],[4.43354,51.93131],[4.43432,51.93097]]]}},{"type":"Feature","id":"04514","properties":{},"geometry":{"type":"Polygon","coordinates":[[[4.43354,51.93131],[4.43432,51.93097],[4.43464,51.93099],[4.43479,51.93104],[4.43687,51.93139],[4.43693,51.93141],[4.43685,51.93143],[4.43677,51.93163],[4.43683,51.93164],[4.4368,51.9318],[4.43685,51.93181],[4.43685,51.93187],[4.43681,51.93197],[4.43686,51.93198],[4.43687,51.93203],[4.4371,51.93201],[4.4372,51.93205],[4.43707,51.9322],[4.43448,51.93447],[4.43407,51.93477],[4.43327,51.93443],[4.43133,51.93417],[4.43128,51.93403],[4.43139,51.93388],[4.43107,51.93348],[4.43075,51.93276],[4.4307,51.93275],[4.43125,51.93254],[4.43123,51.93253],[4.43306,51.93156],[4.43336,51.93144],[4.43354,51.93131]]]}},{"type":"Feature","id":"04515","properties":{},"geometry":{"type":"Polygon","coordinates":[[[4.4372,51.93205],[4.43724,51.93201],[4.4374,51.93206],[4.43768,51.93221],[4.43821,51.93236],[4.43817,51.9324],[4.43841,51.93244],[4.43847,51.93249],[4.43881,51.93235],[4.43873,51.93231],[4.43912,51.93218],[4.43916,51.93227],[4.43928,51.93234],[4.43924,51.93236],[4.43929,51.93242],[4.43953,51.93257],[4.43968,51.93274],[4.43982,51.93311],[4.43974,51.93348],[4.43903,51.93469],[4.4389,51.93486],[4.43894,51.93488],[4.43889,51.93488],[4.4379,51.93604],[4.43708,51.93673],[4.437,51.93685],[4.43687,51.93693],[4.43665,51.93695],[4.43654,51.93701],[4.43634,51.93687],[4.43639,51.93684],[4.43638,51.9367],[4.43618,51.93658],[4.43507,51.93643],[4.43506,51.93645],[4.43499,51.93644],[4.43499,51.93642],[4.43454,51.93634],[4.43277,51.93586],[4.43407,51.93477],[4.43448,51.93447],[4.43707,51.9322],[4.4372,51.93205]]]}},{"type":"Feature","id":"04516","properties":{},"geometry":{"type":"Polygon","coordinates":[[[4.44085,51.93633],[4.44087,51.93631],[4.44096,51.93635],[4.44108,51.93627],[4.44149,51.93574],[4.44166,51.93559],[4.44088,51.93524],[4.43903,51.93469],[4.4389,51.93486],[4.43894,51.93488],[4.43889,51.93488],[4.4379,51.93604],[4.43708,51.93673],[4.437,51.93685],[4.43687,51.93693],[4.43665,51.93695],[4.43654,51.93701],[4.4361,51.93728],[4.43589,51.93735],[4.43406,51.93785],[4.43337,51.93844],[4.43318,51.93856],[4.43348,51.93883],[4.43472,51.93858],[4.43565,51.93846],[4.43721,51.93837],[4.43861,51.93836],[4.4394,51.93828],[4.43973,51.93821],[4.44004,51.93803],[4.44102,51.93721],[4.4404,51.93694],[4.44085,51.93633]]]}},{"type":"Feature","id":"04517","properties":{},"geometry":{"type":"Polygon","coordinates":[[[4.44315,51.93335],[4.44296,51.9335],[4.44291,51.93348],[4.44101,51.93518],[4.44088,51.93524],[4.43903,51.93469],[4.43974,51.93348],[4.43982,51.93311],[4.43968,51.93274],[4.43953,51.93257],[4.43929,51.93242],[4.43924,51.93236],[4.43928,51.93234],[4.43916,51.93227],[4.43912,51.93218],[4.43963,51.93193],[4.43985,51.9319],[4.44008,51.93194],[4.44315,51.93335]]]}},{"type":"Feature","id":"04518","properties":{},"geometry":{"type":"Polygon","coordinates":[[[4.43743,51.93093],[4.43739,51.93095],[4.43688,51.93094],[4.4361,51.93075],[4.43592,51.93064],[4.4355,51.93053],[4.43444,51.93048],[4.43435,51.93019],[4.43406,51.92991],[4.43402,51.92993],[4.43287,51.92935],[4.4304,51.92823],[4.43014,51.92812],[4.43012,51.92814],[4.42992,51.92806],[4.42989,51.92809],[4.42979,51.92807],[4.4297,51.92804],[4.42975,51.92799],[4.42957,51.92793],[4.42958,51.92792],[4.4296,51.92793],[4.43002,51.92765],[4.42999,51.92764],[4.43234,51.92608],[4.43755,51.92901],[4.43871,51.92965],[4.43772,51.93032],[4.43753,51.93048],[4.43751,51.93051],[4.43761,51.93053],[4.4375,51.93069],[4.4376,51.93072],[4.43733,51.93089],[4.43743,51.93093]]]}},{"type":"Feature","id":"04519","properties":{},"geometry":{"type":"Polygon","coordinates":[[[4.44493,51.93442],[4.44517,51.93425],[4.44525,51.93428],[4.44564,51.93386],[4.44574,51.93375],[4.44592,51.93365],[4.44533,51.93338],[4.44078,51.93083],[4.43969,51.93021],[4.43871,51.92965],[4.43772,51.93032],[4.43753,51.93048],[4.43751,51.93051],[4.43761,51.93053],[4.4375,51.93069],[4.4376,51.93072],[4.43733,51.93089],[4.43743,51.93093],[4.43751,51.93096],[4.43731,51.93115],[4.43715,51.93114],[4.43704,51.93131],[4.43694,51.93136],[4.43689,51.93136],[4.43687,51.93139],[4.43693,51.93141],[4.43685,51.93143],[4.43677,51.93163],[4.43683,51.93164],[4.4368,51.9318],[4.43685,51.93181],[4.43685,51.93187],[4.43681,51.93197],[4.43686,51.93198],[4.43687,51.93203],[4.4371,51.93201],[4.4372,51.93205],[4.43724,51.93201],[4.4374,51.93206],[4.43768,51.93221],[4.43821,51.93236],[4.43817,51.9324],[4.43841,51.93244],[4.43847,51.93249],[4.43881,51.93235],[4.43873,51.93231],[4.43912,51.93218],[4.43963,51.93193],[4.43985,51.9319],[4.44008,51.93194],[4.44315,51.93335],[4.44296,51.9335],[4.44291,51.93348],[4.44101,51.93518],[4.44088,51.93524],[4.44166,51.93559],[4.44149,51.93574],[4.44108,51.93627],[4.44096,51.93635],[4.44087,51.93631],[4.44085,51.93633],[4.4404,51.93694],[4.44102,51.93721],[4.44363,51.93492],[4.44398,51.93471],[4.44435,51.93456],[4.44462,51.93449],[4.44493,51.93442]]]}},{"type":"Feature","id":"04520","properties":{},"geometry":{"type":"Polygon","coordinates":[[[4.39479,51.94701],[4.39557,51.94829],[4.39644,51.94984],[4.39788,51.95203],[4.39979,51.95508],[4.39981,51.9551],[4.39993,51.95507],[4.4001,51.95532],[4.39998,51.95535],[4.40044,51.95597],[4.39918,51.95661],[4.39879,51.95686],[4.39768,51.95799],[4.397,51.95862],[4.39661,51.95902],[4.39605,51.95978],[4.39602,51.95981],[4.39589,51.95983],[4.39498,51.9612],[4.39382,51.96248],[4.39404,51.96255],[4.39399,51.96263],[4.39356,51.96247],[4.39175,51.96492],[4.38992,51.9646],[4.38978,51.96513],[4.37931,51.96341],[4.38797,51.94736],[4.38891,51.94553],[4.38933,51.94563],[4.3895,51.94559],[4.38967,51.94547],[4.39435,51.94711],[4.39479,51.94701]]]}},{"type":"Feature","id":"04521","properties":{},"geometry":{"type":"Polygon","coordinates":[[[4.40675,51.94669],[4.40689,51.94673],[4.40691,51.94676],[4.40769,51.94666],[4.40784,51.94658],[4.40802,51.94673],[4.40826,51.94685],[4.40976,51.94745],[4.41047,51.94767],[4.41211,51.94835],[4.41261,51.94855],[4.4113,51.94929],[4.40913,51.95066],[4.40803,51.95123],[4.40745,51.95158],[4.40661,51.95224],[4.40658,51.95222],[4.40641,51.9523],[4.40433,51.95369],[4.40331,51.95435],[4.40317,51.95444],[4.40312,51.95442],[4.40187,51.95516],[4.40171,51.95528],[4.40124,51.9555],[4.40044,51.95597],[4.39998,51.95535],[4.4001,51.95532],[4.39993,51.95507],[4.39981,51.9551],[4.39979,51.95508],[4.39788,51.95203],[4.39644,51.94984],[4.39557,51.94829],[4.39479,51.94701],[4.39519,51.94693],[4.39492,51.94646],[4.39526,51.94639],[4.39536,51.9465],[4.39549,51.94656],[4.39564,51.9466],[4.39582,51.94661],[4.39827,51.94618],[4.40119,51.94601],[4.40157,51.94603],[4.40456,51.94618],[4.40654,51.94659],[4.4066,51.94666],[4.40675,51.94669]]]}},{"type":"Feature","id":"04540","properties":{},"geometry":{"type":"Polygon","coordinates":[[[4.39752,51.95875],[4.39763,51.95877],[4.40171,51.96042],[4.40131,51.96079],[4.40396,51.9619],[4.40413,51.96195],[4.40427,51.96195],[4.40473,51.96164],[4.40526,51.96139],[4.40529,51.96144],[4.40653,51.96194],[4.4065,51.96197],[4.40669,51.962],[4.40323,51.96645],[4.40076,51.96539],[4.39399,51.96263],[4.39404,51.96255],[4.39382,51.96248],[4.39498,51.9612],[4.39589,51.95983],[4.39602,51.95981],[4.39605,51.95978],[4.39661,51.95902],[4.397,51.95862],[4.39715,51.95869],[4.39721,51.95863],[4.39752,51.95875]]]}},{"type":"Feature","id":"04541","properties":{},"geometry":{"type":"Polygon","coordinates":[[[4.40936,51.95858],[4.41113,51.95925],[4.41295,51.96002],[4.41396,51.96041],[4.41427,51.96059],[4.41526,51.96093],[4.42248,51.96387],[4.42596,51.96531],[4.42594,51.96538],[4.42534,51.96576],[4.42337,51.96681],[4.42338,51.96686],[4.4233,51.96693],[4.42309,51.96698],[4.42294,51.96706],[4.423,51.96711],[4.42296,51.96713],[4.42288,51.9671],[4.4227,51.9672],[4.42259,51.96721],[4.42251,51.96727],[4.42221,51.96742],[4.42212,51.96753],[4.42213,51.96759],[4.42203,51.96766],[4.42208,51.96768],[4.42169,51.96788],[4.4217,51.96792],[4.42162,51.96792],[4.42128,51.96811],[4.41901,51.96951],[4.41752,51.97141],[4.41796,51.97158],[4.41744,51.97213],[4.41216,51.96995],[4.41134,51.96964],[4.41042,51.96923],[4.40951,51.96888],[4.40858,51.96847],[4.40549,51.9672],[4.40526,51.96713],[4.40458,51.96701],[4.40323,51.96645],[4.40669,51.962],[4.40936,51.95858]]]}},{"type":"Feature","id":"04542","properties":{},"geometry":{"type":"Polygon","coordinates":[[[4.42251,51.96727],[4.42563,51.96855],[4.42576,51.96853],[4.42599,51.96862],[4.426,51.9687],[4.43416,51.97201],[4.43239,51.97334],[4.43145,51.97397],[4.43063,51.97458],[4.42904,51.97581],[4.42813,51.97662],[4.42752,51.97621],[4.42689,51.97591],[4.42596,51.97556],[4.42516,51.9752],[4.42391,51.97473],[4.42084,51.9734],[4.42001,51.97307],[4.41854,51.97258],[4.41744,51.97213],[4.41796,51.97158],[4.41752,51.97141],[4.41901,51.96951],[4.42128,51.96811],[4.42162,51.96792],[4.4217,51.96792],[4.42169,51.96788],[4.42208,51.96768],[4.42203,51.96766],[4.42213,51.96759],[4.42212,51.96753],[4.42221,51.96742],[4.42251,51.96727]]]}},{"type":"Feature","id":"04543","properties":{},"geometry":{"type":"Polygon","coordinates":[[[4.41487,51.9516],[4.41533,51.95116],[4.41669,51.94997],[4.41574,51.94958],[4.41545,51.94943],[4.41308,51.94846],[4.41303,51.94845],[4.41273,51.9486],[4.41261,51.94855],[4.4113,51.94929],[4.40913,51.95066],[4.40803,51.95123],[4.40745,51.95158],[4.40661,51.95224],[4.40658,51.95222],[4.40641,51.9523],[4.40433,51.95369],[4.40331,51.95435],[4.40317,51.95444],[4.40312,51.95442],[4.40187,51.95516],[4.40171,51.95528],[4.40124,51.9555],[4.40044,51.95597],[4.39918,51.95661],[4.39879,51.95686],[4.39768,51.95799],[4.397,51.95862],[4.39715,51.95869],[4.39721,51.95863],[4.39752,51.95875],[4.39763,51.95877],[4.40171,51.96042],[4.40131,51.96079],[4.40396,51.9619],[4.40413,51.96195],[4.40427,51.96195],[4.40473,51.96164],[4.40526,51.96139],[4.40529,51.96144],[4.40653,51.96194],[4.4065,51.96197],[4.40669,51.962],[4.40936,51.95858],[4.41256,51.95447],[4.41361,51.95306],[4.41475,51.95158],[4.41487,51.9516]]]}},{"type":"Feature","id":"04544","properties":{},"geometry":{"type":"Polygon","coordinates":[[[4.43711,51.95856],[4.43655,51.95905],[4.43622,51.95891],[4.43406,51.96094],[4.43394,51.9611],[4.4328,51.96209],[4.43208,51.9628],[4.42941,51.96524],[4.42917,51.96545],[4.42908,51.96548],[4.42909,51.96554],[4.4288,51.96574],[4.42745,51.96522],[4.42723,51.96513],[4.42722,51.9651],[4.42674,51.96491],[4.42646,51.96482],[4.423,51.9634],[4.42248,51.96387],[4.41526,51.96093],[4.41427,51.96059],[4.41396,51.96041],[4.41295,51.96002],[4.41113,51.95925],[4.40936,51.95858],[4.41256,51.95447],[4.41361,51.95306],[4.41475,51.95158],[4.41487,51.9516],[4.41533,51.95116],[4.41669,51.94997],[4.41809,51.95058],[4.41811,51.95056],[4.41826,51.95062],[4.41822,51.95065],[4.41856,51.95082],[4.41966,51.95129],[4.42022,51.95148],[4.42156,51.95202],[4.42173,51.95203],[4.42208,51.95216],[4.42192,51.95237],[4.42162,51.95258],[4.42414,51.95352],[4.42497,51.95371],[4.43711,51.95856]]]}},{"type":"Feature","id":"04545","properties":{},"geometry":{"type":"Polygon","coordinates":[[[4.43711,51.95856],[4.44556,51.96194],[4.4462,51.96228],[4.44628,51.96234],[4.44624,51.96237],[4.44658,51.96272],[4.44668,51.96279],[4.4454,51.96373],[4.4443,51.96459],[4.44194,51.96625],[4.43831,51.96891],[4.43635,51.97038],[4.43618,51.97057],[4.43536,51.97115],[4.43456,51.97177],[4.43447,51.97174],[4.43416,51.97201],[4.426,51.9687],[4.42599,51.96862],[4.42576,51.96853],[4.42563,51.96855],[4.42251,51.96727],[4.42259,51.96721],[4.4227,51.9672],[4.42288,51.9671],[4.42296,51.96713],[4.423,51.96711],[4.42294,51.96706],[4.42309,51.96698],[4.4233,51.96693],[4.42338,51.96686],[4.42337,51.96681],[4.42534,51.96576],[4.42594,51.96538],[4.42596,51.96531],[4.42248,51.96387],[4.423,51.9634],[4.42646,51.96482],[4.42674,51.96491],[4.42722,51.9651],[4.42723,51.96513],[4.42745,51.96522],[4.4288,51.96574],[4.42909,51.96554],[4.42908,51.96548],[4.42917,51.96545],[4.42941,51.96524],[4.43208,51.9628],[4.4328,51.96209],[4.43394,51.9611],[4.43406,51.96094],[4.43622,51.95891],[4.43655,51.95905],[4.43711,51.95856]]]}},{"type":"Feature","id":"04550","properties":{},"geometry":{"type":"Polygon","coordinates":[[[4.43105,51.94673],[4.42971,51.94619],[4.42927,51.94606],[4.4293,51.94603],[4.42887,51.94587],[4.42871,51.94586],[4.42857,51.94589],[4.42832,51.9461],[4.42705,51.94732],[4.4256,51.9487],[4.42469,51.94957],[4.42285,51.95135],[4.4225,51.95176],[4.42224,51.95218],[4.4221,51.95214],[4.42208,51.95216],[4.42192,51.95237],[4.42162,51.95258],[4.42414,51.95352],[4.42497,51.95371],[4.43711,51.95856],[4.44556,51.96194],[4.4462,51.96228],[4.44628,51.96234],[4.44624,51.96237],[4.44658,51.96272],[4.44668,51.96279],[4.4473,51.96311],[4.44735,51.96307],[4.44724,51.96291],[4.44705,51.96277],[4.44782,51.96237],[4.44795,51.96245],[4.44816,51.9623],[4.44831,51.96229],[4.4487,51.96259],[4.44841,51.96275],[4.45463,51.96523],[4.45468,51.96518],[4.45484,51.96521],[4.45502,51.96533],[4.45613,51.96579],[4.45635,51.96582],[4.45652,51.9658],[4.45764,51.96551],[4.4579,51.9654],[4.45823,51.96519],[4.4592,51.96427],[4.45941,51.96394],[4.4594,51.96362],[4.45805,51.96089],[4.4579,51.96073],[4.45773,51.9606],[4.45763,51.96056],[4.45756,51.96058],[4.45728,51.96047],[4.45729,51.96041],[4.45689,51.96028],[4.45303,51.95876],[4.45279,51.95866],[4.45272,51.95859],[4.4521,51.95837],[4.45203,51.95839],[4.45187,51.95827],[4.4464,51.95607],[4.44628,51.956],[4.44362,51.95495],[4.44362,51.95489],[4.44736,51.9512],[4.44768,51.95088],[4.44284,51.94895],[4.43581,51.94614],[4.43585,51.9461],[4.43155,51.94438],[4.43124,51.94468],[4.43108,51.9449],[4.43112,51.94492],[4.4311,51.94495],[4.432,51.94532],[4.43196,51.94537],[4.43229,51.94551],[4.43209,51.9457],[4.43213,51.94572],[4.43112,51.94666],[4.43105,51.94673]]]}},{"type":"Feature","id":"04551","properties":{},"geometry":{"type":"Polygon","coordinates":[[[4.43673,51.94212],[4.43693,51.94192],[4.43444,51.94095],[4.4344,51.94094],[4.43444,51.94089],[4.4336,51.94055],[4.43318,51.94094],[4.43315,51.94103],[4.43297,51.94112],[4.43211,51.94199],[4.43065,51.94248],[4.4302,51.94261],[4.42947,51.94322],[4.42872,51.94342],[4.42877,51.9435],[4.42911,51.94408],[4.42925,51.94422],[4.4311,51.94495],[4.43112,51.94492],[4.43108,51.9449],[4.43124,51.94468],[4.43155,51.94438],[4.43585,51.9461],[4.43581,51.94614],[4.44284,51.94895],[4.44296,51.94884],[4.44287,51.94876],[4.4429,51.94869],[4.44311,51.94852],[4.44308,51.9485],[4.44332,51.94826],[4.44336,51.94828],[4.44419,51.94748],[4.44418,51.94745],[4.4425,51.94678],[4.4433,51.94602],[4.44338,51.94601],[4.44363,51.9461],[4.44376,51.94596],[4.44383,51.9459],[4.44378,51.94588],[4.44404,51.94563],[4.44381,51.94554],[4.4441,51.94529],[4.44416,51.94532],[4.44426,51.94525],[4.44439,51.9451],[4.44456,51.94512],[4.44481,51.94468],[4.44477,51.94463],[4.44492,51.94446],[4.445,51.9444],[4.4452,51.94441],[4.44546,51.94425],[4.44598,51.94373],[4.4465,51.94403],[4.44661,51.94403],[4.44666,51.94406],[4.44653,51.94341],[4.44656,51.94337],[4.44661,51.94336],[4.44803,51.94393],[4.44809,51.94393],[4.44826,51.94376],[4.44823,51.94375],[4.44827,51.94372],[4.44725,51.94329],[4.44485,51.94236],[4.4418,51.94112],[4.44084,51.94209],[4.44009,51.94268],[4.43927,51.94349],[4.43909,51.9435],[4.43822,51.94315],[4.4382,51.94311],[4.43832,51.94295],[4.43673,51.94227],[4.43683,51.94218],[4.43673,51.94212]]]}},{"type":"Feature","id":"04552","properties":{},"geometry":{"type":"Polygon","coordinates":[[[4.45799,51.96645],[4.45794,51.96644],[4.45801,51.96636],[4.45812,51.96636],[4.45821,51.96632],[4.45821,51.96619],[4.45829,51.96611],[4.46003,51.96486],[4.46038,51.96457],[4.46082,51.96412],[4.46118,51.96365],[4.46146,51.96313],[4.46164,51.96248],[4.46169,51.962],[4.46169,51.96072],[4.46092,51.96073],[4.46092,51.96071],[4.45963,51.96074],[4.45915,51.9607],[4.45856,51.96082],[4.45805,51.96089],[4.4594,51.96362],[4.45941,51.96394],[4.4592,51.96427],[4.45823,51.96519],[4.4579,51.9654],[4.45764,51.96551],[4.45652,51.9658],[4.45635,51.96582],[4.45613,51.96579],[4.45502,51.96533],[4.45484,51.96521],[4.45468,51.96518],[4.45463,51.96523],[4.44841,51.96275],[4.4487,51.96259],[4.44831,51.96229],[4.44816,51.9623],[4.44795,51.96245],[4.44782,51.96237],[4.44705,51.96277],[4.44724,51.96291],[4.44735,51.96307],[4.44749,51.96296],[4.45008,51.96547],[4.45051,51.96581],[4.45299,51.96632],[4.45426,51.96665],[4.45425,51.96667],[4.45682,51.96731],[4.45731,51.96693],[4.45768,51.96669],[4.45799,51.96645]]]}},{"type":"Feature","id":"04553","properties":{},"geometry":{"type":"Polygon","coordinates":[[[4.45183,51.95295],[4.45181,51.95297],[4.4498,51.95216],[4.44736,51.9512],[4.44362,51.95489],[4.44362,51.95495],[4.44628,51.956],[4.4464,51.95607],[4.45187,51.95827],[4.45196,51.95825],[4.45213,51.95828],[4.45247,51.95836],[4.45273,51.95805],[4.45277,51.95805],[4.45336,51.95749],[4.45349,51.9575],[4.45343,51.95743],[4.45353,51.95732],[4.45348,51.95724],[4.45355,51.95717],[4.4539,51.95731],[4.45485,51.95657],[4.45492,51.95657],[4.4551,51.95666],[4.45513,51.95671],[4.45542,51.95681],[4.45556,51.95668],[4.45573,51.95674],[4.45667,51.95584],[4.45693,51.95544],[4.45693,51.95535],[4.45708,51.95522],[4.45712,51.95512],[4.45695,51.95497],[4.45668,51.95491],[4.45667,51.95487],[4.45657,51.95487],[4.45679,51.9546],[4.45749,51.95335],[4.45716,51.95335],[4.45675,51.9532],[4.4568,51.95315],[4.45655,51.95305],[4.45546,51.95262],[4.45311,51.95169],[4.45297,51.95183],[4.45301,51.95187],[4.453,51.95192],[4.45187,51.95296],[4.45183,51.95295]]]}},{"type":"Feature","id":"04554","properties":{},"geometry":{"type":"Polygon","coordinates":[[[4.4602,51.95283],[4.45993,51.95204],[4.45974,51.9508],[4.45976,51.9492],[4.45816,51.94917],[4.45796,51.94916],[4.45798,51.94913],[4.45755,51.94912],[4.45749,51.94912],[4.45746,51.94923],[4.45742,51.94923],[4.45697,51.95031],[4.45685,51.95034],[4.45681,51.95038],[4.45675,51.95052],[4.45679,51.95056],[4.45665,51.95091],[4.45758,51.95128],[4.45769,51.95139],[4.45771,51.9515],[4.45704,51.95303],[4.45698,51.95307],[4.45688,51.95309],[4.4566,51.95298],[4.45651,51.95297],[4.45655,51.95305],[4.4568,51.95315],[4.45675,51.9532],[4.45716,51.95335],[4.45749,51.95335],[4.45679,51.9546],[4.45657,51.95487],[4.45667,51.95487],[4.45668,51.95491],[4.45695,51.95497],[4.45712,51.95512],[4.45708,51.95522],[4.45693,51.95535],[4.45693,51.95544],[4.45667,51.95584],[4.45573,51.95674],[4.45556,51.95668],[4.45542,51.95681],[4.45513,51.95671],[4.4551,51.95666],[4.45492,51.95657],[4.45485,51.95657],[4.4539,51.95731],[4.45355,51.95717],[4.45348,51.95724],[4.45353,51.95732],[4.45343,51.95743],[4.45349,51.9575],[4.45336,51.95749],[4.45277,51.95805],[4.45273,51.95805],[4.45247,51.95836],[4.45213,51.95828],[4.45196,51.95825],[4.45187,51.95827],[4.45203,51.95839],[4.4521,51.95837],[4.45272,51.95859],[4.45279,51.95866],[4.45303,51.95876],[4.45689,51.96028],[4.45729,51.96041],[4.45728,51.96047],[4.45756,51.96058],[4.45763,51.96056],[4.45773,51.9606],[4.4579,51.96073],[4.45805,51.96089],[4.45856,51.96082],[4.45915,51.9607],[4.45963,51.96074],[4.46092,51.96071],[4.46092,51.96073],[4.46169,51.96072],[4.46166,51.95802],[4.46159,51.95706],[4.4613,51.9557],[4.46109,51.95505],[4.4602,51.95283]]]}},{"type":"Feature","id":"04555","properties":{},"geometry":{"type":"Polygon","coordinates":[[[4.44926,51.94203],[4.44945,51.94134],[4.44942,51.9412],[4.44725,51.94329],[4.44827,51.94372],[4.44823,51.94375],[4.44826,51.94376],[4.44809,51.94393],[4.44803,51.94393],[4.44661,51.94336],[4.44656,51.94337],[4.44653,51.94341],[4.44666,51.94406],[4.44661,51.94403],[4.4465,51.94403],[4.44598,51.94373],[4.44546,51.94425],[4.4452,51.94441],[4.445,51.9444],[4.44492,51.94446],[4.44477,51.94463],[4.44481,51.94468],[4.44456,51.94512],[4.44439,51.9451],[4.44426,51.94525],[4.44416,51.94532],[4.4441,51.94529],[4.44381,51.94554],[4.44404,51.94563],[4.44378,51.94588],[4.44383,51.9459],[4.44376,51.94596],[4.44363,51.9461],[4.44338,51.94601],[4.4433,51.94602],[4.4425,51.94678],[4.44418,51.94745],[4.44419,51.94748],[4.44336,51.94828],[4.44332,51.94826],[4.44308,51.9485],[4.44311,51.94852],[4.4429,51.94869],[4.44287,51.94876],[4.44296,51.94884],[4.44284,51.94895],[4.44768,51.95088],[4.44736,51.9512],[4.4498,51.95216],[4.45181,51.95297],[4.45183,51.95295],[4.45187,51.95296],[4.453,51.95192],[4.45301,51.95187],[4.45297,51.95183],[4.45311,51.95169],[4.45546,51.95262],[4.45655,51.95305],[4.45651,51.95297],[4.4566,51.95298],[4.45688,51.95309],[4.45698,51.95307],[4.45704,51.95303],[4.45771,51.9515],[4.45769,51.95139],[4.45758,51.95128],[4.45665,51.95091],[4.45679,51.95056],[4.45675,51.95052],[4.45681,51.95038],[4.45685,51.95034],[4.45697,51.95031],[4.45742,51.94923],[4.45746,51.94923],[4.45749,51.94912],[4.45755,51.94912],[4.45798,51.94913],[4.45796,51.94916],[4.45816,51.94917],[4.4583,51.94863],[4.45786,51.94856],[4.45827,51.94757],[4.45802,51.94752],[4.45806,51.94743],[4.45858,51.94612],[4.45855,51.94496],[4.4583,51.94402],[4.45811,51.94404],[4.45806,51.94385],[4.45652,51.94353],[4.45544,51.94338],[4.45103,51.94274],[4.44926,51.94203]]]}},{"type":"Feature","id":"04556","properties":{},"geometry":{"type":"Polygon","coordinates":[[[4.45063,51.93497],[4.44788,51.93448],[4.44681,51.93423],[4.44564,51.93386],[4.44525,51.93428],[4.44517,51.93425],[4.44493,51.93442],[4.44462,51.93449],[4.44435,51.93456],[4.4445,51.93471],[4.44446,51.93472],[4.4447,51.93494],[4.44485,51.93502],[4.445,51.9352],[4.4454,51.93627],[4.44535,51.93702],[4.44529,51.93723],[4.44525,51.93721],[4.44518,51.9374],[4.44496,51.93768],[4.44446,51.93822],[4.44454,51.93824],[4.44448,51.93829],[4.4444,51.93829],[4.44435,51.93836],[4.44462,51.93862],[4.4453,51.93892],[4.44614,51.93922],[4.44667,51.93948],[4.44698,51.93961],[4.4481,51.93971],[4.44862,51.93984],[4.44925,51.9401],[4.45185,51.94029],[4.45222,51.94029],[4.45251,51.94025],[4.45468,51.93952],[4.45502,51.93952],[4.45551,51.93965],[4.45587,51.93983],[4.45619,51.94004],[4.45655,51.9404],[4.45737,51.941],[4.45769,51.94128],[4.45768,51.9413],[4.45774,51.94131],[4.45802,51.94155],[4.45855,51.94237],[4.45891,51.94396],[4.45913,51.94454],[4.45937,51.94452],[4.45943,51.94455],[4.45961,51.94454],[4.4596,51.94471],[4.45986,51.94471],[4.45998,51.94111],[4.46012,51.94042],[4.46047,51.93959],[4.45843,51.93931],[4.45693,51.93907],[4.45582,51.93879],[4.45457,51.93835],[4.45354,51.93785],[4.45286,51.93744],[4.45195,51.93673],[4.4515,51.93628],[4.45115,51.93584],[4.45063,51.93497]]]}},{"type":"Feature","id":"04557","properties":{},"geometry":{"type":"Polygon","coordinates":[[[4.43918,51.93959],[4.43929,51.93947],[4.43919,51.93945],[4.43581,51.93974],[4.43558,51.93987],[4.43455,51.9409],[4.43444,51.94089],[4.4344,51.94094],[4.43444,51.94095],[4.43693,51.94192],[4.43673,51.94212],[4.43683,51.94218],[4.43673,51.94227],[4.43832,51.94295],[4.4382,51.94311],[4.43822,51.94315],[4.43909,51.9435],[4.43927,51.94349],[4.44009,51.94268],[4.44084,51.94209],[4.4418,51.94112],[4.44485,51.94236],[4.44725,51.94329],[4.44942,51.9412],[4.44759,51.94079],[4.44639,51.94032],[4.44431,51.93952],[4.44127,51.93917],[4.43932,51.93963],[4.43918,51.93959]]]}},{"type":"Feature","id":"04558","properties":{},"geometry":{"type":"Polygon","coordinates":[[[4.44614,51.93922],[4.4453,51.93892],[4.44462,51.93862],[4.44435,51.93836],[4.44429,51.9384],[4.44381,51.93831],[4.44175,51.93832],[4.44081,51.93854],[4.44044,51.93865],[4.4404,51.93873],[4.44036,51.93873],[4.4398,51.93887],[4.43903,51.93894],[4.43881,51.939],[4.43494,51.93929],[4.43467,51.93954],[4.43464,51.93952],[4.43458,51.93958],[4.43463,51.9396],[4.4336,51.94055],[4.43444,51.94089],[4.43455,51.9409],[4.43558,51.93987],[4.43581,51.93974],[4.43919,51.93945],[4.43929,51.93947],[4.43918,51.93959],[4.43932,51.93963],[4.44127,51.93917],[4.44431,51.93952],[4.44639,51.94032],[4.44759,51.94079],[4.44942,51.9412],[4.44945,51.94134],[4.44926,51.94203],[4.45103,51.94274],[4.45544,51.94338],[4.45652,51.94353],[4.45806,51.94385],[4.45811,51.94404],[4.4583,51.94402],[4.45855,51.94496],[4.45858,51.94612],[4.45806,51.94743],[4.45802,51.94752],[4.45827,51.94757],[4.45786,51.94856],[4.4583,51.94863],[4.45816,51.94917],[4.45976,51.9492],[4.4598,51.94693],[4.45986,51.94471],[4.4596,51.94471],[4.45961,51.94454],[4.45943,51.94455],[4.45937,51.94452],[4.45913,51.94454],[4.45891,51.94396],[4.45855,51.94237],[4.45802,51.94155],[4.45774,51.94131],[4.45768,51.9413],[4.45769,51.94128],[4.45737,51.941],[4.45655,51.9404],[4.45619,51.94004],[4.45587,51.93983],[4.45551,51.93965],[4.45502,51.93952],[4.45468,51.93952],[4.45251,51.94025],[4.45222,51.94029],[4.45185,51.94029],[4.44925,51.9401],[4.44862,51.93984],[4.4481,51.93971],[4.44698,51.93961],[4.44667,51.93948],[4.44614,51.93922]]]}},{"type":"Feature","id":"04560","properties":{},"geometry":{"type":"Polygon","coordinates":[[[4.41864,51.94387],[4.4189,51.94356],[4.41981,51.94269],[4.42052,51.94185],[4.42054,51.94172],[4.42098,51.94116],[4.4212,51.9408],[4.42132,51.94065],[4.42142,51.94065],[4.42138,51.94059],[4.42125,51.94054],[4.42118,51.94039],[4.42085,51.94],[4.42049,51.93978],[4.41991,51.93954],[4.4194,51.93933],[4.41872,51.93914],[4.4185,51.93903],[4.41781,51.93858],[4.41787,51.93852],[4.41779,51.93855],[4.41771,51.93848],[4.41664,51.93947],[4.41658,51.93951],[4.41653,51.93951],[4.41549,51.94076],[4.41515,51.94096],[4.41536,51.94109],[4.41518,51.94274],[4.41509,51.9444],[4.41497,51.94508],[4.41484,51.94543],[4.41458,51.94595],[4.41414,51.94657],[4.41346,51.94724],[4.41265,51.94778],[4.41252,51.94784],[4.41241,51.94794],[4.41219,51.94806],[4.41231,51.94811],[4.41232,51.94816],[4.41223,51.94821],[4.41227,51.94826],[4.41211,51.94835],[4.41261,51.94855],[4.41273,51.9486],[4.41303,51.94845],[4.41308,51.94846],[4.41545,51.94943],[4.41574,51.94958],[4.41669,51.94997],[4.41969,51.94735],[4.42221,51.94515],[4.42278,51.94471],[4.42274,51.94469],[4.42289,51.94455],[4.42051,51.94361],[4.41973,51.94326],[4.41912,51.94364],[4.41876,51.94393],[4.4187,51.9439],[4.41864,51.94387]]]}},{"type":"Feature","id":"04561","properties":{},"geometry":{"type":"Polygon","coordinates":[[[4.42586,51.94543],[4.42573,51.94558],[4.42564,51.94562],[4.4253,51.94558],[4.42398,51.94501],[4.42315,51.94475],[4.42278,51.94471],[4.42221,51.94515],[4.41969,51.94735],[4.41669,51.94997],[4.41809,51.95058],[4.41811,51.95056],[4.41826,51.95062],[4.41822,51.95065],[4.41856,51.95082],[4.41966,51.95129],[4.42022,51.95148],[4.42156,51.95202],[4.42173,51.95203],[4.42208,51.95216],[4.4221,51.95214],[4.42224,51.95218],[4.4225,51.95176],[4.42285,51.95135],[4.42469,51.94957],[4.4256,51.9487],[4.42705,51.94732],[4.42832,51.9461],[4.42817,51.94608],[4.42803,51.94614],[4.42793,51.94614],[4.42748,51.94597],[4.42747,51.94598],[4.42656,51.94561],[4.42645,51.9455],[4.42644,51.94542],[4.42632,51.94542],[4.42615,51.9455],[4.42611,51.9455],[4.42609,51.94552],[4.42586,51.94543]]]}},{"type":"Feature","id":"04562","properties":{},"geometry":{"type":"Polygon","coordinates":[[[4.42376,51.94038],[4.42621,51.94135],[4.42624,51.94132],[4.42653,51.9414],[4.42572,51.94208],[4.42289,51.94455],[4.42051,51.94361],[4.41973,51.94326],[4.41912,51.94364],[4.41876,51.94393],[4.4187,51.9439],[4.41864,51.94387],[4.4189,51.94356],[4.41981,51.94269],[4.42052,51.94185],[4.42054,51.94172],[4.42098,51.94116],[4.4212,51.9408],[4.42132,51.94065],[4.42142,51.94065],[4.42138,51.94059],[4.42125,51.94054],[4.42166,51.94053],[4.42163,51.94029],[4.42151,51.93991],[4.42238,51.9398],[4.42271,51.93992],[4.4227,51.93996],[4.42376,51.94038]]]}},{"type":"Feature","id":"04563","properties":{},"geometry":{"type":"Polygon","coordinates":[[[4.42632,51.94227],[4.42678,51.94244],[4.42715,51.94262],[4.42711,51.94266],[4.42724,51.94274],[4.42832,51.94317],[4.42857,51.94355],[4.4277,51.94379],[4.42755,51.94386],[4.42611,51.9455],[4.42609,51.94552],[4.42586,51.94543],[4.42573,51.94558],[4.42564,51.94562],[4.4253,51.94558],[4.42398,51.94501],[4.42315,51.94475],[4.42278,51.94471],[4.42274,51.94469],[4.42289,51.94455],[4.42572,51.94208],[4.42575,51.94207],[4.42627,51.94231],[4.42632,51.94227]]]}},{"type":"Feature","id":"04564","properties":{},"geometry":{"type":"Polygon","coordinates":[[[4.41735,51.9383],[4.41771,51.93848],[4.41779,51.93855],[4.41787,51.93852],[4.41781,51.93858],[4.4185,51.93903],[4.41872,51.93914],[4.4194,51.93933],[4.41991,51.93954],[4.41993,51.9395],[4.42013,51.93941],[4.42017,51.93944],[4.42057,51.93919],[4.42068,51.93925],[4.4208,51.93919],[4.42108,51.93898],[4.4219,51.93825],[4.42199,51.93809],[4.42211,51.93729],[4.42242,51.93681],[4.42295,51.93639],[4.42403,51.93577],[4.42411,51.93564],[4.42417,51.93561],[4.42407,51.93553],[4.42414,51.93547],[4.42408,51.93545],[4.42428,51.93529],[4.42221,51.93432],[4.42218,51.93434],[4.42166,51.93411],[4.4207,51.93489],[4.42007,51.93551],[4.41813,51.93709],[4.41744,51.93775],[4.41713,51.93762],[4.41722,51.9375],[4.41627,51.93736],[4.41621,51.93742],[4.41594,51.93733],[4.41586,51.93741],[4.41561,51.93739],[4.41561,51.93741],[4.41513,51.93737],[4.41483,51.9373],[4.41476,51.93737],[4.41559,51.93777],[4.41646,51.93814],[4.41705,51.93826],[4.41735,51.9383]]]}},{"type":"Feature","id":"04565","properties":{},"geometry":{"type":"Polygon","coordinates":[[[4.42768,51.93666],[4.42742,51.937],[4.42734,51.93708],[4.4273,51.93706],[4.42605,51.93824],[4.42595,51.9382],[4.42537,51.93874],[4.42547,51.93878],[4.42492,51.9393],[4.42482,51.93926],[4.42457,51.93948],[4.42454,51.93965],[4.42376,51.94038],[4.4227,51.93996],[4.42271,51.93992],[4.42238,51.9398],[4.42151,51.93991],[4.42163,51.94029],[4.42166,51.94053],[4.42125,51.94054],[4.42118,51.94039],[4.42085,51.94],[4.42049,51.93978],[4.41991,51.93954],[4.41993,51.9395],[4.42013,51.93941],[4.42017,51.93944],[4.42057,51.93919],[4.42068,51.93925],[4.4208,51.93919],[4.42108,51.93898],[4.4219,51.93825],[4.42199,51.93809],[4.42211,51.93729],[4.42242,51.93681],[4.42295,51.93639],[4.42403,51.93577],[4.42411,51.93564],[4.42417,51.93561],[4.42407,51.93553],[4.42414,51.93547],[4.42408,51.93545],[4.42428,51.93529],[4.42436,51.93532],[4.42442,51.93531],[4.42563,51.93586],[4.42697,51.93641],[4.427,51.93638],[4.42768,51.93666]]]}},{"type":"Feature","id":"04566","properties":{},"geometry":{"type":"Polygon","coordinates":[[[4.42653,51.9414],[4.42624,51.94132],[4.42621,51.94135],[4.42376,51.94038],[4.42454,51.93965],[4.42457,51.93948],[4.42482,51.93926],[4.42492,51.9393],[4.42547,51.93878],[4.42537,51.93874],[4.42595,51.9382],[4.42605,51.93824],[4.4273,51.93706],[4.42734,51.93708],[4.42742,51.937],[4.42768,51.93666],[4.42862,51.93704],[4.42833,51.93732],[4.42838,51.93734],[4.42835,51.93737],[4.42856,51.93745],[4.42854,51.93747],[4.42914,51.9378],[4.42918,51.93778],[4.42924,51.93781],[4.4292,51.93784],[4.43,51.93827],[4.42752,51.94047],[4.42736,51.94067],[4.42653,51.9414]]]}},{"type":"Feature","id":"04567","properties":{},"geometry":{"type":"Polygon","coordinates":[[[4.43052,51.93781],[4.43136,51.93816],[4.43152,51.93801],[4.43266,51.93851],[4.43318,51.93856],[4.43348,51.93883],[4.43323,51.93888],[4.43304,51.93897],[4.43137,51.94033],[4.43093,51.94063],[4.42863,51.94176],[4.42759,51.94221],[4.4272,51.94223],[4.42662,51.94202],[4.42632,51.94227],[4.42627,51.94231],[4.42575,51.94207],[4.42572,51.94208],[4.42653,51.9414],[4.42736,51.94067],[4.42752,51.94047],[4.43,51.93827],[4.43052,51.93781]]]}},{"type":"Feature","id":"04568","properties":{},"geometry":{"type":"Polygon","coordinates":[[[4.4336,51.94055],[4.43318,51.94094],[4.43315,51.94103],[4.43297,51.94112],[4.43211,51.94199],[4.43065,51.94248],[4.4302,51.94261],[4.42947,51.94322],[4.42872,51.94342],[4.42877,51.9435],[4.42857,51.94355],[4.42832,51.94317],[4.42724,51.94274],[4.42711,51.94266],[4.42715,51.94262],[4.42678,51.94244],[4.42632,51.94227],[4.42662,51.94202],[4.4272,51.94223],[4.42759,51.94221],[4.42863,51.94176],[4.43093,51.94063],[4.43137,51.94033],[4.43304,51.93897],[4.43323,51.93888],[4.43348,51.93883],[4.43398,51.93929],[4.43458,51.93958],[4.43463,51.9396],[4.4336,51.94055]]]}},{"type":"Feature","id":"04569","properties":{},"geometry":{"type":"Polygon","coordinates":[[[4.4404,51.93873],[4.44044,51.93865],[4.44081,51.93854],[4.44175,51.93832],[4.44381,51.93831],[4.44429,51.9384],[4.44435,51.93836],[4.4444,51.93829],[4.44448,51.93829],[4.44454,51.93824],[4.44446,51.93822],[4.44496,51.93768],[4.44518,51.9374],[4.44525,51.93721],[4.44529,51.93723],[4.44535,51.93702],[4.4454,51.93627],[4.445,51.9352],[4.44485,51.93502],[4.4447,51.93494],[4.44446,51.93472],[4.4445,51.93471],[4.44435,51.93456],[4.44398,51.93471],[4.44363,51.93492],[4.44102,51.93721],[4.44004,51.93803],[4.43973,51.93821],[4.4394,51.93828],[4.43861,51.93836],[4.43721,51.93837],[4.43565,51.93846],[4.43472,51.93858],[4.43348,51.93883],[4.43398,51.93929],[4.43458,51.93958],[4.43464,51.93952],[4.43467,51.93954],[4.43494,51.93929],[4.43881,51.939],[4.43903,51.93894],[4.4398,51.93887],[4.44036,51.93873],[4.4404,51.93873]]]}},{"type":"Feature","id":"04570","properties":{},"geometry":{"type":"Polygon","coordinates":[[[4.4311,51.94495],[4.432,51.94532],[4.43196,51.94537],[4.43229,51.94551],[4.43209,51.9457],[4.43213,51.94572],[4.43112,51.94666],[4.43105,51.94673],[4.42971,51.94619],[4.42927,51.94606],[4.4293,51.94603],[4.42887,51.94587],[4.42871,51.94586],[4.42857,51.94589],[4.42832,51.9461],[4.42817,51.94608],[4.42803,51.94614],[4.42793,51.94614],[4.42748,51.94597],[4.42747,51.94598],[4.42656,51.94561],[4.42645,51.9455],[4.42644,51.94542],[4.42632,51.94542],[4.42615,51.9455],[4.42611,51.9455],[4.42755,51.94386],[4.4277,51.94379],[4.42857,51.94355],[4.42877,51.9435],[4.42911,51.94408],[4.42925,51.94422],[4.4311,51.94495]]]}},{"type":"Feature","id":"05150","properties":{},"geometry":{"type":"Polygon","coordinates":[[[4.47621,51.92945],[4.4777,51.93058],[4.47776,51.93071],[4.47807,51.93095],[4.4781,51.931],[4.47802,51.93103],[4.47811,51.93112],[4.47561,51.93206],[4.47555,51.932],[4.47518,51.93214],[4.47418,51.93255],[4.47425,51.93262],[4.47383,51.93271],[4.4726,51.93318],[4.4724,51.93308],[4.47218,51.93291],[4.47212,51.93293],[4.47187,51.93284],[4.47176,51.93277],[4.47188,51.93269],[4.47175,51.9326],[4.47144,51.93273],[4.47077,51.93223],[4.47097,51.93213],[4.47092,51.93209],[4.47097,51.93207],[4.47621,51.92945]]]}},{"type":"Feature","id":"05151","properties":{},"geometry":{"type":"Polygon","coordinates":[[[4.47399,51.92788],[4.47405,51.92793],[4.47409,51.92791],[4.47448,51.92812],[4.47433,51.92822],[4.47541,51.92885],[4.47621,51.92945],[4.47097,51.93207],[4.47091,51.93203],[4.47086,51.93205],[4.47082,51.93204],[4.47068,51.93193],[4.47067,51.93187],[4.47017,51.93152],[4.46976,51.93116],[4.46931,51.93079],[4.46965,51.93065],[4.47314,51.92844],[4.47399,51.92788]]]}},{"type":"Feature","id":"05152","properties":{},"geometry":{"type":"Polygon","coordinates":[[[4.47957,51.92604],[4.47947,51.92673],[4.47928,51.92737],[4.47883,51.92791],[4.47848,51.92823],[4.47805,51.92853],[4.47621,51.92945],[4.47541,51.92885],[4.47433,51.92822],[4.47448,51.92812],[4.47409,51.92791],[4.47405,51.92793],[4.47399,51.92788],[4.47621,51.92649],[4.47625,51.92645],[4.47599,51.92627],[4.47603,51.92625],[4.47637,51.92627],[4.47735,51.92629],[4.47794,51.92626],[4.47899,51.92615],[4.47957,51.92604]]]}},{"type":"Feature","id":"05153","properties":{},"geometry":{"type":"Polygon","coordinates":[[[4.47811,51.93112],[4.47802,51.93103],[4.4781,51.931],[4.47807,51.93095],[4.47776,51.93071],[4.4777,51.93058],[4.47621,51.92945],[4.47805,51.92853],[4.47848,51.92823],[4.47883,51.92791],[4.47928,51.92737],[4.47947,51.92673],[4.47957,51.92604],[4.48029,51.92586],[4.48057,51.92628],[4.47987,51.92646],[4.47995,51.92658],[4.47991,51.9266],[4.47999,51.92674],[4.48123,51.92711],[4.48139,51.92719],[4.48157,51.9274],[4.4816,51.92739],[4.48296,51.92904],[4.48281,51.92911],[4.48294,51.92923],[4.48275,51.92936],[4.48258,51.92941],[4.48257,51.92945],[4.48241,51.92952],[4.48224,51.92953],[4.48142,51.92973],[4.48045,51.93005],[4.48047,51.93007],[4.48006,51.93022],[4.48008,51.93024],[4.47965,51.93045],[4.47936,51.93055],[4.47811,51.93112]]]}},{"type":"Feature","id":"05160","properties":{},"geometry":{"type":"Polygon","coordinates":[[[4.46814,51.92601],[4.46666,51.92851],[4.46636,51.92861],[4.46583,51.92815],[4.46415,51.92691],[4.46228,51.92661],[4.46199,51.92657],[4.46185,51.92659],[4.46201,51.92621],[4.4622,51.92626],[4.46218,51.92616],[4.46222,51.92616],[4.46249,51.92552],[4.46254,51.92553],[4.46287,51.92468],[4.4658,51.92528],[4.46816,51.92573],[4.46819,51.92571],[4.46814,51.92581],[4.46828,51.92584],[4.46829,51.92589],[4.46827,51.92591],[4.4682,51.92589],[4.46814,51.92601]]]}},{"type":"Feature","id":"05161","properties":{},"geometry":{"type":"Polygon","coordinates":[[[4.46814,51.92601],[4.4683,51.92604],[4.46838,51.9261],[4.46876,51.9266],[4.4704,51.92713],[4.47147,51.92757],[4.46867,51.92994],[4.46843,51.9301],[4.46815,51.92987],[4.46754,51.92949],[4.46666,51.92887],[4.46636,51.92861],[4.46666,51.92851],[4.46814,51.92601]]]}},{"type":"Feature","id":"05162","properties":{},"geometry":{"type":"Polygon","coordinates":[[[4.47314,51.92844],[4.46965,51.93065],[4.46931,51.93079],[4.46866,51.93031],[4.46843,51.9301],[4.46867,51.92994],[4.47147,51.92757],[4.47209,51.92786],[4.47314,51.92844]]]}},{"type":"Feature","id":"05163","properties":{},"geometry":{"type":"Polygon","coordinates":[[[4.47603,51.92625],[4.47599,51.92627],[4.47625,51.92645],[4.47621,51.92649],[4.47399,51.92788],[4.47314,51.92844],[4.47209,51.92786],[4.47147,51.92757],[4.4704,51.92713],[4.46876,51.9266],[4.46838,51.9261],[4.4683,51.92604],[4.46814,51.92601],[4.4682,51.92589],[4.46827,51.92591],[4.46829,51.92589],[4.46828,51.92584],[4.46814,51.92581],[4.46819,51.92571],[4.46842,51.92576],[4.46986,51.92605],[4.46996,51.92593],[4.47114,51.92612],[4.47122,51.92611],[4.47128,51.92606],[4.47137,51.92607],[4.47136,51.92612],[4.47195,51.92617],[4.47404,51.92612],[4.47516,51.92617],[4.47603,51.92625]]]}},{"type":"Feature","id":"05310","properties":{},"geometry":{"type":"Polygon","coordinates":[[[4.46788,51.93875],[4.46747,51.94041],[4.46085,51.9395],[4.46095,51.93934],[4.46106,51.93925],[4.46117,51.93922],[4.46143,51.93922],[4.46159,51.93918],[4.46193,51.93902],[4.46221,51.93877],[4.46243,51.93838],[4.46214,51.93807],[4.46213,51.93798],[4.46218,51.93786],[4.46247,51.93745],[4.46256,51.93744],[4.46261,51.93738],[4.46276,51.93711],[4.46505,51.93797],[4.46685,51.93865],[4.46786,51.93874],[4.46788,51.93875]]]}},{"type":"Feature","id":"05311","properties":{},"geometry":{"type":"Polygon","coordinates":[[[4.46276,51.93711],[4.45969,51.93596],[4.4614,51.93394],[4.46272,51.93241],[4.46489,51.93386],[4.46539,51.93407],[4.46473,51.93482],[4.46481,51.93486],[4.46469,51.93502],[4.46335,51.93656],[4.46326,51.93653],[4.46276,51.93711]]]}},{"type":"Feature","id":"05312","properties":{},"geometry":{"type":"Polygon","coordinates":[[[4.46539,51.93407],[4.46473,51.93482],[4.46481,51.93486],[4.46469,51.93502],[4.46335,51.93656],[4.46326,51.93653],[4.46276,51.93711],[4.46505,51.93797],[4.46685,51.93865],[4.46786,51.93874],[4.46879,51.93488],[4.4688,51.93482],[4.4672,51.93467],[4.46667,51.93449],[4.46539,51.93407]]]}},{"type":"Feature","id":"05313","properties":{},"geometry":{"type":"Polygon","coordinates":[[[4.46712,51.93198],[4.46705,51.93206],[4.46708,51.93207],[4.46651,51.93275],[4.46566,51.93374],[4.46558,51.93377],[4.46537,51.93402],[4.46539,51.93407],[4.46489,51.93386],[4.46272,51.93241],[4.46282,51.93222],[4.46268,51.93213],[4.46276,51.93208],[4.46297,51.93202],[4.46338,51.93155],[4.46644,51.93183],[4.46672,51.93185],[4.46712,51.93198]]]}},{"type":"Feature","id":"05314","properties":{},"geometry":{"type":"Polygon","coordinates":[[[4.46976,51.93116],[4.47017,51.93152],[4.47067,51.93187],[4.47068,51.93193],[4.47082,51.93204],[4.47086,51.93205],[4.47091,51.93203],[4.47097,51.93207],[4.47092,51.93209],[4.47097,51.93213],[4.47077,51.93223],[4.47032,51.93248],[4.47026,51.93244],[4.47008,51.93255],[4.46973,51.93283],[4.46938,51.9332],[4.46908,51.93374],[4.4688,51.93482],[4.4672,51.93467],[4.46667,51.93449],[4.46539,51.93407],[4.46537,51.93402],[4.46558,51.93377],[4.46566,51.93374],[4.46651,51.93275],[4.46708,51.93207],[4.46705,51.93206],[4.46712,51.93198],[4.46725,51.93187],[4.46872,51.93143],[4.46888,51.93157],[4.46976,51.93116]]]}},{"type":"Feature","id":"05320","properties":{},"geometry":{"type":"Polygon","coordinates":[[[4.4532,51.93354],[4.45324,51.93351],[4.45307,51.93352],[4.45236,51.9333],[4.452,51.93312],[4.45172,51.93306],[4.45173,51.93304],[4.45143,51.933],[4.45114,51.93298],[4.45111,51.93301],[4.4507,51.93303],[4.45071,51.93308],[4.45057,51.93316],[4.44962,51.93329],[4.4497,51.93357],[4.44748,51.9339],[4.44634,51.93368],[4.44607,51.93353],[4.44592,51.93365],[4.44574,51.93375],[4.44564,51.93386],[4.44681,51.93423],[4.44788,51.93448],[4.45063,51.93497],[4.45115,51.93584],[4.4515,51.93628],[4.45195,51.93673],[4.45286,51.93744],[4.45354,51.93785],[4.45457,51.93835],[4.45582,51.93879],[4.45693,51.93907],[4.45843,51.93931],[4.46047,51.93959],[4.46078,51.93964],[4.46085,51.9395],[4.46095,51.93934],[4.46106,51.93925],[4.46117,51.93922],[4.46143,51.93922],[4.46159,51.93918],[4.46193,51.93902],[4.46221,51.93877],[4.46243,51.93838],[4.46214,51.93807],[4.46213,51.93798],[4.46218,51.93786],[4.46247,51.93745],[4.46256,51.93744],[4.46261,51.93738],[4.46276,51.93711],[4.45969,51.93596],[4.45345,51.93364],[4.45336,51.93357],[4.45334,51.93359],[4.4532,51.93354]]]}},{"type":"Feature","id":"05321","properties":{},"geometry":{"type":"Polygon","coordinates":[[[4.45615,51.9304],[4.45639,51.93048],[4.45671,51.93013],[4.45677,51.93015],[4.4568,51.93013],[4.45658,51.93006],[4.45674,51.92988],[4.45616,51.92976],[4.45613,51.92979],[4.45608,51.92977],[4.45611,51.92974],[4.45507,51.92941],[4.45454,51.92924],[4.45393,51.9291],[4.45322,51.92902],[4.45242,51.92898],[4.45178,51.92901],[4.44994,51.92922],[4.44926,51.92926],[4.44842,51.92941],[4.44844,51.9295],[4.4484,51.9295],[4.44892,51.93127],[4.44948,51.93312],[4.44956,51.93311],[4.44962,51.93329],[4.45057,51.93316],[4.45071,51.93308],[4.4507,51.93303],[4.45111,51.93301],[4.45114,51.93298],[4.45143,51.933],[4.45173,51.93304],[4.45172,51.93306],[4.452,51.93312],[4.45236,51.9333],[4.45307,51.93352],[4.45324,51.93351],[4.4532,51.93354],[4.45334,51.93359],[4.45336,51.93357],[4.45345,51.93364],[4.45391,51.9331],[4.45385,51.93308],[4.45493,51.93182],[4.45496,51.93179],[4.45615,51.9304]]]}},{"type":"Feature","id":"05322","properties":{},"geometry":{"type":"Polygon","coordinates":[[[4.45493,51.93182],[4.46008,51.93351],[4.46013,51.93346],[4.46033,51.93347],[4.46131,51.93383],[4.46128,51.9339],[4.4614,51.93394],[4.45969,51.93596],[4.45345,51.93364],[4.45391,51.9331],[4.45385,51.93308],[4.45493,51.93182]]]}},{"type":"Feature","id":"05323","properties":{},"geometry":{"type":"Polygon","coordinates":[[[4.46272,51.93241],[4.4614,51.93394],[4.46128,51.9339],[4.46131,51.93383],[4.46033,51.93347],[4.46013,51.93346],[4.46008,51.93351],[4.45493,51.93182],[4.45496,51.93179],[4.45615,51.9304],[4.45639,51.93048],[4.45671,51.93013],[4.45677,51.93015],[4.4568,51.93013],[4.45658,51.93006],[4.45674,51.92988],[4.45862,51.9305],[4.45997,51.93094],[4.46022,51.9311],[4.46151,51.93152],[4.46185,51.93166],[4.46208,51.93162],[4.46211,51.93166],[4.46321,51.93151],[4.46338,51.93155],[4.46297,51.93202],[4.46276,51.93208],[4.46268,51.93213],[4.46282,51.93222],[4.46272,51.93241]]]}},{"type":"Feature","id":"05324","properties":{},"geometry":{"type":"Polygon","coordinates":[[[4.45453,51.92568],[4.45476,51.92499],[4.45469,51.92498],[4.45495,51.92414],[4.45517,51.92417],[4.45518,51.92413],[4.45491,51.9241],[4.45491,51.92405],[4.45479,51.92404],[4.45496,51.92308],[4.4549,51.92308],[4.45491,51.92304],[4.45374,51.92303],[4.45374,51.92308],[4.451,51.92302],[4.4481,51.92283],[4.4459,51.92265],[4.44588,51.92271],[4.44129,51.92233],[4.44129,51.92237],[4.44124,51.92257],[4.44384,51.92287],[4.44457,51.92303],[4.44538,51.92329],[4.4462,51.92368],[4.44672,51.92402],[4.44716,51.92439],[4.44749,51.92477],[4.44788,51.92536],[4.44801,51.92575],[4.44783,51.92639],[4.44777,51.92687],[4.44781,51.92734],[4.44826,51.92892],[4.44842,51.92941],[4.44926,51.92926],[4.44994,51.92922],[4.45178,51.92901],[4.45242,51.92898],[4.45322,51.92902],[4.45393,51.9291],[4.45454,51.92924],[4.45507,51.92941],[4.4554,51.92903],[4.45533,51.92861],[4.4554,51.92845],[4.45518,51.92837],[4.45481,51.92697],[4.4545,51.92579],[4.45447,51.92579],[4.45453,51.92568]]]}},{"type":"Feature","id":"05325","properties":{},"geometry":{"type":"Polygon","coordinates":[[[4.46001,51.92795],[4.46092,51.92684],[4.46043,51.92668],[4.4605,51.92646],[4.46059,51.92644],[4.4606,51.92637],[4.46023,51.92634],[4.45879,51.92617],[4.45869,51.92628],[4.45505,51.92586],[4.45505,51.92578],[4.45499,51.92571],[4.45458,51.92566],[4.45453,51.92568],[4.45447,51.92579],[4.4545,51.92579],[4.45481,51.92697],[4.45518,51.92837],[4.4554,51.92845],[4.45533,51.92861],[4.4554,51.92903],[4.45507,51.92941],[4.45611,51.92974],[4.45608,51.92977],[4.45613,51.92979],[4.45616,51.92976],[4.45674,51.92988],[4.45862,51.9305],[4.45863,51.93045],[4.45888,51.93017],[4.45836,51.93],[4.45897,51.9293],[4.45869,51.92919],[4.45816,51.92871],[4.46001,51.92795]]]}},{"type":"Feature","id":"05326","properties":{},"geometry":{"type":"Polygon","coordinates":[[[4.46617,51.93033],[4.46658,51.93142],[4.46649,51.93143],[4.46655,51.93162],[4.4665,51.93163],[4.46649,51.93166],[4.46653,51.93167],[4.46644,51.93183],[4.46338,51.93155],[4.46321,51.93151],[4.46211,51.93166],[4.46208,51.93162],[4.46185,51.93166],[4.46151,51.93152],[4.46022,51.9311],[4.45997,51.93094],[4.45862,51.9305],[4.45863,51.93045],[4.45888,51.93017],[4.45949,51.92946],[4.45978,51.92955],[4.46072,51.92955],[4.46375,51.92954],[4.46457,51.93005],[4.46468,51.93016],[4.46616,51.93029],[4.46617,51.93033]]]}},{"type":"Feature","id":"05327","properties":{},"geometry":{"type":"Polygon","coordinates":[[[4.46199,51.92657],[4.46185,51.92659],[4.46183,51.92664],[4.46177,51.92663],[4.46098,51.92651],[4.46098,51.92645],[4.46053,51.92631],[4.46025,51.92628],[4.46023,51.92634],[4.4606,51.92637],[4.46059,51.92644],[4.4605,51.92646],[4.46043,51.92668],[4.46092,51.92684],[4.46001,51.92795],[4.45816,51.92871],[4.45869,51.92919],[4.45897,51.9293],[4.45836,51.93],[4.45888,51.93017],[4.45949,51.92946],[4.45978,51.92955],[4.46072,51.92955],[4.46375,51.92954],[4.46457,51.93005],[4.46468,51.93016],[4.46616,51.93029],[4.46617,51.93033],[4.46657,51.93027],[4.46626,51.92943],[4.46654,51.92929],[4.46625,51.92907],[4.46666,51.92887],[4.46636,51.92861],[4.46583,51.92815],[4.46415,51.92691],[4.46228,51.92661],[4.46199,51.92657]]]}},{"type":"Feature","id":"05328","properties":{},"geometry":{"type":"Polygon","coordinates":[[[4.46976,51.93116],[4.46888,51.93157],[4.46872,51.93143],[4.46725,51.93187],[4.46712,51.93198],[4.46672,51.93185],[4.46644,51.93183],[4.46653,51.93167],[4.46649,51.93166],[4.4665,51.93163],[4.46655,51.93162],[4.46649,51.93143],[4.46658,51.93142],[4.46617,51.93033],[4.46657,51.93027],[4.46626,51.92943],[4.46654,51.92929],[4.46625,51.92907],[4.46666,51.92887],[4.46754,51.92949],[4.46815,51.92987],[4.46843,51.9301],[4.46866,51.93031],[4.46931,51.93079],[4.46976,51.93116]]]}},{"type":"Feature","id":"05329","properties":{},"geometry":{"type":"Polygon","coordinates":[[[4.45518,51.92413],[4.45533,51.92413],[4.45889,51.92458],[4.45938,51.92464],[4.46013,51.92467],[4.46012,51.92472],[4.46153,51.92478],[4.46159,51.9245],[4.46215,51.92456],[4.46287,51.92468],[4.46254,51.92553],[4.46249,51.92552],[4.46222,51.92616],[4.46218,51.92616],[4.4622,51.92626],[4.46201,51.92621],[4.46185,51.92659],[4.46183,51.92664],[4.46177,51.92663],[4.46098,51.92651],[4.46098,51.92645],[4.46053,51.92631],[4.46025,51.92628],[4.46023,51.92634],[4.45879,51.92617],[4.45869,51.92628],[4.45505,51.92586],[4.45505,51.92578],[4.45499,51.92571],[4.45458,51.92566],[4.45453,51.92568],[4.45476,51.92499],[4.45469,51.92498],[4.45495,51.92414],[4.45517,51.92417],[4.45518,51.92413]]]}},{"type":"Feature","id":"05340","properties":{},"geometry":{"type":"Polygon","coordinates":[[[4.47065,51.93913],[4.47058,51.93905],[4.47057,51.93882],[4.47015,51.93875],[4.47014,51.93879],[4.47005,51.93879],[4.47006,51.93885],[4.47001,51.93884],[4.47004,51.93879],[4.46994,51.93878],[4.46989,51.93898],[4.46952,51.93894],[4.46954,51.93887],[4.4694,51.93886],[4.46936,51.93892],[4.46927,51.93893],[4.46896,51.9389],[4.46888,51.93883],[4.46788,51.93875],[4.46747,51.94041],[4.46755,51.94042],[4.46748,51.94073],[4.46784,51.94066],[4.46836,51.94062],[4.46871,51.94062],[4.4693,51.94069],[4.46991,51.94077],[4.47024,51.94081],[4.47023,51.94086],[4.47171,51.94101],[4.47259,51.94118],[4.47449,51.94145],[4.47589,51.94161],[4.47836,51.94197],[4.47852,51.94197],[4.4804,51.94226],[4.48044,51.94216],[4.48047,51.94202],[4.48023,51.94187],[4.48001,51.94184],[4.48006,51.94177],[4.47961,51.94139],[4.47929,51.94117],[4.47929,51.94111],[4.47925,51.9411],[4.47923,51.94103],[4.47911,51.94091],[4.4788,51.94067],[4.47869,51.94067],[4.47875,51.9406],[4.47879,51.94038],[4.47888,51.94033],[4.4758,51.93991],[4.47123,51.93928],[4.47078,51.93918],[4.47065,51.93913]]]}},{"type":"Feature","id":"05341","properties":{},"geometry":{"type":"Polygon","coordinates":[[[4.46879,51.93488],[4.46894,51.93489],[4.46897,51.93487],[4.46984,51.93515],[4.47022,51.93532],[4.47082,51.93564],[4.47155,51.93615],[4.47152,51.93615],[4.47128,51.9364],[4.47109,51.93674],[4.47057,51.93882],[4.47015,51.93875],[4.47014,51.93879],[4.47005,51.93879],[4.47006,51.93885],[4.47001,51.93884],[4.47004,51.93879],[4.46994,51.93878],[4.46989,51.93898],[4.46952,51.93894],[4.46954,51.93887],[4.4694,51.93886],[4.46936,51.93892],[4.46927,51.93893],[4.46896,51.9389],[4.46888,51.93883],[4.46788,51.93875],[4.46786,51.93874],[4.46879,51.93488]]]}},{"type":"Feature","id":"05342","properties":{},"geometry":{"type":"Polygon","coordinates":[[[4.4758,51.93991],[4.47123,51.93928],[4.47078,51.93918],[4.47065,51.93913],[4.47058,51.93905],[4.47057,51.93882],[4.47109,51.93674],[4.47128,51.9364],[4.47152,51.93615],[4.47155,51.93615],[4.47359,51.93795],[4.47471,51.93871],[4.47468,51.93872],[4.47476,51.93874],[4.47561,51.93928],[4.47579,51.9394],[4.47584,51.9398],[4.4758,51.93991]]]}},{"type":"Feature","id":"05343","properties":{},"geometry":{"type":"Polygon","coordinates":[[[4.47944,51.93817],[4.4795,51.93831],[4.47923,51.93919],[4.47888,51.94033],[4.4758,51.93991],[4.47584,51.9398],[4.47579,51.9394],[4.47561,51.93928],[4.47573,51.93911],[4.47567,51.93908],[4.47574,51.93904],[4.4758,51.93906],[4.47589,51.93903],[4.47609,51.93893],[4.47561,51.93871],[4.47603,51.93807],[4.47662,51.93746],[4.47756,51.93691],[4.47927,51.93799],[4.47944,51.93817]]]}},{"type":"Feature","id":"05344","properties":{},"geometry":{"type":"Polygon","coordinates":[[[4.47756,51.93691],[4.47662,51.93746],[4.47603,51.93807],[4.47561,51.93871],[4.47609,51.93893],[4.47589,51.93903],[4.4758,51.93906],[4.47574,51.93904],[4.47567,51.93908],[4.47573,51.93911],[4.47561,51.93928],[4.47476,51.93874],[4.47468,51.93872],[4.47471,51.93871],[4.47359,51.93795],[4.47155,51.93615],[4.4718,51.93595],[4.47178,51.93593],[4.47243,51.9355],[4.47298,51.93519],[4.47391,51.93478],[4.47465,51.93454],[4.47573,51.93534],[4.47634,51.93586],[4.47695,51.93649],[4.47738,51.93677],[4.47735,51.9368],[4.47756,51.93691]]]}},{"type":"Feature","id":"05345","properties":{},"geometry":{"type":"Polygon","coordinates":[[[4.47077,51.93223],[4.47144,51.93273],[4.47175,51.9326],[4.47188,51.93269],[4.47176,51.93277],[4.47187,51.93284],[4.47212,51.93293],[4.47218,51.93291],[4.4724,51.93308],[4.4726,51.93318],[4.47427,51.93438],[4.47465,51.93454],[4.47391,51.93478],[4.47298,51.93519],[4.47243,51.9355],[4.47178,51.93593],[4.4718,51.93595],[4.47155,51.93615],[4.47082,51.93564],[4.47022,51.93532],[4.46984,51.93515],[4.46897,51.93487],[4.46894,51.93489],[4.46879,51.93488],[4.4688,51.93482],[4.46908,51.93374],[4.46938,51.9332],[4.46973,51.93283],[4.47008,51.93255],[4.47026,51.93244],[4.47032,51.93248],[4.47077,51.93223]]]}},{"type":"Feature","id":"05350","properties":{},"geometry":{"type":"Polygon","coordinates":[[[4.48694,51.94157],[4.48702,51.9414],[4.48701,51.94135],[4.4869,51.94129],[4.48652,51.94121],[4.48647,51.94113],[4.48658,51.9406],[4.48649,51.94032],[4.48589,51.93978],[4.48558,51.93987],[4.48553,51.93987],[4.48549,51.93978],[4.48453,51.93984],[4.47923,51.93919],[4.47888,51.94033],[4.47879,51.94038],[4.47875,51.9406],[4.47869,51.94067],[4.4788,51.94067],[4.47911,51.94091],[4.47923,51.94103],[4.47925,51.9411],[4.47929,51.94111],[4.47929,51.94117],[4.47961,51.94139],[4.48006,51.94177],[4.48001,51.94184],[4.48023,51.94187],[4.48047,51.94202],[4.48044,51.94216],[4.4805,51.94216],[4.48107,51.94224],[4.48108,51.94231],[4.48118,51.94238],[4.48119,51.94234],[4.48156,51.94245],[4.48191,51.9425],[4.48194,51.94246],[4.48259,51.94256],[4.48259,51.94258],[4.485,51.94289],[4.48503,51.94282],[4.48594,51.94295],[4.48609,51.94283],[4.48578,51.94279],[4.48633,51.94232],[4.48694,51.94157],[4.48694,51.94157]]]}},{"type":"Feature","id":"05351","properties":{},"geometry":{"type":"Polygon","coordinates":[[[4.48636,51.93691],[4.48644,51.93727],[4.48636,51.9375],[4.48643,51.93752],[4.48668,51.93746],[4.4867,51.93743],[4.48684,51.93741],[4.48697,51.93745],[4.48664,51.93776],[4.48608,51.93821],[4.48579,51.93862],[4.48571,51.93886],[4.48565,51.93929],[4.48573,51.93955],[4.48589,51.93978],[4.48558,51.93987],[4.48553,51.93987],[4.48549,51.93978],[4.48453,51.93984],[4.47923,51.93919],[4.4795,51.93831],[4.47944,51.93817],[4.48244,51.93752],[4.48251,51.93751],[4.48253,51.93755],[4.48265,51.93755],[4.48279,51.9374],[4.48291,51.93743],[4.48305,51.9374],[4.48308,51.93744],[4.48508,51.93701],[4.48565,51.93692],[4.486,51.93689],[4.48636,51.93691]]]}},{"type":"Feature","id":"05352","properties":{},"geometry":{"type":"Polygon","coordinates":[[[4.48279,51.9374],[4.48265,51.93755],[4.48253,51.93755],[4.48251,51.93751],[4.48244,51.93752],[4.47944,51.93817],[4.47927,51.93799],[4.47756,51.93691],[4.47735,51.9368],[4.47738,51.93677],[4.47695,51.93649],[4.47634,51.93586],[4.47671,51.93578],[4.47671,51.93573],[4.47722,51.93564],[4.48179,51.9349],[4.48199,51.93528],[4.48266,51.93721],[4.48279,51.9374]]]}},{"type":"Feature","id":"05353","properties":{},"geometry":{"type":"Polygon","coordinates":[[[4.48636,51.93691],[4.486,51.93689],[4.48565,51.93692],[4.48508,51.93701],[4.48308,51.93744],[4.48305,51.9374],[4.48291,51.93743],[4.48279,51.9374],[4.48266,51.93721],[4.48199,51.93528],[4.48179,51.9349],[4.4863,51.9341],[4.48643,51.93447],[4.4865,51.93493],[4.48652,51.93521],[4.48644,51.93523],[4.48645,51.93526],[4.48652,51.93526],[4.48651,51.93548],[4.48633,51.93551],[4.48633,51.93565],[4.48642,51.93564],[4.48637,51.93658],[4.4864,51.93666],[4.48636,51.93691]]]}},{"type":"Feature","id":"05354","properties":{},"geometry":{"type":"Polygon","coordinates":[[[4.48841,51.93357],[4.48781,51.93323],[4.48737,51.93286],[4.48652,51.93169],[4.48621,51.93123],[4.48605,51.93088],[4.48595,51.93041],[4.48597,51.93012],[4.48572,51.93012],[4.48572,51.93009],[4.48545,51.93009],[4.48531,51.92995],[4.48518,51.92992],[4.4838,51.93007],[4.48377,51.93026],[4.48365,51.93041],[4.48387,51.93055],[4.4843,51.93096],[4.48466,51.93135],[4.48501,51.93163],[4.48533,51.932],[4.48562,51.93256],[4.4863,51.9341],[4.48643,51.93447],[4.4865,51.93493],[4.48652,51.93521],[4.48644,51.93523],[4.48645,51.93526],[4.48652,51.93526],[4.48651,51.93548],[4.48633,51.93551],[4.48633,51.93565],[4.48642,51.93564],[4.48637,51.93658],[4.4864,51.93666],[4.48636,51.93691],[4.48644,51.93727],[4.48636,51.9375],[4.48643,51.93752],[4.48668,51.93746],[4.4867,51.93743],[4.48684,51.93741],[4.48697,51.93745],[4.48711,51.93722],[4.48729,51.93674],[4.48745,51.93615],[4.48771,51.93584],[4.48794,51.93572],[4.48933,51.93549],[4.48978,51.93535],[4.48989,51.93526],[4.48995,51.93513],[4.4899,51.93477],[4.48977,51.93444],[4.48962,51.93422],[4.48941,51.934],[4.48894,51.93375],[4.48843,51.93358],[4.48841,51.93357]]]}},{"type":"Feature","id":"05355","properties":{},"geometry":{"type":"Polygon","coordinates":[[[4.47994,51.93257],[4.48121,51.93389],[4.48144,51.93424],[4.48179,51.9349],[4.47722,51.93564],[4.47671,51.93573],[4.47671,51.93578],[4.47634,51.93586],[4.47573,51.93534],[4.47465,51.93454],[4.47427,51.93438],[4.47727,51.93355],[4.47965,51.93268],[4.47994,51.93257]]]}},{"type":"Feature","id":"05356","properties":{},"geometry":{"type":"Polygon","coordinates":[[[4.4843,51.93096],[4.48466,51.93135],[4.48501,51.93163],[4.48533,51.932],[4.48562,51.93256],[4.4863,51.9341],[4.48179,51.9349],[4.48144,51.93424],[4.48121,51.93389],[4.47994,51.93257],[4.4843,51.93096]]]}},{"type":"Feature","id":"05357","properties":{},"geometry":{"type":"Polygon","coordinates":[[[4.48597,51.93012],[4.48572,51.93012],[4.48572,51.93009],[4.48545,51.93009],[4.48531,51.92995],[4.48518,51.92992],[4.4838,51.93007],[4.48363,51.93001],[4.4829,51.92941],[4.48281,51.92935],[4.48275,51.92936],[4.48294,51.92923],[4.48281,51.92911],[4.48296,51.92904],[4.4816,51.92739],[4.48157,51.9274],[4.48139,51.92719],[4.48123,51.92711],[4.47999,51.92674],[4.47991,51.9266],[4.47995,51.92658],[4.47987,51.92646],[4.48057,51.92628],[4.48029,51.92586],[4.48099,51.92563],[4.48151,51.92541],[4.48204,51.92558],[4.48242,51.9256],[4.48393,51.92526],[4.48517,51.92506],[4.48534,51.92583],[4.48534,51.92603],[4.48523,51.92629],[4.48498,51.92659],[4.48459,51.927],[4.48451,51.92716],[4.4847,51.9281],[4.48495,51.92854],[4.48582,51.92943],[4.48595,51.92972],[4.48597,51.93012]]]}},{"type":"Feature","id":"05358","properties":{},"geometry":{"type":"Polygon","coordinates":[[[4.47965,51.93268],[4.47727,51.93355],[4.47427,51.93438],[4.4726,51.93318],[4.47383,51.93271],[4.47425,51.93262],[4.47418,51.93255],[4.47518,51.93214],[4.47555,51.932],[4.47561,51.93206],[4.47811,51.93112],[4.47965,51.93268]]]}},{"type":"Feature","id":"05359","properties":{},"geometry":{"type":"Polygon","coordinates":[[[4.4843,51.93096],[4.47994,51.93257],[4.47965,51.93268],[4.47811,51.93112],[4.47936,51.93055],[4.47965,51.93045],[4.48008,51.93024],[4.48006,51.93022],[4.48047,51.93007],[4.48045,51.93005],[4.48142,51.92973],[4.48224,51.92953],[4.48241,51.92952],[4.48257,51.92945],[4.48258,51.92941],[4.48275,51.92936],[4.48281,51.92935],[4.4829,51.92941],[4.48363,51.93001],[4.4838,51.93007],[4.48377,51.93026],[4.48365,51.93041],[4.48387,51.93055],[4.4843,51.93096]]]}},{"type":"Feature","id":"05580","properties":{},"geometry":{"type":"Polygon","coordinates":[[[4.43641,51.9244],[4.436,51.92394],[4.43595,51.9238],[4.43586,51.92369],[4.43552,51.92354],[4.43543,51.9236],[4.43234,51.92608],[4.43755,51.92901],[4.43871,51.92965],[4.43969,51.93021],[4.43999,51.93009],[4.43993,51.93],[4.43995,51.92989],[4.44005,51.92981],[4.44023,51.92973],[4.44042,51.92972],[4.44087,51.9298],[4.44101,51.9297],[4.44161,51.92953],[4.44136,51.92918],[4.44112,51.92906],[4.44083,51.9286],[4.44055,51.92838],[4.44019,51.92822],[4.44009,51.92813],[4.43991,51.92792],[4.43995,51.92787],[4.43988,51.92778],[4.43982,51.92784],[4.43969,51.92767],[4.43971,51.92767],[4.43961,51.9276],[4.43934,51.92753],[4.43897,51.92771],[4.43641,51.9244]]]}},{"type":"Feature","id":"05581","properties":{},"geometry":{"type":"Polygon","coordinates":[[[4.44538,51.92329],[4.44457,51.92303],[4.44384,51.92287],[4.44124,51.92257],[4.44129,51.92237],[4.43753,51.92206],[4.43745,51.92202],[4.43741,51.92205],[4.43725,51.92203],[4.43698,51.92224],[4.43654,51.92274],[4.43552,51.92354],[4.43586,51.92369],[4.43595,51.9238],[4.436,51.92394],[4.43641,51.9244],[4.43897,51.92771],[4.43934,51.92753],[4.43961,51.9276],[4.43971,51.92767],[4.43969,51.92767],[4.43982,51.92784],[4.43988,51.92778],[4.43995,51.92787],[4.43991,51.92792],[4.44009,51.92813],[4.44019,51.92822],[4.44055,51.92838],[4.44083,51.9286],[4.44112,51.92906],[4.44136,51.92918],[4.44161,51.92953],[4.44101,51.9297],[4.44087,51.9298],[4.44042,51.92972],[4.44023,51.92973],[4.44005,51.92981],[4.43995,51.92989],[4.43993,51.93],[4.43999,51.93009],[4.43969,51.93021],[4.44078,51.93083],[4.4413,51.93052],[4.44161,51.9304],[4.44166,51.9304],[4.44168,51.93043],[4.44268,51.93026],[4.44286,51.93027],[4.44304,51.93017],[4.44377,51.93005],[4.44636,51.92984],[4.44679,51.92977],[4.44751,51.92961],[4.44754,51.92967],[4.44769,51.92964],[4.44767,51.92958],[4.44842,51.92941],[4.44826,51.92892],[4.44781,51.92734],[4.44777,51.92687],[4.44783,51.92639],[4.44801,51.92575],[4.44788,51.92536],[4.44749,51.92477],[4.44716,51.92439],[4.44672,51.92402],[4.4462,51.92368],[4.44538,51.92329]]]}},{"type":"Feature","id":"05582","properties":{},"geometry":{"type":"Polygon","coordinates":[[[4.4484,51.9295],[4.44844,51.9295],[4.44842,51.92941],[4.44767,51.92958],[4.44769,51.92964],[4.44754,51.92967],[4.44751,51.92961],[4.44679,51.92977],[4.44636,51.92984],[4.44377,51.93005],[4.44304,51.93017],[4.44286,51.93027],[4.44268,51.93026],[4.44168,51.93043],[4.44166,51.9304],[4.44161,51.9304],[4.4413,51.93052],[4.44078,51.93083],[4.44533,51.93338],[4.44592,51.93365],[4.44607,51.93353],[4.44634,51.93368],[4.44748,51.9339],[4.4497,51.93357],[4.44962,51.93329],[4.44956,51.93311],[4.44948,51.93312],[4.44892,51.93127],[4.4484,51.9295]]]}},{"type":"Feature","id":"06600","properties":{},"geometry":{"type":"Polygon","coordinates":[[[4.48417,51.97282],[4.48334,51.97325],[4.48317,51.97348],[4.48295,51.97359],[4.46901,51.98055],[4.46887,51.98048],[4.46945,51.98019],[4.46923,51.97998],[4.46918,51.98001],[4.46854,51.9795],[4.46778,51.97905],[4.46668,51.9785],[4.4658,51.97893],[4.46412,51.97831],[4.46324,51.97753],[4.46402,51.97715],[4.46135,51.97484],[4.4616,51.97387],[4.46175,51.97371],[4.46222,51.97268],[4.46196,51.97251],[4.46016,51.97161],[4.46057,51.97017],[4.46057,51.96955],[4.4604,51.96915],[4.46024,51.96895],[4.46155,51.96927],[4.46213,51.96933],[4.46249,51.96937],[4.4625,51.96901],[4.46377,51.96918],[4.46585,51.96951],[4.46595,51.96956],[4.46596,51.96962],[4.46688,51.96977],[4.46718,51.96985],[4.46908,51.9701],[4.471,51.97029],[4.47398,51.97065],[4.47472,51.97071],[4.47788,51.9711],[4.48173,51.97198],[4.48241,51.97209],[4.48313,51.97215],[4.48372,51.97219],[4.48374,51.97233],[4.48382,51.97239],[4.48373,51.97254],[4.48382,51.97279],[4.48417,51.97282]]]}},{"type":"Feature","id":"06601","properties":{},"geometry":{"type":"Polygon","coordinates":[[[4.46233,51.95709],[4.46233,51.95705],[4.46159,51.95706],[4.46166,51.95802],[4.46169,51.96072],[4.46169,51.962],[4.46164,51.96248],[4.46146,51.96313],[4.46118,51.96365],[4.46082,51.96412],[4.46038,51.96457],[4.46003,51.96486],[4.45829,51.96611],[4.45821,51.96619],[4.45821,51.96632],[4.45812,51.96636],[4.45801,51.96636],[4.45794,51.96644],[4.45799,51.96645],[4.45768,51.96669],[4.45731,51.96693],[4.45682,51.96731],[4.45777,51.9676],[4.45878,51.96799],[4.4601,51.96878],[4.46024,51.96895],[4.46155,51.96927],[4.46213,51.96933],[4.46249,51.96937],[4.4625,51.96901],[4.46377,51.96918],[4.46585,51.96951],[4.46595,51.96956],[4.46596,51.96962],[4.46688,51.96977],[4.46718,51.96985],[4.46908,51.9701],[4.471,51.97029],[4.47398,51.97065],[4.47408,51.97053],[4.47534,51.96993],[4.47547,51.96991],[4.47792,51.96871],[4.47809,51.96859],[4.47775,51.96843],[4.47653,51.96784],[4.47649,51.96787],[4.47626,51.96775],[4.47629,51.96773],[4.47483,51.96703],[4.47494,51.9668],[4.47534,51.96633],[4.47546,51.96624],[4.4753,51.96612],[4.47567,51.96594],[4.47572,51.96588],[4.47502,51.96478],[4.47582,51.96445],[4.47566,51.96432],[4.47503,51.96456],[4.47486,51.96458],[4.47261,51.96569],[4.47255,51.96564],[4.47243,51.9657],[4.47228,51.96577],[4.47234,51.96582],[4.47105,51.96646],[4.46862,51.96463],[4.4677,51.96392],[4.46764,51.96383],[4.46749,51.96367],[4.46507,51.96179],[4.46412,51.96106],[4.46412,51.96097],[4.46396,51.96096],[4.46395,51.96086],[4.46375,51.96084],[4.46352,51.96068],[4.46265,51.96068],[4.46248,51.96072],[4.4624,51.95795],[4.46244,51.95713],[4.46233,51.95709]]]}},{"type":"Feature","id":"06602","properties":{},"geometry":{"type":"Polygon","coordinates":[[[4.48254,51.96178],[4.48192,51.96063],[4.4814,51.96082],[4.48039,51.96131],[4.48043,51.96135],[4.48034,51.96139],[4.4803,51.96136],[4.4793,51.96185],[4.47692,51.96302],[4.47512,51.9639],[4.47566,51.96432],[4.47582,51.96445],[4.47502,51.96478],[4.47572,51.96588],[4.47567,51.96594],[4.4753,51.96612],[4.47546,51.96624],[4.47534,51.96633],[4.47494,51.9668],[4.47483,51.96703],[4.47629,51.96773],[4.47626,51.96775],[4.47649,51.96787],[4.47653,51.96784],[4.47775,51.96843],[4.47809,51.96859],[4.47792,51.96871],[4.47547,51.96991],[4.47534,51.96993],[4.47408,51.97053],[4.47398,51.97065],[4.47472,51.97071],[4.47788,51.9711],[4.48173,51.97198],[4.48241,51.97209],[4.48313,51.97215],[4.48372,51.97219],[4.48374,51.97233],[4.48382,51.97239],[4.48373,51.97254],[4.48382,51.97279],[4.48417,51.97282],[4.48581,51.97199],[4.48671,51.97173],[4.49101,51.96955],[4.49091,51.96954],[4.49072,51.96945],[4.48892,51.96842],[4.48777,51.96772],[4.48769,51.96777],[4.48707,51.96741],[4.48655,51.96733],[4.48644,51.96706],[4.48635,51.967],[4.48526,51.96637],[4.48522,51.96638],[4.48495,51.96619],[4.48472,51.96588],[4.48464,51.96592],[4.48456,51.96578],[4.48469,51.96575],[4.48464,51.96567],[4.48453,51.96573],[4.48426,51.96523],[4.48439,51.9652],[4.48382,51.96414],[4.48375,51.96401],[4.48363,51.96403],[4.48346,51.96377],[4.48331,51.96355],[4.48322,51.96324],[4.48247,51.96188],[4.48257,51.96185],[4.48254,51.96178]]]}},{"type":"Feature","id":"06603","properties":{},"geometry":{"type":"Polygon","coordinates":[[[4.46739,51.95889],[4.4663,51.95896],[4.46589,51.95899],[4.4641,51.95986],[4.46412,51.96097],[4.46412,51.96106],[4.46507,51.96179],[4.46749,51.96367],[4.46764,51.96383],[4.4677,51.96392],[4.46862,51.96463],[4.47105,51.96646],[4.47234,51.96582],[4.47228,51.96577],[4.47243,51.9657],[4.47255,51.96564],[4.47261,51.96569],[4.47486,51.96458],[4.4741,51.9639],[4.47256,51.96269],[4.4719,51.96216],[4.47181,51.96216],[4.47158,51.96198],[4.47155,51.96199],[4.47147,51.96194],[4.47131,51.96179],[4.46958,51.96044],[4.4675,51.95883],[4.46739,51.95889]]]}},{"type":"Feature","id":"06604","properties":{},"geometry":{"type":"Polygon","coordinates":[[[4.47506,51.95849],[4.47502,51.95851],[4.47484,51.95837],[4.4748,51.95839],[4.47365,51.95752],[4.47233,51.9565],[4.47198,51.95603],[4.47141,51.95631],[4.47139,51.95636],[4.46958,51.95723],[4.46961,51.95725],[4.46949,51.95732],[4.46927,51.95742],[4.46922,51.95738],[4.46848,51.95774],[4.46843,51.95797],[4.46807,51.95856],[4.4675,51.95883],[4.46958,51.96044],[4.47131,51.96179],[4.47147,51.96194],[4.47155,51.96199],[4.47158,51.96198],[4.47181,51.96216],[4.4719,51.96216],[4.47256,51.96269],[4.4741,51.9639],[4.47486,51.96458],[4.47503,51.96456],[4.47566,51.96432],[4.47512,51.9639],[4.47692,51.96302],[4.4793,51.96185],[4.47913,51.96171],[4.47906,51.96172],[4.47892,51.9616],[4.47894,51.96159],[4.47735,51.96035],[4.47523,51.95872],[4.47506,51.95849]]]}},{"type":"Feature","id":"06605","properties":{},"geometry":{"type":"Polygon","coordinates":[[[4.47633,51.95355],[4.47608,51.9536],[4.47605,51.95357],[4.47603,51.95361],[4.47573,51.95367],[4.47388,51.95457],[4.47157,51.9557],[4.47198,51.95603],[4.47233,51.9565],[4.47365,51.95752],[4.4748,51.95839],[4.47484,51.95837],[4.47502,51.95851],[4.47506,51.95849],[4.47523,51.95872],[4.47735,51.96035],[4.47894,51.96159],[4.47892,51.9616],[4.47906,51.96172],[4.47913,51.96171],[4.4793,51.96185],[4.4803,51.96136],[4.48034,51.96139],[4.48043,51.96135],[4.48039,51.96131],[4.4814,51.96082],[4.48192,51.96063],[4.48177,51.96036],[4.48167,51.96038],[4.48164,51.96033],[4.48168,51.96032],[4.481,51.95907],[4.48107,51.95904],[4.48097,51.95886],[4.48068,51.95866],[4.47946,51.9579],[4.47913,51.95779],[4.47886,51.95769],[4.47852,51.95742],[4.47819,51.95692],[4.47801,51.95647],[4.47808,51.9564],[4.4777,51.9555],[4.47681,51.95333],[4.47633,51.95355]]]}},{"type":"Feature","id":"06606","properties":{},"geometry":{"type":"Polygon","coordinates":[[[4.46249,51.95324],[4.46183,51.95326],[4.46185,51.95473],[4.4615,51.9548],[4.46157,51.95499],[4.46109,51.95505],[4.4613,51.9557],[4.46159,51.95706],[4.46233,51.95705],[4.46233,51.95709],[4.46244,51.95713],[4.4624,51.95795],[4.46248,51.96072],[4.46265,51.96068],[4.46352,51.96068],[4.46375,51.96084],[4.46395,51.96086],[4.46396,51.96096],[4.46412,51.96097],[4.4641,51.95986],[4.46589,51.95899],[4.4663,51.95896],[4.46739,51.95889],[4.4675,51.95883],[4.46807,51.95856],[4.46843,51.95797],[4.46848,51.95774],[4.46922,51.95738],[4.46927,51.95742],[4.46949,51.95732],[4.46961,51.95725],[4.46958,51.95723],[4.47139,51.95636],[4.47141,51.95631],[4.47198,51.95603],[4.47157,51.9557],[4.47079,51.95509],[4.47116,51.95491],[4.47113,51.95489],[4.47076,51.95507],[4.47002,51.9545],[4.46967,51.95427],[4.46922,51.95409],[4.46831,51.95385],[4.46805,51.9542],[4.4681,51.95421],[4.46797,51.95445],[4.46706,51.95422],[4.46705,51.95424],[4.46584,51.95396],[4.46583,51.95397],[4.4648,51.95375],[4.46481,51.95373],[4.46455,51.95367],[4.46433,51.95365],[4.46249,51.95324]]]}},{"type":"Feature","id":"06607","properties":{},"geometry":{"type":"Polygon","coordinates":[[[4.46978,51.95129],[4.46979,51.95115],[4.47025,51.95034],[4.46979,51.95023],[4.4698,51.95021],[4.47027,51.95031],[4.47039,51.95006],[4.47035,51.94996],[4.47042,51.94993],[4.47032,51.94983],[4.47013,51.94974],[4.46622,51.94889],[4.46592,51.94887],[4.46472,51.94864],[4.46468,51.94871],[4.46465,51.9487],[4.46428,51.94864],[4.46423,51.94871],[4.46402,51.94866],[4.46328,51.9487],[4.46233,51.94885],[4.46179,51.94898],[4.46165,51.949],[4.46151,51.94896],[4.46055,51.94916],[4.45976,51.9492],[4.45974,51.9508],[4.45993,51.95204],[4.4602,51.95283],[4.46109,51.95505],[4.46157,51.95499],[4.4615,51.9548],[4.46185,51.95473],[4.46183,51.95326],[4.46249,51.95324],[4.46433,51.95365],[4.46455,51.95367],[4.46481,51.95373],[4.4648,51.95375],[4.46583,51.95397],[4.46584,51.95396],[4.46705,51.95424],[4.46706,51.95422],[4.46797,51.95445],[4.4681,51.95421],[4.46805,51.9542],[4.46831,51.95385],[4.46881,51.95298],[4.46829,51.95287],[4.46831,51.95284],[4.46882,51.95296],[4.46896,51.95272],[4.46844,51.95261],[4.46845,51.95258],[4.46897,51.9527],[4.46905,51.95256],[4.46978,51.95129]]]}},{"type":"Feature","id":"06608","properties":{},"geometry":{"type":"Polygon","coordinates":[[[4.47521,51.94964],[4.47482,51.94929],[4.47471,51.94928],[4.4734,51.94949],[4.47315,51.94954],[4.47315,51.94957],[4.47152,51.94981],[4.47135,51.94986],[4.47143,51.94992],[4.47136,51.95005],[4.47116,51.95],[4.47106,51.95007],[4.47042,51.94993],[4.47035,51.94996],[4.47039,51.95006],[4.47027,51.95031],[4.4698,51.95021],[4.46979,51.95023],[4.47025,51.95034],[4.46979,51.95115],[4.46978,51.95129],[4.46905,51.95256],[4.46897,51.9527],[4.46845,51.95258],[4.46844,51.95261],[4.46896,51.95272],[4.46882,51.95296],[4.46831,51.95284],[4.46829,51.95287],[4.46881,51.95298],[4.46831,51.95385],[4.46922,51.95409],[4.46967,51.95427],[4.47002,51.9545],[4.47076,51.95507],[4.47113,51.95489],[4.47116,51.95491],[4.47079,51.95509],[4.47157,51.9557],[4.47388,51.95457],[4.47573,51.95367],[4.47603,51.95361],[4.47605,51.95357],[4.47608,51.9536],[4.47633,51.95355],[4.47681,51.95333],[4.4766,51.95282],[4.47648,51.95266],[4.47553,51.95035],[4.47552,51.95033],[4.47521,51.94964]]]}},{"type":"Feature","id":"06609","properties":{},"geometry":{"type":"Polygon","coordinates":[[[4.47242,51.94607],[4.47183,51.94618],[4.46941,51.94642],[4.46872,51.9465],[4.46833,51.94659],[4.46828,51.9465],[4.46797,51.94652],[4.46593,51.94674],[4.46574,51.94671],[4.4656,51.94669],[4.46555,51.94675],[4.4646,51.94685],[4.4598,51.94693],[4.45976,51.9492],[4.46055,51.94916],[4.46151,51.94896],[4.46165,51.949],[4.46179,51.94898],[4.46233,51.94885],[4.46328,51.9487],[4.46402,51.94866],[4.46423,51.94871],[4.46428,51.94864],[4.46465,51.9487],[4.46468,51.94871],[4.46472,51.94864],[4.46592,51.94887],[4.46622,51.94889],[4.47013,51.94974],[4.47032,51.94983],[4.47042,51.94993],[4.47106,51.95007],[4.47116,51.95],[4.47136,51.95005],[4.47143,51.94992],[4.47135,51.94986],[4.47152,51.94981],[4.47315,51.94957],[4.47315,51.94954],[4.4734,51.94949],[4.47471,51.94928],[4.47447,51.94905],[4.47445,51.94898],[4.47458,51.9489],[4.47463,51.94878],[4.47461,51.94837],[4.47441,51.94782],[4.47401,51.94704],[4.47392,51.94648],[4.4738,51.94642],[4.47271,51.94619],[4.47277,51.94607],[4.47242,51.94607]]]}},{"type":"Feature","id":"06610","properties":{},"geometry":{"type":"Polygon","coordinates":[[[4.48354,51.94603],[4.48302,51.94543],[4.48295,51.94542],[4.48293,51.94539],[4.48298,51.94537],[4.48294,51.94532],[4.48289,51.94533],[4.48265,51.94496],[4.47807,51.94548],[4.4779,51.94557],[4.47785,51.94554],[4.47677,51.94547],[4.47615,51.94538],[4.47606,51.94542],[4.47593,51.94541],[4.47589,51.94543],[4.47581,51.94546],[4.47577,51.94543],[4.47569,51.94543],[4.47566,51.94539],[4.47456,51.94546],[4.47447,51.94552],[4.47416,51.94549],[4.47406,51.94612],[4.47394,51.94632],[4.47392,51.94648],[4.47401,51.94704],[4.47441,51.94782],[4.47461,51.94837],[4.47463,51.94878],[4.47458,51.9489],[4.47445,51.94898],[4.47447,51.94905],[4.47471,51.94928],[4.47482,51.94929],[4.47521,51.94964],[4.47552,51.95033],[4.47553,51.95035],[4.47595,51.95025],[4.47586,51.95001],[4.47589,51.94996],[4.47674,51.94961],[4.47765,51.94918],[4.47777,51.94918],[4.47897,51.94861],[4.47925,51.9484],[4.47947,51.94802],[4.4803,51.94754],[4.48041,51.9476],[4.4805,51.94754],[4.48354,51.94603]]]}},{"type":"Feature","id":"06611","properties":{},"geometry":{"type":"Polygon","coordinates":[[[4.46993,51.94224],[4.46918,51.94218],[4.4695,51.94076],[4.4693,51.94074],[4.4693,51.94069],[4.46871,51.94062],[4.46836,51.94062],[4.46784,51.94066],[4.46748,51.94073],[4.46755,51.94042],[4.46747,51.94041],[4.46085,51.9395],[4.46078,51.93964],[4.46172,51.93982],[4.46194,51.93981],[4.46195,51.9399],[4.46217,51.93991],[4.46268,51.94003],[4.46352,51.94034],[4.46436,51.94079],[4.46512,51.94137],[4.46526,51.94154],[4.465,51.94261],[4.465,51.94285],[4.46506,51.94285],[4.46508,51.94299],[4.46511,51.94317],[4.46533,51.94357],[4.46595,51.94441],[4.46597,51.9449],[4.46603,51.94496],[4.466,51.94531],[4.46607,51.94533],[4.46599,51.94536],[4.46598,51.94546],[4.46592,51.94546],[4.46592,51.94551],[4.46616,51.94542],[4.46686,51.94535],[4.46687,51.94545],[4.46643,51.94557],[4.46634,51.94585],[4.466,51.94652],[4.46591,51.94656],[4.46593,51.94674],[4.46797,51.94652],[4.46828,51.9465],[4.46833,51.94659],[4.46872,51.9465],[4.46941,51.94642],[4.47183,51.94618],[4.47242,51.94607],[4.47277,51.94607],[4.47271,51.94619],[4.4738,51.94642],[4.47392,51.94648],[4.47394,51.94632],[4.47406,51.94612],[4.47416,51.94549],[4.47375,51.94536],[4.47384,51.94518],[4.47392,51.94511],[4.47188,51.9435],[4.47143,51.94345],[4.4715,51.9432],[4.47115,51.94293],[4.47071,51.9429],[4.47073,51.94277],[4.47045,51.94275],[4.4705,51.94252],[4.4704,51.94244],[4.47011,51.94241],[4.46991,51.94236],[4.46993,51.94224]]]}},{"type":"Feature","id":"06612","properties":{},"geometry":{"type":"Polygon","coordinates":[[[4.47572,51.94323],[4.47551,51.94327],[4.47558,51.94296],[4.47388,51.94281],[4.47389,51.94278],[4.47396,51.94278],[4.47371,51.94274],[4.47361,51.94281],[4.4735,51.94274],[4.47276,51.94264],[4.4726,51.94266],[4.47254,51.94261],[4.47193,51.94253],[4.47124,51.94286],[4.47116,51.94287],[4.47115,51.94293],[4.4715,51.9432],[4.47143,51.94345],[4.47188,51.9435],[4.47392,51.94511],[4.47384,51.94518],[4.47375,51.94536],[4.47416,51.94549],[4.47447,51.94552],[4.47456,51.94546],[4.47566,51.94539],[4.47569,51.94543],[4.47577,51.94543],[4.47581,51.94546],[4.47589,51.94543],[4.47593,51.94541],[4.47606,51.94542],[4.47615,51.94538],[4.47677,51.94547],[4.47785,51.94554],[4.4779,51.94557],[4.47807,51.94548],[4.48265,51.94496],[4.48218,51.94424],[4.48215,51.94425],[4.48194,51.94381],[4.48094,51.94401],[4.48067,51.94338],[4.48029,51.94317],[4.47996,51.94317],[4.47996,51.94314],[4.47868,51.94316],[4.47841,51.94319],[4.47665,51.94322],[4.47572,51.94323]]]}},{"type":"Feature","id":"06613","properties":{},"geometry":{"type":"Polygon","coordinates":[[[4.47449,51.94145],[4.47259,51.94118],[4.47171,51.94101],[4.47023,51.94086],[4.47024,51.94081],[4.46991,51.94077],[4.4693,51.94069],[4.4693,51.94074],[4.4695,51.94076],[4.46918,51.94218],[4.46993,51.94224],[4.46991,51.94236],[4.47011,51.94241],[4.4704,51.94244],[4.4705,51.94252],[4.47045,51.94275],[4.47073,51.94277],[4.47071,51.9429],[4.47115,51.94293],[4.47116,51.94287],[4.47124,51.94286],[4.47193,51.94253],[4.47254,51.94261],[4.4726,51.94266],[4.47276,51.94264],[4.4735,51.94274],[4.47361,51.94281],[4.47371,51.94274],[4.47396,51.94278],[4.47389,51.94278],[4.47388,51.94281],[4.47558,51.94296],[4.47551,51.94327],[4.47572,51.94323],[4.47665,51.94322],[4.47841,51.94319],[4.47868,51.94316],[4.47996,51.94314],[4.47996,51.94317],[4.48029,51.94317],[4.48067,51.94338],[4.48094,51.94401],[4.48194,51.94381],[4.48123,51.94285],[4.48099,51.94259],[4.48084,51.94259],[4.4808,51.94252],[4.48085,51.94245],[4.4805,51.94216],[4.48044,51.94216],[4.4804,51.94226],[4.47852,51.94197],[4.47836,51.94197],[4.47589,51.94161],[4.47449,51.94145]]]}},{"type":"Feature","id":"06614","properties":{},"geometry":{"type":"Polygon","coordinates":[[[4.48741,51.94477],[4.48696,51.94461],[4.48665,51.94443],[4.48637,51.94421],[4.48587,51.94349],[4.48581,51.94324],[4.48583,51.94307],[4.48594,51.94295],[4.48503,51.94282],[4.485,51.94289],[4.48259,51.94258],[4.48259,51.94256],[4.48194,51.94246],[4.48191,51.9425],[4.48156,51.94245],[4.48119,51.94234],[4.48118,51.94238],[4.48108,51.94231],[4.48107,51.94224],[4.4805,51.94216],[4.48085,51.94245],[4.4808,51.94252],[4.48084,51.94259],[4.48099,51.94259],[4.48123,51.94285],[4.48194,51.94381],[4.48215,51.94425],[4.48218,51.94424],[4.48265,51.94496],[4.48289,51.94533],[4.48294,51.94532],[4.48298,51.94537],[4.48293,51.94539],[4.48295,51.94542],[4.48302,51.94543],[4.48354,51.94603],[4.48413,51.94663],[4.48558,51.94799],[4.48584,51.94789],[4.48594,51.94799],[4.48688,51.9475],[4.48912,51.94647],[4.48965,51.94611],[4.48962,51.94608],[4.48987,51.94593],[4.49016,51.9461],[4.49025,51.94609],[4.49025,51.94602],[4.49059,51.94556],[4.48907,51.94513],[4.48757,51.94479],[4.48741,51.94477]]]}},{"type":"Feature","id":"06615","properties":{},"geometry":{"type":"Polygon","coordinates":[[[4.46506,51.94285],[4.465,51.94285],[4.465,51.94261],[4.46526,51.94154],[4.46512,51.94137],[4.46436,51.94079],[4.46352,51.94034],[4.46268,51.94003],[4.46217,51.93991],[4.46195,51.9399],[4.46194,51.93981],[4.46172,51.93982],[4.46078,51.93964],[4.46047,51.93959],[4.46012,51.94042],[4.45998,51.94111],[4.45986,51.94471],[4.4598,51.94693],[4.4646,51.94685],[4.46555,51.94675],[4.4656,51.94669],[4.46574,51.94671],[4.46593,51.94674],[4.46591,51.94656],[4.466,51.94652],[4.46634,51.94585],[4.46643,51.94557],[4.46687,51.94545],[4.46686,51.94535],[4.46616,51.94542],[4.46592,51.94551],[4.46592,51.94546],[4.46598,51.94546],[4.46599,51.94536],[4.46607,51.94533],[4.466,51.94531],[4.46603,51.94496],[4.46597,51.9449],[4.46595,51.94441],[4.46533,51.94357],[4.46511,51.94317],[4.46508,51.94299],[4.46506,51.94285]]]}},{"type":"Feature","id":"06620","properties":{},"geometry":{"type":"Polygon","coordinates":[[[4.48651,51.9632],[4.48641,51.96322],[4.48595,51.96232],[4.48592,51.96197],[4.48626,51.96061],[4.48621,51.96058],[4.48581,51.96055],[4.48403,51.96043],[4.48391,51.96038],[4.4834,51.96036],[4.48336,51.9603],[4.4831,51.96036],[4.48315,51.96043],[4.48284,51.96053],[4.48266,51.96054],[4.48248,51.9605],[4.48192,51.96063],[4.48254,51.96178],[4.48257,51.96185],[4.48247,51.96188],[4.48322,51.96324],[4.48331,51.96355],[4.48346,51.96377],[4.48363,51.96403],[4.48375,51.96401],[4.48382,51.96414],[4.48439,51.9652],[4.48426,51.96523],[4.48453,51.96573],[4.48464,51.96567],[4.48469,51.96575],[4.48456,51.96578],[4.48464,51.96592],[4.48472,51.96588],[4.48495,51.96619],[4.48522,51.96638],[4.48526,51.96637],[4.48635,51.967],[4.48644,51.96706],[4.48655,51.96733],[4.48707,51.96741],[4.48769,51.96777],[4.48777,51.96772],[4.48892,51.96842],[4.49072,51.96945],[4.49091,51.96954],[4.49101,51.96955],[4.49523,51.96741],[4.49517,51.96742],[4.49522,51.96545],[4.49523,51.96531],[4.49524,51.96503],[4.49535,51.96471],[4.4953,51.96455],[4.49536,51.96406],[4.4955,51.96406],[4.49543,51.96397],[4.495,51.96368],[4.49528,51.96353],[4.49459,51.96362],[4.49457,51.96365],[4.49429,51.9637],[4.49243,51.96368],[4.49244,51.9634],[4.49126,51.96339],[4.49126,51.96337],[4.49122,51.96337],[4.48858,51.96335],[4.48859,51.96318],[4.48692,51.96317],[4.48653,51.96325],[4.48651,51.9632]]]}},{"type":"Feature","id":"06621","properties":{},"geometry":{"type":"Polygon","coordinates":[[[4.49126,51.96339],[4.49244,51.9634],[4.49243,51.96368],[4.49429,51.9637],[4.49457,51.96365],[4.49459,51.96362],[4.49528,51.96353],[4.49539,51.96346],[4.49541,51.96239],[4.49548,51.96223],[4.49512,51.961],[4.49504,51.96067],[4.49508,51.96066],[4.49503,51.9604],[4.49489,51.95986],[4.49486,51.95977],[4.4948,51.95978],[4.49466,51.95925],[4.49459,51.95926],[4.49458,51.95911],[4.49453,51.95911],[4.49414,51.95915],[4.49334,51.95953],[4.49329,51.95949],[4.49315,51.95954],[4.493,51.95961],[4.49302,51.95962],[4.49179,51.96016],[4.49185,51.96021],[4.49147,51.96038],[4.49138,51.96049],[4.49128,51.96049],[4.49128,51.96051],[4.49099,51.96049],[4.49091,51.96052],[4.48583,51.96048],[4.48581,51.96055],[4.48621,51.96058],[4.48626,51.96061],[4.48592,51.96197],[4.48595,51.96232],[4.48641,51.96322],[4.48651,51.9632],[4.48653,51.96325],[4.48692,51.96317],[4.48859,51.96318],[4.48858,51.96335],[4.49122,51.96337],[4.49126,51.96337],[4.49126,51.96339]]]}},{"type":"Feature","id":"06622","properties":{},"geometry":{"type":"Polygon","coordinates":[[[4.48931,51.95635],[4.4884,51.95642],[4.48823,51.95647],[4.48785,51.9562],[4.4873,51.9562],[4.48717,51.95622],[4.48457,51.95751],[4.48409,51.95715],[4.484,51.95715],[4.48391,51.95708],[4.48408,51.957],[4.48393,51.95699],[4.48367,51.95679],[4.48284,51.95721],[4.48262,51.95718],[4.48112,51.95801],[4.48093,51.95806],[4.48069,51.95783],[4.48002,51.95741],[4.47954,51.95768],[4.47945,51.95758],[4.47938,51.95761],[4.47913,51.95779],[4.47946,51.9579],[4.48068,51.95866],[4.48097,51.95886],[4.48107,51.95904],[4.481,51.95907],[4.48168,51.96032],[4.48164,51.96033],[4.48167,51.96038],[4.48177,51.96036],[4.48192,51.96063],[4.48248,51.9605],[4.48266,51.96054],[4.48284,51.96053],[4.48315,51.96043],[4.4831,51.96036],[4.48336,51.9603],[4.4834,51.96036],[4.48391,51.96038],[4.48403,51.96043],[4.48581,51.96055],[4.48583,51.96048],[4.49091,51.96052],[4.49099,51.96049],[4.49128,51.96051],[4.49128,51.96049],[4.49138,51.96049],[4.49147,51.96038],[4.49185,51.96021],[4.49179,51.96016],[4.49302,51.95962],[4.493,51.95961],[4.49315,51.95954],[4.49329,51.95949],[4.49334,51.95953],[4.49414,51.95915],[4.49453,51.95911],[4.4945,51.95903],[4.49443,51.95877],[4.4941,51.95887],[4.49342,51.95918],[4.49336,51.95916],[4.49307,51.95929],[4.49283,51.9591],[4.49301,51.95901],[4.49101,51.95737],[4.49008,51.95643],[4.48986,51.95623],[4.48931,51.95635]]]}},{"type":"Feature","id":"06623","properties":{},"geometry":{"type":"Polygon","coordinates":[[[4.49474,51.95555],[4.49433,51.95543],[4.49406,51.95524],[4.49364,51.95487],[4.49341,51.95498],[4.49296,51.95453],[4.49235,51.95403],[4.49209,51.95416],[4.49207,51.95414],[4.49206,51.95417],[4.49099,51.95473],[4.49103,51.95476],[4.4909,51.95487],[4.49063,51.955],[4.4906,51.95498],[4.48876,51.95583],[4.48867,51.95582],[4.48845,51.95588],[4.48785,51.9562],[4.48823,51.95647],[4.4884,51.95642],[4.48931,51.95635],[4.48986,51.95623],[4.49008,51.95643],[4.49101,51.95737],[4.49301,51.95901],[4.49283,51.9591],[4.49307,51.95929],[4.49336,51.95916],[4.49342,51.95918],[4.4941,51.95887],[4.49443,51.95877],[4.49454,51.95875],[4.49451,51.95865],[4.49481,51.95862],[4.49493,51.9587],[4.49563,51.95833],[4.49561,51.95828],[4.49577,51.95824],[4.49656,51.9578],[4.49664,51.95786],[4.49688,51.95774],[4.49679,51.95768],[4.49766,51.95723],[4.49769,51.95722],[4.49759,51.95718],[4.49706,51.95706],[4.49675,51.9573],[4.49463,51.95572],[4.49474,51.95555]]]}},{"type":"Feature","id":"06624","properties":{},"geometry":{"type":"Polygon","coordinates":[[[4.48558,51.94799],[4.48903,51.95122],[4.48929,51.9515],[4.48968,51.95212],[4.48991,51.95235],[4.49054,51.95287],[4.49143,51.95336],[4.49235,51.95403],[4.49209,51.95416],[4.49207,51.95414],[4.49206,51.95417],[4.49099,51.95473],[4.49103,51.95476],[4.4909,51.95487],[4.49063,51.955],[4.4906,51.95498],[4.48876,51.95583],[4.48867,51.95582],[4.48845,51.95588],[4.48785,51.9562],[4.4873,51.9562],[4.48717,51.95622],[4.48457,51.95751],[4.48409,51.95715],[4.484,51.95715],[4.48391,51.95708],[4.48408,51.957],[4.48393,51.95699],[4.48367,51.95679],[4.48284,51.95721],[4.48262,51.95718],[4.48112,51.95801],[4.48093,51.95806],[4.48069,51.95783],[4.48002,51.95741],[4.47954,51.95768],[4.47945,51.95758],[4.47938,51.95761],[4.47913,51.95779],[4.47886,51.95769],[4.47852,51.95742],[4.47819,51.95692],[4.47801,51.95647],[4.47808,51.9564],[4.4777,51.9555],[4.47681,51.95333],[4.4766,51.95282],[4.47648,51.95266],[4.47553,51.95035],[4.47595,51.95025],[4.47586,51.95001],[4.47589,51.94996],[4.47674,51.94961],[4.47765,51.94918],[4.47777,51.94918],[4.47897,51.94861],[4.47925,51.9484],[4.47947,51.94802],[4.4803,51.94754],[4.48041,51.9476],[4.4805,51.94754],[4.48354,51.94603],[4.48413,51.94663],[4.48558,51.94799]]]}},{"type":"Feature","id":"06625","properties":{},"geometry":{"type":"Polygon","coordinates":[[[4.49463,51.95572],[4.49474,51.95555],[4.49433,51.95543],[4.49406,51.95524],[4.49364,51.95487],[4.49341,51.95498],[4.49296,51.95453],[4.49235,51.95403],[4.49143,51.95336],[4.49054,51.95287],[4.48991,51.95235],[4.48968,51.95212],[4.48929,51.9515],[4.48903,51.95122],[4.48558,51.94799],[4.48584,51.94789],[4.48594,51.94799],[4.48688,51.9475],[4.48912,51.94647],[4.48965,51.94611],[4.48962,51.94608],[4.48987,51.94593],[4.49016,51.9461],[4.49025,51.94609],[4.49025,51.94602],[4.49059,51.94556],[4.49198,51.94589],[4.49308,51.94604],[4.49376,51.94605],[4.4948,51.94595],[4.49612,51.94576],[4.497,51.94572],[4.49756,51.9458],[4.49784,51.94587],[4.49811,51.94598],[4.49835,51.94612],[4.49887,51.94661],[4.49903,51.94685],[4.4991,51.94702],[4.49951,51.94857],[4.49972,51.94913],[4.49978,51.94952],[4.49988,51.94984],[4.50005,51.95008],[4.50022,51.9502],[4.50062,51.95037],[4.5026,51.95086],[4.50395,51.95108],[4.50455,51.95109],[4.50569,51.95108],[4.50668,51.95102],[4.50745,51.95095],[4.508,51.95084],[4.50827,51.95134],[4.5086,51.95155],[4.50836,51.95175],[4.50809,51.95189],[4.50803,51.95188],[4.50734,51.95225],[4.50703,51.95236],[4.50712,51.95244],[4.50355,51.95424],[4.4985,51.95678],[4.49784,51.95705],[4.49759,51.95718],[4.49706,51.95706],[4.49675,51.9573],[4.49463,51.95572]]]}},{"type":"Feature","id":"06640","properties":{},"geometry":{"type":"Polygon","coordinates":[[[4.48583,51.94307],[4.48805,51.94338],[4.48806,51.94346],[4.49225,51.94401],[4.49236,51.94381],[4.49241,51.94382],[4.49241,51.94389],[4.49251,51.94392],[4.49246,51.94408],[4.4938,51.94462],[4.49374,51.94472],[4.49381,51.9448],[4.49596,51.94543],[4.4959,51.94544],[4.4961,51.94566],[4.49612,51.94576],[4.4948,51.94595],[4.49376,51.94605],[4.49308,51.94604],[4.49198,51.94589],[4.49059,51.94556],[4.48907,51.94513],[4.48757,51.94479],[4.48741,51.94477],[4.48696,51.94461],[4.48665,51.94443],[4.48637,51.94421],[4.48587,51.94349],[4.48581,51.94324],[4.48583,51.94307]]]}},{"type":"Feature","id":"06641","properties":{},"geometry":{"type":"Polygon","coordinates":[[[4.5078,51.94783],[4.50783,51.94773],[4.50775,51.94768],[4.50773,51.94762],[4.50795,51.94688],[4.50825,51.94607],[4.49932,51.94481],[4.49251,51.94392],[4.49246,51.94408],[4.4938,51.94462],[4.49374,51.94472],[4.49381,51.9448],[4.49596,51.94543],[4.4959,51.94544],[4.4961,51.94566],[4.49612,51.94576],[4.497,51.94572],[4.49756,51.9458],[4.49784,51.94587],[4.49811,51.94598],[4.49835,51.94612],[4.49887,51.94661],[4.49903,51.94685],[4.4991,51.94702],[4.49951,51.94857],[4.49972,51.94913],[4.49978,51.94952],[4.49988,51.94984],[4.50005,51.95008],[4.50022,51.9502],[4.50062,51.95037],[4.5026,51.95086],[4.50395,51.95108],[4.50455,51.95109],[4.50569,51.95108],[4.50668,51.95102],[4.50745,51.95095],[4.508,51.95084],[4.50871,51.95072],[4.50958,51.95067],[4.50996,51.95076],[4.51036,51.95101],[4.51059,51.95108],[4.51206,51.95133],[4.51238,51.95062],[4.51264,51.95072],[4.5135,51.95073],[4.51367,51.9503],[4.51385,51.95033],[4.51399,51.95001],[4.51393,51.94997],[4.51397,51.94986],[4.51401,51.94986],[4.51436,51.94905],[4.51075,51.94834],[4.51078,51.94827],[4.51069,51.94824],[4.51054,51.94821],[4.51052,51.94826],[4.5078,51.94783]]]}},{"type":"Feature","id":"06642","properties":{},"geometry":{"type":"Polygon","coordinates":[[[4.52477,51.95191],[4.52475,51.95196],[4.52483,51.95199],[4.52498,51.95229],[4.52538,51.95224],[4.52521,51.95193],[4.5252,51.95174],[4.52544,51.95118],[4.5255,51.95119],[4.52627,51.94943],[4.52633,51.94929],[4.52626,51.94928],[4.52651,51.94873],[4.5266,51.94856],[4.52642,51.94855],[4.52642,51.94848],[4.52614,51.94844],[4.5261,51.94852],[4.52604,51.94854],[4.52581,51.94852],[4.52573,51.94848],[4.52376,51.94828],[4.5145,51.94699],[4.51132,51.9465],[4.51081,51.94639],[4.50936,51.94622],[4.50825,51.94607],[4.50795,51.94688],[4.50773,51.94762],[4.50775,51.94768],[4.50783,51.94773],[4.5078,51.94783],[4.51052,51.94826],[4.51054,51.94821],[4.51069,51.94824],[4.51078,51.94827],[4.51075,51.94834],[4.51436,51.94905],[4.51401,51.94986],[4.51397,51.94986],[4.51393,51.94997],[4.51399,51.95001],[4.51385,51.95033],[4.51367,51.9503],[4.5135,51.95073],[4.51264,51.95072],[4.51238,51.95062],[4.51206,51.95133],[4.51233,51.95139],[4.51253,51.95147],[4.51292,51.95171],[4.51393,51.95219],[4.51473,51.95238],[4.51664,51.95311],[4.51756,51.95374],[4.51773,51.95391],[4.51844,51.95514],[4.5187,51.95546],[4.5188,51.95543],[4.51885,51.95544],[4.51915,51.95526],[4.51924,51.95517],[4.52003,51.95472],[4.52028,51.95443],[4.52029,51.95435],[4.52077,51.95414],[4.52081,51.95416],[4.52129,51.95389],[4.52109,51.95375],[4.52106,51.95377],[4.52091,51.95365],[4.52418,51.95182],[4.52477,51.95191]]]}},{"type":"Feature","id":"06643","properties":{},"geometry":{"type":"Polygon","coordinates":[[[4.52882,51.95214],[4.5289,51.95209],[4.52847,51.95199],[4.52815,51.95186],[4.52782,51.95168],[4.52755,51.95147],[4.52736,51.95126],[4.52723,51.95103],[4.52714,51.95076],[4.52715,51.95044],[4.52726,51.95013],[4.52755,51.94977],[4.52789,51.94947],[4.52835,51.94916],[4.52825,51.94921],[4.52814,51.94909],[4.52854,51.94892],[4.5271,51.94872],[4.52706,51.94881],[4.52651,51.94873],[4.52626,51.94928],[4.52633,51.94929],[4.52627,51.94943],[4.5255,51.95119],[4.52544,51.95118],[4.5252,51.95174],[4.52521,51.95193],[4.52538,51.95224],[4.52498,51.95229],[4.52483,51.95199],[4.52475,51.95196],[4.52477,51.95191],[4.52418,51.95182],[4.52091,51.95365],[4.52106,51.95377],[4.52109,51.95375],[4.52129,51.95389],[4.52081,51.95416],[4.52077,51.95414],[4.52029,51.95435],[4.52028,51.95443],[4.52003,51.95472],[4.51924,51.95517],[4.51915,51.95526],[4.51885,51.95544],[4.5188,51.95543],[4.5187,51.95546],[4.51862,51.95549],[4.51868,51.95566],[4.51877,51.95564],[4.51886,51.95584],[4.51863,51.95601],[4.51828,51.9562],[4.51789,51.95643],[4.51731,51.95689],[4.51717,51.95704],[4.51714,51.95724],[4.51751,51.9581],[4.51787,51.9587],[4.51808,51.95914],[4.51883,51.96023],[4.51859,51.96029],[4.51932,51.96152],[4.51973,51.96206],[4.52072,51.9632],[4.52095,51.96341],[4.52107,51.96348],[4.52145,51.96358],[4.52194,51.96366],[4.5229,51.96371],[4.52315,51.96376],[4.52365,51.96392],[4.52404,51.96302],[4.52554,51.95929],[4.52631,51.95748],[4.52699,51.95605],[4.52724,51.95553],[4.52765,51.95453],[4.52868,51.9521],[4.52882,51.95214]]]}},{"type":"Feature","id":"06650","properties":{},"geometry":{"type":"Polygon","coordinates":[[[4.50056,51.9623],[4.49978,51.96169],[4.49972,51.96172],[4.49943,51.96156],[4.49686,51.96283],[4.49689,51.96285],[4.49678,51.96291],[4.49624,51.96311],[4.49601,51.96316],[4.49561,51.96338],[4.49539,51.96346],[4.49528,51.96353],[4.495,51.96368],[4.49543,51.96397],[4.4955,51.96406],[4.49536,51.96406],[4.4953,51.96455],[4.49535,51.96471],[4.49524,51.96503],[4.49523,51.96531],[4.49522,51.96545],[4.49517,51.96742],[4.49523,51.96741],[4.49526,51.9674],[4.49527,51.96785],[4.49531,51.96969],[4.49556,51.97062],[4.4958,51.97184],[4.50047,51.96947],[4.50495,51.9672],[4.50427,51.9667],[4.50408,51.96665],[4.50192,51.965],[4.50188,51.96497],[4.50205,51.96489],[4.50199,51.96484],[4.50183,51.96481],[4.50162,51.96464],[4.50156,51.96467],[4.50075,51.96406],[4.50078,51.96404],[4.49933,51.96294],[4.49929,51.96291],[4.50056,51.9623]]]}},{"type":"Feature","id":"06651","properties":{},"geometry":{"type":"Polygon","coordinates":[[[4.50084,51.95778],[4.50064,51.95778],[4.50064,51.95775],[4.49993,51.95773],[4.49992,51.95775],[4.49922,51.95765],[4.49766,51.95723],[4.49679,51.95768],[4.49688,51.95774],[4.49664,51.95786],[4.49656,51.9578],[4.49577,51.95824],[4.49561,51.95828],[4.49563,51.95833],[4.49493,51.9587],[4.49481,51.95862],[4.49451,51.95865],[4.49454,51.95875],[4.49443,51.95877],[4.4945,51.95903],[4.49453,51.95911],[4.49458,51.95911],[4.49459,51.95926],[4.49466,51.95925],[4.4948,51.95978],[4.49486,51.95977],[4.49489,51.95986],[4.49503,51.9604],[4.49508,51.96066],[4.49504,51.96067],[4.49512,51.961],[4.49548,51.96223],[4.49541,51.96239],[4.49539,51.96346],[4.49561,51.96338],[4.49601,51.96316],[4.49624,51.96311],[4.49678,51.96291],[4.49689,51.96285],[4.49686,51.96283],[4.49943,51.96156],[4.50328,51.95963],[4.50199,51.95865],[4.50117,51.95802],[4.50084,51.95778]]]}},{"type":"Feature","id":"06652","properties":{},"geometry":{"type":"Polygon","coordinates":[[[4.50415,51.9606],[4.50397,51.96047],[4.50413,51.96039],[4.50395,51.96028],[4.50402,51.96024],[4.50361,51.95993],[4.50368,51.9599],[4.5036,51.95984],[4.50351,51.95983],[4.50338,51.95976],[4.50332,51.95966],[4.50328,51.95963],[4.49943,51.96156],[4.49972,51.96172],[4.49978,51.96169],[4.50056,51.9623],[4.49929,51.96291],[4.49933,51.96294],[4.50078,51.96404],[4.50075,51.96406],[4.50156,51.96467],[4.50162,51.96464],[4.50183,51.96481],[4.50199,51.96484],[4.50205,51.96489],[4.50188,51.96497],[4.50192,51.965],[4.50408,51.96665],[4.50427,51.9667],[4.50495,51.9672],[4.50663,51.96635],[4.50584,51.96565],[4.50715,51.96498],[4.50658,51.9646],[4.50662,51.96458],[4.5061,51.96414],[4.50598,51.96387],[4.50587,51.96314],[4.50561,51.9618],[4.50552,51.9618],[4.5054,51.96122],[4.50492,51.96126],[4.50412,51.96065],[4.50415,51.9606]]]}},{"type":"Feature","id":"06653","properties":{},"geometry":{"type":"Polygon","coordinates":[[[4.50842,51.96001],[4.50645,51.961],[4.50632,51.96092],[4.50575,51.96106],[4.50574,51.9612],[4.5054,51.96122],[4.50552,51.9618],[4.50561,51.9618],[4.50587,51.96314],[4.50598,51.96387],[4.5061,51.96414],[4.50662,51.96458],[4.50658,51.9646],[4.50715,51.96498],[4.51185,51.96262],[4.51156,51.96239],[4.51148,51.96243],[4.51091,51.96201],[4.51054,51.96172],[4.51053,51.96161],[4.51041,51.96152],[4.51038,51.96154],[4.51021,51.96137],[4.50842,51.96001]]]}},{"type":"Feature","id":"06654","properties":{},"geometry":{"type":"Polygon","coordinates":[[[4.50451,51.95439],[4.50435,51.95447],[4.50393,51.95415],[4.50362,51.9543],[4.50355,51.95424],[4.4985,51.95678],[4.49784,51.95705],[4.49759,51.95718],[4.49769,51.95722],[4.49766,51.95723],[4.49922,51.95765],[4.49992,51.95775],[4.49993,51.95773],[4.50064,51.95775],[4.50064,51.95778],[4.50084,51.95778],[4.50117,51.95802],[4.50199,51.95865],[4.5021,51.9586],[4.50221,51.95847],[4.50246,51.95845],[4.50262,51.95841],[4.50251,51.95833],[4.50355,51.9578],[4.50359,51.95783],[4.50367,51.95779],[4.50363,51.95776],[4.50441,51.95737],[4.50445,51.9574],[4.50454,51.95735],[4.5045,51.95732],[4.50528,51.95693],[4.50532,51.95696],[4.50541,51.95692],[4.50537,51.95688],[4.50615,51.95649],[4.50619,51.95652],[4.50627,51.95648],[4.50624,51.95645],[4.50672,51.95621],[4.50664,51.95614],[4.50675,51.95609],[4.50507,51.95482],[4.50505,51.95483],[4.50451,51.95439]]]}},{"type":"Feature","id":"06655","properties":{},"geometry":{"type":"Polygon","coordinates":[[[4.50672,51.95621],[4.50676,51.95624],[4.50681,51.95621],[4.50686,51.95625],[4.5071,51.95621],[4.50715,51.95618],[4.50704,51.9561],[4.5071,51.95607],[4.50706,51.95603],[4.50799,51.95556],[4.50804,51.9556],[4.50813,51.95555],[4.5082,51.95557],[4.50823,51.95552],[4.50879,51.95565],[4.50975,51.95638],[4.50818,51.95717],[4.50404,51.95925],[4.50377,51.95939],[4.50379,51.95941],[4.50343,51.95956],[4.50332,51.95966],[4.50328,51.95963],[4.50199,51.95865],[4.5021,51.9586],[4.50221,51.95847],[4.50246,51.95845],[4.50262,51.95841],[4.50251,51.95833],[4.50355,51.9578],[4.50359,51.95783],[4.50367,51.95779],[4.50363,51.95776],[4.50441,51.95737],[4.50445,51.9574],[4.50454,51.95735],[4.5045,51.95732],[4.50528,51.95693],[4.50532,51.95696],[4.50541,51.95692],[4.50537,51.95688],[4.50615,51.95649],[4.50619,51.95652],[4.50627,51.95648],[4.50624,51.95645],[4.50672,51.95621]]]}},{"type":"Feature","id":"06656","properties":{},"geometry":{"type":"Polygon","coordinates":[[[4.51099,51.95777],[4.51117,51.95784],[4.51181,51.95754],[4.51196,51.95751],[4.51158,51.95718],[4.51154,51.95708],[4.51204,51.95623],[4.512,51.95615],[4.51196,51.95615],[4.51153,51.95583],[4.51151,51.95577],[4.51127,51.95562],[4.50975,51.95638],[4.50818,51.95717],[4.50404,51.95925],[4.50377,51.95939],[4.50379,51.95941],[4.50343,51.95956],[4.50332,51.95966],[4.50338,51.95976],[4.50351,51.95983],[4.5036,51.95984],[4.50368,51.9599],[4.50361,51.95993],[4.50402,51.96024],[4.50395,51.96028],[4.50413,51.96039],[4.50397,51.96047],[4.50415,51.9606],[4.50412,51.96065],[4.50492,51.96126],[4.5054,51.96122],[4.50574,51.9612],[4.50575,51.96106],[4.50632,51.96092],[4.50645,51.961],[4.50842,51.96001],[4.50907,51.95969],[4.50927,51.95949],[4.51099,51.95777]]]}},{"type":"Feature","id":"06657","properties":{},"geometry":{"type":"Polygon","coordinates":[[[4.51492,51.95532],[4.51441,51.95529],[4.51435,51.95538],[4.51423,51.95531],[4.51422,51.95534],[4.51396,51.95527],[4.51395,51.95529],[4.51334,51.95518],[4.51296,51.95517],[4.51253,51.95521],[4.51232,51.95509],[4.51127,51.95562],[4.51151,51.95577],[4.51153,51.95583],[4.51196,51.95615],[4.512,51.95615],[4.51204,51.95623],[4.51154,51.95708],[4.51158,51.95718],[4.51196,51.95751],[4.51181,51.95754],[4.51117,51.95784],[4.51099,51.95777],[4.50927,51.95949],[4.50907,51.95969],[4.50842,51.96001],[4.51021,51.96137],[4.51038,51.96154],[4.51041,51.96152],[4.51053,51.96161],[4.51054,51.96172],[4.51091,51.96201],[4.51148,51.96243],[4.51156,51.96239],[4.51185,51.96262],[4.51225,51.96242],[4.5131,51.96292],[4.51379,51.96261],[4.5139,51.96265],[4.51568,51.96175],[4.51762,51.96078],[4.51859,51.96029],[4.51883,51.96023],[4.51808,51.95914],[4.51787,51.9587],[4.51751,51.9581],[4.51714,51.95724],[4.51717,51.95704],[4.51731,51.95689],[4.51789,51.95643],[4.51828,51.9562],[4.51863,51.95601],[4.51886,51.95584],[4.51877,51.95564],[4.51868,51.95566],[4.51862,51.95549],[4.51695,51.95571],[4.51653,51.95571],[4.51615,51.95563],[4.51613,51.95568],[4.51523,51.95539],[4.51492,51.95532]]]}},{"type":"Feature","id":"06658","properties":{},"geometry":{"type":"Polygon","coordinates":[[[4.51473,51.95238],[4.51393,51.95219],[4.51292,51.95171],[4.51253,51.95147],[4.51233,51.95139],[4.51206,51.95133],[4.51059,51.95108],[4.51036,51.95101],[4.50996,51.95076],[4.50958,51.95067],[4.50871,51.95072],[4.508,51.95084],[4.50827,51.95134],[4.5086,51.95155],[4.50836,51.95175],[4.50809,51.95189],[4.50803,51.95188],[4.50734,51.95225],[4.50703,51.95236],[4.50712,51.95244],[4.50355,51.95424],[4.50362,51.9543],[4.50393,51.95415],[4.50435,51.95447],[4.50451,51.95439],[4.50505,51.95483],[4.50507,51.95482],[4.50675,51.95609],[4.50664,51.95614],[4.50672,51.95621],[4.50676,51.95624],[4.50681,51.95621],[4.50686,51.95625],[4.5071,51.95621],[4.50715,51.95618],[4.50704,51.9561],[4.5071,51.95607],[4.50706,51.95603],[4.50799,51.95556],[4.50804,51.9556],[4.50813,51.95555],[4.5082,51.95557],[4.50823,51.95552],[4.50879,51.95565],[4.50975,51.95638],[4.51127,51.95562],[4.51232,51.95509],[4.51253,51.95521],[4.51296,51.95517],[4.51334,51.95518],[4.51395,51.95529],[4.51396,51.95527],[4.51422,51.95534],[4.51423,51.95531],[4.51435,51.95538],[4.51441,51.95529],[4.51492,51.95532],[4.51523,51.95539],[4.51613,51.95568],[4.51615,51.95563],[4.51653,51.95571],[4.51695,51.95571],[4.51862,51.95549],[4.5187,51.95546],[4.51844,51.95514],[4.51773,51.95391],[4.51756,51.95374],[4.51664,51.95311],[4.51473,51.95238]]]}},{"type":"Feature","id":"08140","properties":{},"geometry":{"type":"Polygon","coordinates":[[[4.49041,51.92824],[4.49037,51.92829],[4.49041,51.92832],[4.49036,51.92842],[4.49038,51.92848],[4.4902,51.92855],[4.49024,51.92858],[4.49014,51.92862],[4.49024,51.9287],[4.49021,51.92871],[4.49078,51.92925],[4.49155,51.92989],[4.49175,51.93001],[4.49192,51.93002],[4.49211,51.93011],[4.49199,51.93012],[4.49176,51.93024],[4.49162,51.93025],[4.49158,51.93028],[4.49128,51.93015],[4.49117,51.93014],[4.49104,51.93004],[4.49015,51.92989],[4.4895,51.92983],[4.48848,51.92992],[4.48733,51.93013],[4.48733,51.93015],[4.48683,51.9302],[4.48626,51.93018],[4.48618,51.93012],[4.48597,51.93012],[4.48595,51.92972],[4.48582,51.92943],[4.48495,51.92854],[4.4847,51.9281],[4.48451,51.92716],[4.48459,51.927],[4.48498,51.92659],[4.48798,51.92759],[4.48858,51.92772],[4.4886,51.92767],[4.48871,51.92769],[4.48879,51.9277],[4.48878,51.92773],[4.48892,51.92779],[4.4889,51.92781],[4.49048,51.92809],[4.49041,51.92824]]]}},{"type":"Feature","id":"08141","properties":{},"geometry":{"type":"Polygon","coordinates":[[[4.49625,51.92865],[4.49632,51.92881],[4.49645,51.92884],[4.49651,51.92891],[4.49663,51.92934],[4.49665,51.92966],[4.4967,51.92968],[4.49662,51.92974],[4.4967,51.9297],[4.49673,51.92994],[4.49688,51.93036],[4.49678,51.93031],[4.49627,51.93031],[4.49628,51.93026],[4.49388,51.93027],[4.49388,51.93035],[4.49355,51.93036],[4.49354,51.93026],[4.49284,51.93025],[4.49282,51.93011],[4.49232,51.93012],[4.49211,51.93011],[4.49192,51.93002],[4.49175,51.93001],[4.49155,51.92989],[4.49078,51.92925],[4.49021,51.92871],[4.49024,51.9287],[4.49014,51.92862],[4.49024,51.92858],[4.4902,51.92855],[4.49038,51.92848],[4.49036,51.92842],[4.49041,51.92832],[4.49037,51.92829],[4.49041,51.92824],[4.49134,51.92839],[4.4926,51.92845],[4.49325,51.92843],[4.49567,51.92854],[4.49578,51.92857],[4.49619,51.92855],[4.49625,51.92865]]]}},{"type":"Feature","id":"08142","properties":{},"geometry":{"type":"Polygon","coordinates":[[[4.48871,51.92769],[4.4886,51.92767],[4.48858,51.92772],[4.48798,51.92759],[4.48498,51.92659],[4.48523,51.92629],[4.48534,51.92603],[4.48534,51.92583],[4.48517,51.92506],[4.48527,51.92504],[4.48649,51.92486],[4.48795,51.92454],[4.48906,51.92444],[4.48909,51.92451],[4.48896,51.92461],[4.48899,51.92462],[4.48905,51.92486],[4.48914,51.92566],[4.4891,51.92566],[4.48913,51.92593],[4.48918,51.92593],[4.48921,51.92616],[4.48926,51.92615],[4.48925,51.9264],[4.48884,51.92731],[4.48882,51.92745],[4.48871,51.92769]]]}},{"type":"Feature","id":"08143","properties":{},"geometry":{"type":"Polygon","coordinates":[[[4.49325,51.92843],[4.4926,51.92845],[4.49134,51.92839],[4.49041,51.92824],[4.49048,51.92809],[4.4889,51.92781],[4.48892,51.92779],[4.48878,51.92773],[4.48879,51.9277],[4.48871,51.92769],[4.48882,51.92745],[4.48884,51.92731],[4.48925,51.9264],[4.48926,51.92615],[4.48921,51.92616],[4.48918,51.92593],[4.48952,51.92596],[4.49279,51.9258],[4.49282,51.92599],[4.49285,51.92599],[4.49299,51.92622],[4.49287,51.92623],[4.49281,51.9263],[4.49282,51.92641],[4.49303,51.92641],[4.49303,51.92688],[4.49306,51.92691],[4.49326,51.9269],[4.49324,51.92708],[4.49338,51.92708],[4.49341,51.9272],[4.4933,51.92746],[4.49326,51.92778],[4.49309,51.92831],[4.49325,51.92843]]]}},{"type":"Feature","id":"08144","properties":{},"geometry":{"type":"Polygon","coordinates":[[[4.4977,51.92866],[4.49683,51.92861],[4.49625,51.92865],[4.49619,51.92855],[4.49578,51.92857],[4.49567,51.92854],[4.49325,51.92843],[4.49309,51.92831],[4.49326,51.92778],[4.4933,51.92746],[4.49341,51.9272],[4.49338,51.92708],[4.49324,51.92708],[4.49326,51.9269],[4.49306,51.92691],[4.49303,51.92688],[4.49303,51.92641],[4.49282,51.92641],[4.49281,51.9263],[4.49287,51.92623],[4.49299,51.92622],[4.49285,51.92599],[4.49282,51.92599],[4.49279,51.9258],[4.49469,51.9257],[4.49603,51.92602],[4.49632,51.92605],[4.49632,51.926],[4.49699,51.92598],[4.497,51.92604],[4.49738,51.92602],[4.4974,51.92626],[4.49736,51.92633],[4.49747,51.92699],[4.49759,51.92825],[4.4977,51.92866]]]}},{"type":"Feature","id":"08145","properties":{},"geometry":{"type":"Polygon","coordinates":[[[4.49279,51.9258],[4.48952,51.92596],[4.48918,51.92593],[4.48913,51.92593],[4.4891,51.92566],[4.48914,51.92566],[4.48905,51.92486],[4.48899,51.92462],[4.48896,51.92461],[4.48909,51.92451],[4.48906,51.92444],[4.4894,51.92441],[4.49104,51.92423],[4.49407,51.92397],[4.49454,51.92394],[4.4957,51.92394],[4.49589,51.92391],[4.49605,51.92384],[4.49706,51.92376],[4.49705,51.92382],[4.49719,51.92389],[4.49723,51.92411],[4.49741,51.9241],[4.49744,51.92438],[4.49735,51.92438],[4.49731,51.92466],[4.49739,51.92545],[4.49738,51.92602],[4.497,51.92604],[4.49699,51.92598],[4.49632,51.926],[4.49632,51.92605],[4.49603,51.92602],[4.49469,51.9257],[4.49279,51.9258]]]}},{"type":"Feature","id":"08360","properties":{},"geometry":{"type":"Polygon","coordinates":[[[4.49718,51.93987],[4.49641,51.93951],[4.49513,51.94054],[4.49445,51.94115],[4.49391,51.94151],[4.49378,51.94159],[4.49356,51.94171],[4.49193,51.94201],[4.49149,51.94205],[4.49092,51.94203],[4.48914,51.9418],[4.48914,51.9418],[4.48777,51.94159],[4.48753,51.94162],[4.48732,51.94168],[4.48694,51.94157],[4.48694,51.94157],[4.48633,51.94232],[4.48578,51.94279],[4.48609,51.94283],[4.48594,51.94295],[4.48583,51.94307],[4.48805,51.94338],[4.48806,51.94346],[4.49225,51.94401],[4.49236,51.94381],[4.49241,51.94382],[4.49241,51.94389],[4.49251,51.94392],[4.49932,51.94481],[4.50825,51.94607],[4.50936,51.94622],[4.51081,51.94639],[4.51132,51.9465],[4.5145,51.94699],[4.52376,51.94828],[4.52573,51.94848],[4.52581,51.94852],[4.52604,51.94854],[4.5261,51.94852],[4.52614,51.94844],[4.52628,51.94811],[4.52604,51.94801],[4.5255,51.94797],[4.52544,51.94813],[4.52152,51.94758],[4.52153,51.94754],[4.52092,51.94745],[4.52101,51.94721],[4.51586,51.94646],[4.51312,51.9461],[4.5097,51.94514],[4.50917,51.94503],[4.508,51.94473],[4.50802,51.9447],[4.50624,51.94414],[4.50462,51.94356],[4.50378,51.94322],[4.50381,51.94319],[4.50321,51.94293],[4.50047,51.94164],[4.50032,51.94143],[4.49821,51.94043],[4.49807,51.94039],[4.49792,51.94048],[4.49784,51.94044],[4.49747,51.94027],[4.49718,51.93987]]]}},{"type":"Feature","id":"08361","properties":{},"geometry":{"type":"Polygon","coordinates":[[[4.49221,51.93788],[4.49223,51.93774],[4.49214,51.93766],[4.4892,51.93627],[4.48897,51.93625],[4.48843,51.93643],[4.48827,51.93667],[4.48831,51.93681],[4.48823,51.93679],[4.48809,51.93694],[4.48788,51.93684],[4.48785,51.93688],[4.48779,51.93686],[4.48777,51.9369],[4.48752,51.93684],[4.48755,51.93677],[4.48729,51.93674],[4.48711,51.93722],[4.48697,51.93745],[4.48664,51.93776],[4.48608,51.93821],[4.48579,51.93862],[4.48571,51.93886],[4.48565,51.93929],[4.48573,51.93955],[4.48589,51.93978],[4.48649,51.94032],[4.48658,51.9406],[4.48647,51.94113],[4.48652,51.94121],[4.4869,51.94129],[4.48701,51.94135],[4.48702,51.9414],[4.48694,51.94157],[4.48732,51.94168],[4.48753,51.94162],[4.48777,51.94159],[4.48914,51.9418],[4.48914,51.9418],[4.49092,51.94203],[4.49149,51.94205],[4.49193,51.94201],[4.49356,51.94171],[4.49378,51.94159],[4.49391,51.94151],[4.49445,51.94115],[4.49513,51.94054],[4.49641,51.93951],[4.49658,51.93937],[4.49387,51.93811],[4.49393,51.93807],[4.4928,51.93753],[4.49282,51.93751],[4.49273,51.93746],[4.49264,51.93752],[4.49264,51.93759],[4.49226,51.93788],[4.49221,51.93788]]]}},{"type":"Feature","id":"08362","properties":{},"geometry":{"type":"Polygon","coordinates":[[[4.48809,51.93694],[4.48788,51.93684],[4.48785,51.93688],[4.48779,51.93686],[4.48777,51.9369],[4.48752,51.93684],[4.48755,51.93677],[4.48729,51.93674],[4.48745,51.93615],[4.48771,51.93584],[4.48794,51.93572],[4.48933,51.93549],[4.48978,51.93535],[4.48989,51.93526],[4.48995,51.93513],[4.4899,51.93477],[4.49245,51.93442],[4.49289,51.93546],[4.49296,51.93572],[4.49285,51.93581],[4.49284,51.93586],[4.49303,51.93587],[4.49312,51.93601],[4.49423,51.93608],[4.49431,51.93619],[4.49273,51.93746],[4.49264,51.93752],[4.49264,51.93759],[4.49226,51.93788],[4.49221,51.93788],[4.49223,51.93774],[4.49214,51.93766],[4.4892,51.93627],[4.48897,51.93625],[4.48843,51.93643],[4.48827,51.93667],[4.48831,51.93681],[4.48823,51.93679],[4.48809,51.93694]]]}},{"type":"Feature","id":"08363","properties":{},"geometry":{"type":"Polygon","coordinates":[[[4.49892,51.93656],[4.49892,51.93651],[4.49862,51.93619],[4.49854,51.9359],[4.49841,51.93591],[4.4983,51.93556],[4.4981,51.93561],[4.49628,51.93398],[4.4961,51.93395],[4.49612,51.93391],[4.49618,51.93389],[4.49615,51.93386],[4.49599,51.93385],[4.49579,51.93394],[4.49324,51.93428],[4.49281,51.93436],[4.49272,51.93442],[4.49245,51.93442],[4.49289,51.93546],[4.49296,51.93572],[4.49285,51.93581],[4.49284,51.93586],[4.49303,51.93587],[4.49312,51.93601],[4.49423,51.93608],[4.49431,51.93619],[4.49273,51.93746],[4.49282,51.93751],[4.4928,51.93753],[4.49393,51.93807],[4.49387,51.93811],[4.49658,51.93937],[4.49913,51.93734],[4.49941,51.93708],[4.49909,51.93692],[4.49913,51.93689],[4.49904,51.93685],[4.49909,51.93682],[4.49882,51.93665],[4.49892,51.93656]]]}},{"type":"Feature","id":"08364","properties":{},"geometry":{"type":"Polygon","coordinates":[[[4.50758,51.94324],[4.50699,51.94372],[4.50711,51.94376],[4.50697,51.94384],[4.50689,51.94393],[4.50987,51.94487],[4.5097,51.94514],[4.50917,51.94503],[4.508,51.94473],[4.50802,51.9447],[4.50624,51.94414],[4.50462,51.94356],[4.50378,51.94322],[4.50381,51.94319],[4.50321,51.94293],[4.50047,51.94164],[4.50032,51.94143],[4.49821,51.94043],[4.49807,51.94039],[4.49792,51.94048],[4.49784,51.94044],[4.49747,51.94027],[4.49718,51.93987],[4.49641,51.93951],[4.49658,51.93937],[4.49913,51.93734],[4.49941,51.93708],[4.49989,51.93674],[4.49992,51.93676],[4.4999,51.93678],[4.50063,51.93724],[4.5011,51.9375],[4.50147,51.93762],[4.50157,51.93778],[4.50156,51.93787],[4.5019,51.9383],[4.50196,51.93828],[4.50234,51.93868],[4.50317,51.93964],[4.50397,51.94071],[4.50508,51.94187],[4.5055,51.94217],[4.50604,51.94248],[4.50758,51.94324]]]}},{"type":"Feature","id":"08370","properties":{},"geometry":{"type":"Polygon","coordinates":[[[4.49245,51.93442],[4.4899,51.93477],[4.48977,51.93444],[4.48962,51.93422],[4.48941,51.934],[4.48894,51.93375],[4.48843,51.93358],[4.48841,51.93357],[4.48865,51.93345],[4.48899,51.9334],[4.48905,51.93336],[4.48942,51.93334],[4.48947,51.93344],[4.49014,51.93336],[4.49016,51.93341],[4.49024,51.9334],[4.49027,51.93351],[4.4904,51.93349],[4.49041,51.93352],[4.49063,51.93349],[4.49061,51.93342],[4.49092,51.93338],[4.49142,51.93334],[4.49144,51.9334],[4.49178,51.93336],[4.49174,51.93323],[4.49185,51.93319],[4.49189,51.93307],[4.49198,51.93303],[4.49241,51.93298],[4.49245,51.93308],[4.49496,51.9328],[4.49615,51.93386],[4.49599,51.93385],[4.49579,51.93394],[4.49324,51.93428],[4.49281,51.93436],[4.49272,51.93442],[4.49245,51.93442]]]}},{"type":"Feature","id":"08371","properties":{},"geometry":{"type":"Polygon","coordinates":[[[4.49496,51.9328],[4.49245,51.93308],[4.49241,51.93298],[4.49198,51.93303],[4.49189,51.93307],[4.49185,51.93319],[4.49174,51.93323],[4.49178,51.93336],[4.49144,51.9334],[4.49142,51.93334],[4.49092,51.93338],[4.49061,51.93342],[4.49063,51.93349],[4.49041,51.93352],[4.4904,51.93349],[4.49027,51.93351],[4.49024,51.9334],[4.49016,51.93341],[4.49014,51.93336],[4.48947,51.93344],[4.48942,51.93334],[4.48905,51.93336],[4.48899,51.9334],[4.48865,51.93345],[4.48841,51.93357],[4.48781,51.93323],[4.48737,51.93286],[4.48652,51.93169],[4.48721,51.93161],[4.48727,51.93153],[4.4889,51.93132],[4.48915,51.93134],[4.48938,51.93132],[4.4894,51.93136],[4.48951,51.93141],[4.48956,51.93136],[4.48972,51.93134],[4.4898,51.93138],[4.48983,51.93135],[4.48992,51.93135],[4.48989,51.93124],[4.49012,51.93122],[4.49032,51.93128],[4.49033,51.93132],[4.49192,51.93112],[4.49191,51.93109],[4.49286,51.93097],[4.49425,51.93222],[4.49443,51.93232],[4.49496,51.9328]]]}},{"type":"Feature","id":"08372","properties":{},"geometry":{"type":"Polygon","coordinates":[[[4.49286,51.93097],[4.49191,51.93109],[4.49192,51.93112],[4.49033,51.93132],[4.49032,51.93128],[4.49012,51.93122],[4.48989,51.93124],[4.48992,51.93135],[4.48983,51.93135],[4.4898,51.93138],[4.48972,51.93134],[4.48956,51.93136],[4.48951,51.93141],[4.4894,51.93136],[4.48938,51.93132],[4.48915,51.93134],[4.4889,51.93132],[4.48727,51.93153],[4.48721,51.93161],[4.48652,51.93169],[4.48621,51.93123],[4.48605,51.93088],[4.48595,51.93041],[4.48597,51.93012],[4.48618,51.93012],[4.48626,51.93018],[4.48683,51.9302],[4.48733,51.93015],[4.48733,51.93013],[4.48848,51.92992],[4.4895,51.92983],[4.49015,51.92989],[4.49104,51.93004],[4.49117,51.93014],[4.49128,51.93015],[4.49158,51.93028],[4.49162,51.93025],[4.49176,51.93024],[4.49199,51.93012],[4.49211,51.93011],[4.49232,51.93012],[4.49229,51.9304],[4.49268,51.93074],[4.49266,51.93079],[4.49274,51.93083],[4.49274,51.93087],[4.49278,51.93087],[4.49278,51.93091],[4.49285,51.93091],[4.49286,51.93097]]]}},{"type":"Feature","id":"08373","properties":{},"geometry":{"type":"Polygon","coordinates":[[[4.4983,51.93556],[4.4981,51.93561],[4.49628,51.93398],[4.4961,51.93395],[4.49612,51.93391],[4.49618,51.93389],[4.49615,51.93386],[4.49496,51.9328],[4.49741,51.93255],[4.49777,51.93388],[4.49785,51.93388],[4.4983,51.93556]]]}},{"type":"Feature","id":"08374","properties":{},"geometry":{"type":"Polygon","coordinates":[[[4.49232,51.93012],[4.49282,51.93011],[4.49284,51.93025],[4.49354,51.93026],[4.49355,51.93036],[4.49388,51.93035],[4.49388,51.93027],[4.49628,51.93026],[4.49627,51.93031],[4.49678,51.93031],[4.49688,51.93036],[4.49727,51.93179],[4.49721,51.93186],[4.49741,51.93255],[4.49496,51.9328],[4.49443,51.93232],[4.49425,51.93222],[4.49286,51.93097],[4.49285,51.93091],[4.49278,51.93091],[4.49278,51.93087],[4.49274,51.93087],[4.49274,51.93083],[4.49266,51.93079],[4.49268,51.93074],[4.49229,51.9304],[4.49232,51.93012]]]}},{"type":"Feature","id":"08375","properties":{},"geometry":{"type":"Polygon","coordinates":[[[4.49992,51.93676],[4.49989,51.93674],[4.49941,51.93708],[4.49909,51.93692],[4.49913,51.93689],[4.49904,51.93685],[4.49909,51.93682],[4.49882,51.93665],[4.49892,51.93656],[4.49892,51.93651],[4.49862,51.93619],[4.49854,51.9359],[4.49841,51.93591],[4.4983,51.93556],[4.49785,51.93388],[4.49777,51.93388],[4.49741,51.93255],[4.49721,51.93186],[4.49727,51.93179],[4.49688,51.93036],[4.49673,51.92994],[4.4967,51.9297],[4.49662,51.92974],[4.4967,51.92968],[4.49665,51.92966],[4.49663,51.92934],[4.49651,51.92891],[4.49645,51.92884],[4.49632,51.92881],[4.49625,51.92865],[4.49683,51.92861],[4.4977,51.92866],[4.4977,51.92866],[4.49777,51.92884],[4.4986,51.92957],[4.50047,51.93201],[4.50065,51.93212],[4.50113,51.93221],[4.5014,51.93232],[4.50155,51.93243],[4.50189,51.93279],[4.50236,51.9332],[4.50284,51.93374],[4.50299,51.93391],[4.50298,51.93424],[4.50312,51.93447],[4.50318,51.93456],[4.5025,51.93469],[4.50237,51.93473],[4.50218,51.93485],[4.50001,51.93662],[4.49992,51.93676]]]}},{"type":"Feature","id":"08410","properties":{},"geometry":{"type":"Polygon","coordinates":[[[4.50143,51.92881],[4.50153,51.92901],[4.50165,51.92908],[4.50231,51.93003],[4.50282,51.93065],[4.50325,51.93122],[4.50356,51.9318],[4.50371,51.93194],[4.50356,51.93201],[4.50364,51.93214],[4.50189,51.93279],[4.50155,51.93243],[4.5014,51.93232],[4.50113,51.93221],[4.50065,51.93212],[4.50047,51.93201],[4.4986,51.92957],[4.49777,51.92884],[4.4977,51.92866],[4.49776,51.92864],[4.49871,51.92867],[4.50056,51.92876],[4.50077,51.92881],[4.50129,51.92884],[4.50143,51.92881]]]}},{"type":"Feature","id":"08411","properties":{},"geometry":{"type":"Polygon","coordinates":[[[4.50282,51.93065],[4.50316,51.93052],[4.50384,51.93033],[4.50395,51.93022],[4.50393,51.93018],[4.50409,51.93013],[4.50407,51.9301],[4.50532,51.92943],[4.50604,51.92911],[4.50634,51.92961],[4.50786,51.93195],[4.50743,51.93205],[4.50748,51.93215],[4.50731,51.93227],[4.50722,51.93229],[4.50719,51.93225],[4.50633,51.93253],[4.50636,51.93258],[4.50371,51.93346],[4.50311,51.93359],[4.50284,51.93374],[4.50236,51.9332],[4.50189,51.93279],[4.50364,51.93214],[4.50356,51.93201],[4.50371,51.93194],[4.50356,51.9318],[4.50325,51.93122],[4.50282,51.93065]]]}},{"type":"Feature","id":"08412","properties":{},"geometry":{"type":"Polygon","coordinates":[[[4.51132,51.92821],[4.51053,51.92715],[4.51046,51.92714],[4.50908,51.92779],[4.50778,51.92835],[4.50604,51.92911],[4.50634,51.92961],[4.50786,51.93195],[4.50874,51.93165],[4.51053,51.93116],[4.51112,51.93095],[4.51224,51.93046],[4.51225,51.93041],[4.51204,51.93007],[4.5119,51.92997],[4.51134,51.92906],[4.51133,51.92892],[4.51112,51.92858],[4.51102,51.92859],[4.51087,51.92841],[4.51132,51.92821]]]}},{"type":"Feature","id":"08413","properties":{},"geometry":{"type":"Polygon","coordinates":[[[4.4974,51.92626],[4.49808,51.92622],[4.49809,51.9264],[4.49815,51.92641],[4.50208,51.92632],[4.50525,51.92625],[4.50589,51.92605],[4.50604,51.92618],[4.50467,51.92674],[4.50415,51.92701],[4.50415,51.92697],[4.50373,51.92698],[4.50375,51.92722],[4.50319,51.92746],[4.5028,51.92749],[4.50281,51.92763],[4.50266,51.92763],[4.50266,51.92768],[4.50225,51.92784],[4.50172,51.92787],[4.50173,51.92792],[4.50143,51.9282],[4.50142,51.92854],[4.50154,51.92875],[4.50143,51.92881],[4.50129,51.92884],[4.50077,51.92881],[4.50056,51.92876],[4.49871,51.92867],[4.49776,51.92864],[4.4977,51.92866],[4.4977,51.92866],[4.49759,51.92825],[4.49747,51.92699],[4.49736,51.92633],[4.4974,51.92626]]]}},{"type":"Feature","id":"08414","properties":{},"geometry":{"type":"Polygon","coordinates":[[[4.50668,51.92622],[4.50664,51.9264],[4.50675,51.92677],[4.50759,51.92811],[4.50778,51.92835],[4.50604,51.92911],[4.50532,51.92943],[4.50407,51.9301],[4.50409,51.93013],[4.50393,51.93018],[4.50395,51.93022],[4.50384,51.93033],[4.50316,51.93052],[4.50282,51.93065],[4.50231,51.93003],[4.50165,51.92908],[4.50153,51.92901],[4.50143,51.92881],[4.50154,51.92875],[4.50142,51.92854],[4.50143,51.9282],[4.50173,51.92792],[4.50172,51.92787],[4.50225,51.92784],[4.50266,51.92768],[4.50266,51.92763],[4.50281,51.92763],[4.5028,51.92749],[4.50319,51.92746],[4.50375,51.92722],[4.50373,51.92698],[4.50415,51.92697],[4.50415,51.92701],[4.50467,51.92674],[4.50604,51.92618],[4.5061,51.92616],[4.50616,51.92622],[4.50668,51.92622]]]}},{"type":"Feature","id":"08415","properties":{},"geometry":{"type":"Polygon","coordinates":[[[4.50946,51.92571],[4.51002,51.92619],[4.51043,51.92636],[4.51048,51.92631],[4.51056,51.92629],[4.51103,51.92661],[4.51123,51.92679],[4.51046,51.92714],[4.50908,51.92779],[4.50778,51.92835],[4.50759,51.92811],[4.50675,51.92677],[4.50664,51.9264],[4.50668,51.92622],[4.50668,51.92595],[4.50687,51.92595],[4.50687,51.92603],[4.50693,51.92603],[4.50693,51.92596],[4.50757,51.92596],[4.50757,51.9258],[4.5081,51.9258],[4.50853,51.92593],[4.50875,51.92571],[4.5091,51.92585],[4.50946,51.92571]]]}},{"type":"Feature","id":"08416","properties":{},"geometry":{"type":"Polygon","coordinates":[[[4.50331,51.92489],[4.50319,51.92472],[4.50267,51.92485],[4.50262,51.92477],[4.50276,51.92474],[4.50274,51.9247],[4.50282,51.92468],[4.50287,51.92476],[4.50318,51.92468],[4.50263,51.92382],[4.50248,51.92386],[4.50195,51.92301],[4.50187,51.92303],[4.50175,51.92285],[4.50183,51.92283],[4.50182,51.9228],[4.50179,51.92274],[4.49928,51.92318],[4.49846,51.92338],[4.49823,51.92294],[4.49774,51.92286],[4.49751,51.92318],[4.49778,51.9233],[4.49747,51.92362],[4.49727,51.92372],[4.49706,51.92376],[4.49705,51.92382],[4.49719,51.92389],[4.49723,51.92411],[4.49741,51.9241],[4.49744,51.92438],[4.49735,51.92438],[4.49731,51.92466],[4.49739,51.92545],[4.49738,51.92602],[4.4974,51.92626],[4.49808,51.92622],[4.49809,51.9264],[4.49815,51.92641],[4.50208,51.92632],[4.50205,51.92601],[4.50196,51.92581],[4.50196,51.92558],[4.50171,51.92529],[4.50331,51.92489]]]}},{"type":"Feature","id":"08417","properties":{},"geometry":{"type":"Polygon","coordinates":[[[4.50722,51.92341],[4.50639,51.92198],[4.50644,51.92194],[4.50631,51.92184],[4.5046,51.92223],[4.50434,51.92223],[4.50301,51.92254],[4.50287,51.92254],[4.50267,51.9226],[4.50266,51.92257],[4.50189,51.92269],[4.50193,51.92278],[4.50182,51.9228],[4.50183,51.92283],[4.50175,51.92285],[4.50187,51.92303],[4.50195,51.92301],[4.50248,51.92386],[4.50263,51.92382],[4.50318,51.92468],[4.50287,51.92476],[4.50282,51.92468],[4.50274,51.9247],[4.50276,51.92474],[4.50262,51.92477],[4.50267,51.92485],[4.50319,51.92472],[4.50331,51.92489],[4.50171,51.92529],[4.50196,51.92558],[4.50196,51.92581],[4.50205,51.92601],[4.50208,51.92632],[4.50525,51.92625],[4.50589,51.92605],[4.50604,51.92618],[4.5061,51.92616],[4.50616,51.92622],[4.50668,51.92622],[4.50668,51.92595],[4.50687,51.92595],[4.50687,51.92603],[4.50693,51.92603],[4.50693,51.92596],[4.50757,51.92596],[4.50757,51.9258],[4.5081,51.9258],[4.50853,51.92593],[4.50875,51.92571],[4.5091,51.92585],[4.50946,51.92571],[4.50875,51.92508],[4.50836,51.92472],[4.50794,51.92443],[4.50776,51.92427],[4.50729,51.92347],[4.50722,51.92341]]]}},{"type":"Feature","id":"08418","properties":{},"geometry":{"type":"Polygon","coordinates":[[[4.50939,51.92107],[4.50894,51.92117],[4.5089,51.92122],[4.50867,51.92132],[4.50631,51.92184],[4.50644,51.92194],[4.50639,51.92198],[4.50722,51.92341],[4.50729,51.92347],[4.50776,51.92427],[4.50794,51.92443],[4.50836,51.92472],[4.50875,51.92508],[4.50946,51.92571],[4.51002,51.92619],[4.51043,51.92636],[4.51048,51.92631],[4.51056,51.92629],[4.51103,51.92661],[4.51123,51.92679],[4.51217,51.92641],[4.51274,51.92597],[4.51246,51.92583],[4.5123,51.92557],[4.51203,51.92564],[4.51198,51.92552],[4.51223,51.92546],[4.51126,51.92391],[4.50939,51.92107]]]}},{"type":"Feature","id":"08420","properties":{},"geometry":{"type":"Polygon","coordinates":[[[4.51708,51.92793],[4.51804,51.9275],[4.51814,51.92754],[4.51836,51.92744],[4.51834,51.92735],[4.51844,51.92733],[4.51664,51.92448],[4.51638,51.92453],[4.5164,51.92456],[4.51636,51.92457],[4.51632,51.92452],[4.51545,51.92476],[4.51458,51.92506],[4.5137,51.92544],[4.51314,51.92571],[4.51274,51.92597],[4.51217,51.92641],[4.51123,51.92679],[4.51046,51.92714],[4.51053,51.92715],[4.51132,51.92821],[4.51087,51.92841],[4.51102,51.92859],[4.51112,51.92858],[4.51133,51.92892],[4.51134,51.92906],[4.5119,51.92997],[4.51204,51.93007],[4.51225,51.93041],[4.51224,51.93046],[4.5142,51.92953],[4.51458,51.92927],[4.51463,51.92918],[4.51472,51.92911],[4.51521,51.92886],[4.51708,51.92793]]]}},{"type":"Feature","id":"08421","properties":{},"geometry":{"type":"Polygon","coordinates":[[[4.52188,51.92697],[4.52109,51.92708],[4.52091,51.92708],[4.51972,51.92726],[4.51902,51.92729],[4.51894,51.92717],[4.51873,51.92722],[4.51844,51.92733],[4.51664,51.92448],[4.51706,51.92437],[4.51728,51.92436],[4.51726,51.92432],[4.51854,51.92412],[4.5193,51.92397],[4.51998,51.92386],[4.51999,51.92388],[4.52002,51.92392],[4.51989,51.92399],[4.52169,51.92677],[4.52176,51.92687],[4.52185,51.92688],[4.52188,51.92697]]]}},{"type":"Feature","id":"08422","properties":{},"geometry":{"type":"Polygon","coordinates":[[[4.53296,51.92507],[4.5315,51.92274],[4.53122,51.9223],[4.53106,51.92225],[4.5301,51.92244],[4.53,51.92246],[4.53002,51.9225],[4.52991,51.92252],[4.52989,51.92248],[4.52972,51.92251],[4.52958,51.92247],[4.52915,51.92242],[4.52815,51.92256],[4.52715,51.92273],[4.52566,51.92302],[4.52479,51.92315],[4.52438,51.9232],[4.52439,51.92323],[4.52365,51.92331],[4.52254,51.92349],[4.51999,51.92388],[4.52002,51.92392],[4.51989,51.92399],[4.52169,51.92677],[4.52176,51.92687],[4.52185,51.92688],[4.52188,51.92697],[4.52325,51.92678],[4.52448,51.92657],[4.52489,51.92647],[4.5252,51.92646],[4.52539,51.92641],[4.52605,51.92634],[4.52618,51.92628],[4.52633,51.92626],[4.52643,51.92628],[4.52683,51.92622],[4.52685,51.92624],[4.52723,51.92626],[4.52899,51.92655],[4.52901,51.92651],[4.52907,51.92652],[4.52905,51.92656],[4.52915,51.92658],[4.52921,51.92655],[4.53368,51.92723],[4.53397,51.92727],[4.53405,51.92723],[4.53376,51.92648],[4.5333,51.92565],[4.53327,51.92565],[4.53321,51.92554],[4.53325,51.92549],[4.53321,51.92541],[4.53308,51.92543],[4.53296,51.92507]]]}},{"type":"Feature","id":"08423","properties":{},"geometry":{"type":"Polygon","coordinates":[[[4.51363,51.92204],[4.51248,51.92033],[4.50939,51.92107],[4.51126,51.92391],[4.51223,51.92546],[4.51198,51.92552],[4.51203,51.92564],[4.5123,51.92557],[4.51246,51.92583],[4.51274,51.92597],[4.51314,51.92571],[4.5137,51.92544],[4.51458,51.92506],[4.51545,51.92476],[4.51517,51.92439],[4.5151,51.92441],[4.51508,51.92437],[4.51515,51.92435],[4.51423,51.92295],[4.51363,51.92204]]]}},{"type":"Feature","id":"08424","properties":{},"geometry":{"type":"Polygon","coordinates":[[[4.51751,51.92095],[4.5172,51.92087],[4.5171,51.92082],[4.51613,51.91933],[4.51601,51.91926],[4.51571,51.91922],[4.51549,51.91911],[4.51499,51.91955],[4.51469,51.9197],[4.51424,51.91986],[4.51437,51.92002],[4.51414,51.92011],[4.51396,51.92004],[4.51373,51.92002],[4.51248,51.92033],[4.51363,51.92204],[4.51423,51.92295],[4.51515,51.92435],[4.51508,51.92437],[4.5151,51.92441],[4.51517,51.92439],[4.51545,51.92476],[4.51632,51.92452],[4.51636,51.92457],[4.5164,51.92456],[4.51638,51.92453],[4.51664,51.92448],[4.51706,51.92437],[4.51728,51.92436],[4.51726,51.92432],[4.51854,51.92412],[4.5193,51.92397],[4.51921,51.92378],[4.5175,51.92114],[4.51744,51.92106],[4.51751,51.92095]]]}},{"type":"Feature","id":"08425","properties":{},"geometry":{"type":"Polygon","coordinates":[[[4.52365,51.92331],[4.52439,51.92323],[4.52438,51.9232],[4.52479,51.92315],[4.52566,51.92302],[4.52715,51.92273],[4.52707,51.92258],[4.52683,51.92261],[4.52667,51.92246],[4.5265,51.92219],[4.52655,51.92218],[4.52651,51.92211],[4.52668,51.92208],[4.52654,51.92188],[4.52634,51.92193],[4.52503,51.91993],[4.52477,51.91953],[4.52426,51.91965],[4.52461,51.9202],[4.521,51.92069],[4.52091,51.92071],[4.51865,51.92104],[4.51846,51.92104],[4.51849,51.92109],[4.51787,51.92116],[4.51775,51.9212],[4.5177,51.92112],[4.5175,51.92114],[4.51921,51.92378],[4.5193,51.92397],[4.51998,51.92386],[4.51999,51.92388],[4.52254,51.92349],[4.52365,51.92331]]]}},{"type":"Feature","id":"08426","properties":{},"geometry":{"type":"Polygon","coordinates":[[[4.53027,51.92046],[4.53118,51.92196],[4.53118,51.92199],[4.53091,51.92211],[4.53106,51.92225],[4.5301,51.92244],[4.53,51.92246],[4.53002,51.9225],[4.52991,51.92252],[4.52989,51.92248],[4.52972,51.92251],[4.52958,51.92247],[4.52915,51.92242],[4.52815,51.92256],[4.52715,51.92273],[4.52707,51.92258],[4.52683,51.92261],[4.52667,51.92246],[4.5265,51.92219],[4.52655,51.92218],[4.52651,51.92211],[4.52668,51.92208],[4.52654,51.92188],[4.52634,51.92193],[4.52503,51.91993],[4.52945,51.91935],[4.52942,51.91929],[4.52957,51.91932],[4.53027,51.92046]]]}},{"type":"Feature","id":"08427","properties":{},"geometry":{"type":"Polygon","coordinates":[[[4.52822,51.9167],[4.52882,51.91658],[4.52881,51.9164],[4.52869,51.91599],[4.52848,51.91565],[4.52861,51.91557],[4.5281,51.9147],[4.528,51.91469],[4.5246,51.91524],[4.52177,51.91589],[4.52163,51.91594],[4.52157,51.91592],[4.52131,51.91591],[4.51999,51.91612],[4.51994,51.91606],[4.51938,51.91605],[4.51815,51.91597],[4.51815,51.91608],[4.51808,51.91608],[4.51812,51.9161],[4.51812,51.91631],[4.51808,51.91646],[4.51779,51.91686],[4.51735,51.91735],[4.51757,51.91743],[4.51549,51.91911],[4.51571,51.91922],[4.51601,51.91926],[4.51613,51.91933],[4.5171,51.92082],[4.5172,51.92087],[4.51751,51.92095],[4.51744,51.92106],[4.5175,51.92114],[4.5177,51.92112],[4.51775,51.9212],[4.51787,51.92116],[4.51849,51.92109],[4.51846,51.92104],[4.51865,51.92104],[4.52091,51.92071],[4.521,51.92069],[4.52461,51.9202],[4.52426,51.91965],[4.52477,51.91953],[4.52503,51.91993],[4.52945,51.91935],[4.52942,51.91929],[4.52874,51.9181],[4.52854,51.91752],[4.52847,51.91753],[4.52841,51.91732],[4.52845,51.91732],[4.52839,51.9171],[4.52834,51.91711],[4.52832,51.91703],[4.52852,51.91701],[4.52849,51.91689],[4.52828,51.91691],[4.52822,51.9167]]]}},{"type":"Feature","id":"08428","properties":{},"geometry":{"type":"Polygon","coordinates":[[[4.53417,51.91997],[4.53386,51.91903],[4.53367,51.91761],[4.53376,51.91665],[4.53401,51.91548],[4.53401,51.91526],[4.53392,51.91496],[4.5338,51.91473],[4.53358,51.9145],[4.53343,51.91439],[4.5331,51.91426],[4.53217,51.91407],[4.5314,51.914],[4.53067,51.91405],[4.5302,51.91415],[4.52923,51.91442],[4.52865,51.91464],[4.52861,51.91458],[4.52851,51.91462],[4.52848,51.91459],[4.52815,51.91464],[4.528,51.91469],[4.5281,51.9147],[4.52861,51.91557],[4.52848,51.91565],[4.52869,51.91599],[4.52881,51.9164],[4.52882,51.91658],[4.52822,51.9167],[4.52828,51.91691],[4.52849,51.91689],[4.52852,51.91701],[4.52832,51.91703],[4.52834,51.91711],[4.52839,51.9171],[4.52845,51.91732],[4.52841,51.91732],[4.52847,51.91753],[4.52854,51.91752],[4.52874,51.9181],[4.52942,51.91929],[4.52957,51.91932],[4.53027,51.92046],[4.53118,51.92196],[4.53118,51.92199],[4.53091,51.92211],[4.53106,51.92225],[4.53122,51.9223],[4.5315,51.92274],[4.53215,51.92261],[4.53214,51.92259],[4.5334,51.92222],[4.53347,51.92228],[4.53407,51.92215],[4.535,51.92203],[4.53499,51.92201],[4.53535,51.92199],[4.53531,51.92193],[4.53471,51.92098],[4.53466,51.9209],[4.53434,51.92075],[4.53407,51.92016],[4.53417,51.91997]]]}},{"type":"Feature","id":"08429","properties":{},"geometry":{"type":"Polygon","coordinates":[[[4.53598,51.9235],[4.535,51.92203],[4.53407,51.92215],[4.53347,51.92228],[4.5334,51.92222],[4.53214,51.92259],[4.53215,51.92261],[4.5315,51.92274],[4.53296,51.92507],[4.53308,51.92543],[4.53321,51.92541],[4.53325,51.92549],[4.53321,51.92554],[4.53327,51.92565],[4.5333,51.92565],[4.53376,51.92648],[4.53405,51.92723],[4.53411,51.92724],[4.53482,51.92736],[4.53487,51.92742],[4.53621,51.92765],[4.53732,51.92782],[4.53734,51.92777],[4.53713,51.9274],[4.53698,51.92723],[4.5366,51.92697],[4.53611,51.92677],[4.53583,51.92653],[4.53562,51.92616],[4.53552,51.92572],[4.5361,51.92568],[4.53616,51.92561],[4.53651,51.92558],[4.53709,51.92556],[4.53746,51.92558],[4.53723,51.92508],[4.5369,51.9251],[4.53598,51.9235]]]}},{"type":"Feature","id":"08430","properties":{},"geometry":{"type":"Polygon","coordinates":[[[4.51447,51.94266],[4.5151,51.94265],[4.51636,51.94251],[4.5165,51.94243],[4.51656,51.94234],[4.51637,51.94222],[4.51662,51.94203],[4.51696,51.94161],[4.51705,51.94104],[4.51711,51.94082],[4.51719,51.94075],[4.51727,51.9407],[4.51777,51.9406],[4.51896,51.94017],[4.51923,51.9401],[4.51961,51.94006],[4.52017,51.93987],[4.521,51.93957],[4.52173,51.93915],[4.52201,51.93911],[4.52223,51.93912],[4.5225,51.93922],[4.52298,51.9395],[4.52325,51.93952],[4.52381,51.93947],[4.52444,51.93928],[4.52477,51.93923],[4.52527,51.93926],[4.52559,51.93935],[4.52569,51.93941],[4.52586,51.93919],[4.52609,51.93895],[4.5255,51.93806],[4.5254,51.93791],[4.52514,51.93798],[4.52249,51.93408],[4.52217,51.9339],[4.52191,51.93353],[4.52185,51.93336],[4.52183,51.93309],[4.52226,51.93298],[4.52143,51.93172],[4.52138,51.93173],[4.52095,51.93099],[4.51872,51.92763],[4.51864,51.9276],[4.51851,51.92763],[4.51836,51.92744],[4.51814,51.92754],[4.51804,51.9275],[4.51708,51.92793],[4.51521,51.92886],[4.51472,51.92911],[4.51463,51.92918],[4.51458,51.92927],[4.5142,51.92953],[4.51224,51.93046],[4.51112,51.93095],[4.51053,51.93116],[4.50874,51.93165],[4.50786,51.93195],[4.50743,51.93205],[4.50748,51.93215],[4.50731,51.93227],[4.50722,51.93229],[4.50719,51.93225],[4.50633,51.93253],[4.50636,51.93258],[4.50371,51.93346],[4.50311,51.93359],[4.50284,51.93374],[4.50299,51.93391],[4.50298,51.93424],[4.50312,51.93447],[4.50318,51.93456],[4.5025,51.93469],[4.50237,51.93473],[4.50218,51.93485],[4.50001,51.93662],[4.49992,51.93676],[4.4999,51.93678],[4.50063,51.93724],[4.5011,51.9375],[4.50147,51.93762],[4.50157,51.93778],[4.50156,51.93787],[4.5019,51.9383],[4.50196,51.93828],[4.50234,51.93868],[4.50317,51.93964],[4.50397,51.94071],[4.50508,51.94187],[4.5055,51.94217],[4.50604,51.94248],[4.50758,51.94324],[4.50778,51.94309],[4.50798,51.94319],[4.50992,51.9428],[4.51051,51.94262],[4.51141,51.94274],[4.51209,51.94279],[4.51272,51.94292],[4.51306,51.94287],[4.51345,51.9427],[4.51373,51.94266],[4.51382,51.9426],[4.51447,51.94266]]]}},{"type":"Feature","id":"08431","properties":{},"geometry":{"type":"Polygon","coordinates":[[[4.5097,51.94514],[4.50987,51.94487],[4.50689,51.94393],[4.50697,51.94384],[4.50711,51.94376],[4.50699,51.94372],[4.50758,51.94324],[4.50778,51.94309],[4.50798,51.94319],[4.50992,51.9428],[4.51051,51.94262],[4.51141,51.94274],[4.51209,51.94279],[4.51272,51.94292],[4.51306,51.94287],[4.51345,51.9427],[4.51373,51.94266],[4.51382,51.9426],[4.51447,51.94266],[4.5151,51.94265],[4.51636,51.94251],[4.5165,51.94243],[4.51656,51.94234],[4.51637,51.94222],[4.51662,51.94203],[4.51696,51.94161],[4.51705,51.94104],[4.51711,51.94082],[4.51719,51.94075],[4.51727,51.9407],[4.51777,51.9406],[4.51896,51.94017],[4.51923,51.9401],[4.51961,51.94006],[4.52017,51.93987],[4.521,51.93957],[4.52173,51.93915],[4.52201,51.93911],[4.52223,51.93912],[4.5225,51.93922],[4.52298,51.9395],[4.52325,51.93952],[4.52381,51.93947],[4.52444,51.93928],[4.52477,51.93923],[4.52527,51.93926],[4.52559,51.93935],[4.52569,51.93941],[4.52586,51.93919],[4.52613,51.93924],[4.52658,51.93942],[4.5266,51.93948],[4.52683,51.93952],[4.52711,51.93967],[4.52766,51.93985],[4.52798,51.9399],[4.52864,51.93994],[4.52882,51.93991],[4.52945,51.93979],[4.52953,51.93973],[4.52959,51.93961],[4.52962,51.93962],[4.52955,51.93978],[4.52857,51.94205],[4.52817,51.94276],[4.52758,51.94366],[4.52723,51.94432],[4.52716,51.9448],[4.52692,51.94482],[4.52687,51.94488],[4.52696,51.94532],[4.52705,51.94537],[4.52709,51.94573],[4.52707,51.94632],[4.52705,51.94645],[4.52694,51.9464],[4.52688,51.94644],[4.52702,51.9465],[4.5268,51.94695],[4.52664,51.94711],[4.52641,51.94707],[4.52642,51.94697],[4.52636,51.94692],[4.52341,51.94646],[4.52223,51.94677],[4.52201,51.94679],[4.52168,51.94675],[4.52142,51.94679],[4.52118,51.94692],[4.52101,51.94721],[4.51586,51.94646],[4.51312,51.9461],[4.5097,51.94514]]]}},{"type":"Feature","id":"08432","properties":{},"geometry":{"type":"Polygon","coordinates":[[[4.53356,51.94012],[4.53348,51.94012],[4.53456,51.93744],[4.53476,51.93747],[4.53474,51.93742],[4.53341,51.9372],[4.53296,51.93717],[4.53201,51.93702],[4.53202,51.937],[4.53163,51.93686],[4.53138,51.93683],[4.53119,51.93685],[4.53122,51.93673],[4.53087,51.93666],[4.53079,51.93664],[4.52966,51.93928],[4.52975,51.93929],[4.52962,51.93962],[4.52955,51.93978],[4.52857,51.94205],[4.52817,51.94276],[4.52758,51.94366],[4.52723,51.94432],[4.52716,51.9448],[4.52692,51.94482],[4.52687,51.94488],[4.52696,51.94532],[4.52705,51.94537],[4.52709,51.94573],[4.52707,51.94632],[4.52705,51.94645],[4.52694,51.9464],[4.52688,51.94644],[4.52702,51.9465],[4.5268,51.94695],[4.52664,51.94711],[4.52641,51.94707],[4.52642,51.94697],[4.52636,51.94692],[4.52341,51.94646],[4.52223,51.94677],[4.52201,51.94679],[4.52168,51.94675],[4.52142,51.94679],[4.52118,51.94692],[4.52101,51.94721],[4.52092,51.94745],[4.52153,51.94754],[4.52152,51.94758],[4.52544,51.94813],[4.5255,51.94797],[4.52604,51.94801],[4.52628,51.94811],[4.52614,51.94844],[4.52642,51.94848],[4.52642,51.94855],[4.5266,51.94856],[4.52651,51.94873],[4.52706,51.94881],[4.5271,51.94872],[4.52854,51.94892],[4.52872,51.94884],[4.52949,51.94839],[4.52875,51.94829],[4.52896,51.94805],[4.52977,51.94734],[4.5298,51.94726],[4.52932,51.94692],[4.52906,51.9465],[4.52897,51.94647],[4.52831,51.94635],[4.52837,51.94622],[4.52938,51.94637],[4.52958,51.94593],[4.52947,51.94591],[4.5296,51.94556],[4.52966,51.94556],[4.52977,51.94526],[4.53019,51.94532],[4.53007,51.94556],[4.53019,51.94547],[4.53047,51.94541],[4.53152,51.94559],[4.53165,51.94528],[4.53084,51.9451],[4.53195,51.94331],[4.53328,51.94063],[4.53339,51.94042],[4.53356,51.94012]]]}},{"type":"Feature","id":"08433","properties":{},"geometry":{"type":"Polygon","coordinates":[[[4.53762,51.92805],[4.53805,51.92812],[4.53801,51.92787],[4.53734,51.92777],[4.53732,51.92782],[4.53621,51.92765],[4.53487,51.92742],[4.53482,51.92736],[4.53411,51.92724],[4.53417,51.92762],[4.53418,51.92855],[4.53403,51.92921],[4.53257,51.93267],[4.53087,51.93666],[4.53122,51.93673],[4.53119,51.93685],[4.53138,51.93683],[4.53163,51.93686],[4.53202,51.937],[4.53201,51.93702],[4.53296,51.93717],[4.53341,51.9372],[4.53474,51.93742],[4.53476,51.93747],[4.53478,51.93742],[4.53495,51.93745],[4.53514,51.937],[4.53497,51.93697],[4.53484,51.9368],[4.53626,51.93339],[4.53641,51.93341],[4.53646,51.93335],[4.53668,51.93339],[4.53673,51.93326],[4.53651,51.93323],[4.53653,51.93317],[4.5365,51.93316],[4.53637,51.93314],[4.53671,51.93229],[4.53714,51.93099],[4.53749,51.9294],[4.53762,51.92805]]]}},{"type":"Feature","id":"08434","properties":{},"geometry":{"type":"Polygon","coordinates":[[[4.53411,51.92724],[4.53405,51.92723],[4.53397,51.92727],[4.53368,51.92723],[4.52921,51.92655],[4.52915,51.92658],[4.52905,51.92656],[4.52907,51.92652],[4.52901,51.92651],[4.52899,51.92655],[4.52723,51.92626],[4.52685,51.92624],[4.52683,51.92622],[4.52643,51.92628],[4.52633,51.92626],[4.52618,51.92628],[4.52605,51.92634],[4.52539,51.92641],[4.5252,51.92646],[4.52489,51.92647],[4.52448,51.92657],[4.52325,51.92678],[4.52188,51.92697],[4.52109,51.92708],[4.52091,51.92708],[4.51972,51.92726],[4.51902,51.92729],[4.51894,51.92717],[4.51873,51.92722],[4.51844,51.92733],[4.51834,51.92735],[4.51836,51.92744],[4.51851,51.92763],[4.51864,51.9276],[4.51872,51.92763],[4.52095,51.93099],[4.52138,51.93173],[4.52143,51.93172],[4.52226,51.93298],[4.52183,51.93309],[4.52185,51.93336],[4.52191,51.93353],[4.52217,51.9339],[4.52249,51.93408],[4.52514,51.93798],[4.5254,51.93791],[4.5255,51.93806],[4.52609,51.93895],[4.52586,51.93919],[4.52613,51.93924],[4.52658,51.93942],[4.5266,51.93948],[4.52683,51.93952],[4.52711,51.93967],[4.52766,51.93985],[4.52798,51.9399],[4.52864,51.93994],[4.52882,51.93991],[4.52945,51.93979],[4.52953,51.93973],[4.52959,51.93961],[4.52962,51.93962],[4.52975,51.93929],[4.52966,51.93928],[4.53079,51.93664],[4.53087,51.93666],[4.53257,51.93267],[4.53403,51.92921],[4.53418,51.92855],[4.53417,51.92762],[4.53411,51.92724]]]}},{"type":"Feature","id":"08450","properties":{},"geometry":{"type":"Polygon","coordinates":[[[4.52803,51.91361],[4.52791,51.91359],[4.52779,51.91342],[4.52812,51.91329],[4.52686,51.91116],[4.52694,51.91114],[4.52684,51.91096],[4.52676,51.91098],[4.52672,51.91091],[4.52647,51.91095],[4.52645,51.9109],[4.52668,51.91085],[4.52628,51.91015],[4.52613,51.91006],[4.52607,51.91008],[4.52595,51.91003],[4.52556,51.90977],[4.52471,51.90867],[4.52452,51.90873],[4.52448,51.90874],[4.52449,51.90878],[4.5243,51.90882],[4.52449,51.90922],[4.52455,51.90948],[4.52455,51.90986],[4.52448,51.91009],[4.52368,51.91116],[4.52313,51.91179],[4.52266,51.9123],[4.52208,51.91309],[4.52093,51.91436],[4.52084,51.91453],[4.52081,51.91468],[4.52089,51.91492],[4.52139,51.91556],[4.52161,51.9159],[4.52157,51.91592],[4.52163,51.91594],[4.52177,51.91589],[4.5246,51.91524],[4.528,51.91469],[4.52815,51.91464],[4.52811,51.91446],[4.52806,51.91439],[4.52804,51.91441],[4.52764,51.91369],[4.52803,51.91361]]]}},{"type":"Feature","id":"08451","properties":{},"geometry":{"type":"Polygon","coordinates":[[[4.53596,51.91207],[4.53789,51.90976],[4.53847,51.90896],[4.53879,51.90905],[4.53899,51.90875],[4.53574,51.90794],[4.53455,51.90783],[4.53455,51.90797],[4.53336,51.90792],[4.53105,51.90771],[4.53099,51.90772],[4.53155,51.90878],[4.53156,51.9088],[4.53109,51.9089],[4.53104,51.90893],[4.53076,51.90897],[4.53014,51.90911],[4.52658,51.90987],[4.5267,51.91008],[4.52637,51.91015],[4.52632,51.91012],[4.52628,51.91015],[4.52668,51.91085],[4.52645,51.9109],[4.52647,51.91095],[4.52672,51.91091],[4.52676,51.91098],[4.52684,51.91096],[4.52694,51.91114],[4.52686,51.91116],[4.52812,51.91329],[4.52779,51.91342],[4.52791,51.91359],[4.52803,51.91361],[4.52764,51.91369],[4.52804,51.91441],[4.52806,51.91439],[4.52811,51.91446],[4.52815,51.91464],[4.52848,51.91459],[4.52851,51.91462],[4.52861,51.91458],[4.52865,51.91464],[4.52923,51.91442],[4.5302,51.91415],[4.53067,51.91405],[4.5314,51.914],[4.53217,51.91407],[4.5331,51.91426],[4.53343,51.91439],[4.53358,51.9145],[4.5338,51.91473],[4.53392,51.91496],[4.53401,51.91526],[4.53401,51.91548],[4.53426,51.91549],[4.53424,51.91565],[4.53448,51.91569],[4.53466,51.91525],[4.53449,51.91518],[4.53442,51.91498],[4.53441,51.91472],[4.53448,51.91445],[4.53458,51.91429],[4.53474,51.91414],[4.53511,51.91394],[4.53527,51.91392],[4.53538,51.91369],[4.53528,51.91375],[4.53513,51.91364],[4.53553,51.91339],[4.5357,51.91306],[4.53552,51.91309],[4.53589,51.9126],[4.53563,51.91255],[4.53596,51.91207]]]}},{"type":"Feature","id":"08452","properties":{},"geometry":{"type":"Polygon","coordinates":[[[4.52084,51.91453],[4.52093,51.91436],[4.52208,51.91309],[4.52266,51.9123],[4.52313,51.91179],[4.52368,51.91116],[4.52448,51.91009],[4.52455,51.90986],[4.52455,51.90948],[4.52449,51.90922],[4.5243,51.90882],[4.52449,51.90878],[4.52448,51.90874],[4.52452,51.90873],[4.524,51.90792],[4.52361,51.90696],[4.52349,51.90688],[4.52343,51.90664],[4.52301,51.90676],[4.52294,51.90664],[4.52278,51.90666],[4.52279,51.9067],[4.5224,51.90671],[4.52225,51.90637],[4.52226,51.90624],[4.52221,51.90624],[4.52222,51.9062],[4.52237,51.90618],[4.5223,51.90612],[4.52168,51.90604],[4.52065,51.90584],[4.52056,51.90585],[4.52049,51.90591],[4.5164,51.90522],[4.51633,51.90591],[4.51637,51.90697],[4.51668,51.90948],[4.5166,51.91004],[4.51632,51.91072],[4.51604,51.91121],[4.5152,51.91235],[4.51454,51.91306],[4.51388,51.91365],[4.51307,51.9143],[4.5125,51.9147],[4.5136,51.91653],[4.5137,51.91653],[4.51388,51.91663],[4.51483,51.91613],[4.5153,51.91598],[4.51578,51.91588],[4.51618,51.91585],[4.51815,51.91597],[4.51938,51.91605],[4.51994,51.91606],[4.51999,51.91612],[4.52131,51.91591],[4.52157,51.91592],[4.52161,51.9159],[4.52139,51.91556],[4.52089,51.91492],[4.52081,51.91468],[4.52084,51.91453]]]}},{"type":"Feature","id":"08453","properties":{},"geometry":{"type":"Polygon","coordinates":[[[4.52944,51.9003],[4.52879,51.90017],[4.52813,51.90007],[4.52685,51.89997],[4.52567,51.89999],[4.52503,51.90005],[4.52401,51.90018],[4.52258,51.90048],[4.52121,51.90089],[4.52041,51.90121],[4.51968,51.90154],[4.51857,51.90217],[4.5176,51.90289],[4.5172,51.90324],[4.51679,51.90395],[4.5164,51.90522],[4.52049,51.90591],[4.52056,51.90585],[4.52065,51.90584],[4.52168,51.90604],[4.5223,51.90612],[4.52237,51.90618],[4.52222,51.9062],[4.52221,51.90624],[4.52226,51.90624],[4.52225,51.90637],[4.5224,51.90671],[4.52279,51.9067],[4.52278,51.90666],[4.52294,51.90664],[4.52301,51.90676],[4.52343,51.90664],[4.52349,51.90688],[4.52361,51.90696],[4.524,51.90792],[4.52452,51.90873],[4.52471,51.90867],[4.52556,51.90977],[4.52595,51.91003],[4.52607,51.91008],[4.52613,51.91006],[4.52628,51.91015],[4.52632,51.91012],[4.52637,51.91015],[4.5267,51.91008],[4.52658,51.90987],[4.53014,51.90911],[4.53076,51.90897],[4.53104,51.90893],[4.53109,51.9089],[4.53156,51.9088],[4.53155,51.90878],[4.53099,51.90772],[4.53105,51.90771],[4.53336,51.90792],[4.53455,51.90797],[4.53455,51.90783],[4.53574,51.90794],[4.53899,51.90875],[4.54052,51.90657],[4.54145,51.90519],[4.54192,51.90459],[4.54178,51.90454],[4.54177,51.90447],[4.54185,51.90444],[4.54198,51.90448],[4.54247,51.90378],[4.54002,51.9033],[4.53781,51.90278],[4.53545,51.9021],[4.53017,51.9005],[4.52944,51.9003]]]}},{"type":"Feature","id":"08470","properties":{},"geometry":{"type":"Polygon","coordinates":[[[4.50631,51.92184],[4.5046,51.92223],[4.50434,51.92223],[4.50301,51.92254],[4.50287,51.92254],[4.50267,51.9226],[4.50266,51.92257],[4.50189,51.92269],[4.50193,51.92278],[4.50182,51.9228],[4.50179,51.92274],[4.49928,51.92318],[4.49846,51.92338],[4.49823,51.92294],[4.49774,51.92286],[4.49786,51.92258],[4.49803,51.92255],[4.49787,51.92233],[4.49813,51.92225],[4.49826,51.92237],[4.50236,51.92152],[4.50234,51.92149],[4.50543,51.92079],[4.50585,51.9207],[4.50599,51.92086],[4.5063,51.9214],[4.50636,51.92158],[4.50619,51.92164],[4.50631,51.92184]]]}},{"type":"Feature","id":"08471","properties":{},"geometry":{"type":"Polygon","coordinates":[[[4.51248,51.92033],[4.50939,51.92107],[4.50894,51.92117],[4.5089,51.92122],[4.50867,51.92132],[4.50631,51.92184],[4.50619,51.92164],[4.50636,51.92158],[4.5063,51.9214],[4.50599,51.92086],[4.50585,51.9207],[4.50773,51.92027],[4.50768,51.92018],[4.50836,51.92],[4.50842,51.92009],[4.51276,51.91909],[4.51325,51.91991],[4.51414,51.91971],[4.51424,51.91986],[4.51437,51.92002],[4.51414,51.92011],[4.51396,51.92004],[4.51373,51.92002],[4.51248,51.92033]]]}},{"type":"Feature","id":"08472","properties":{},"geometry":{"type":"Polygon","coordinates":[[[4.51276,51.91909],[4.51433,51.91873],[4.51486,51.91859],[4.51496,51.91854],[4.51457,51.91786],[4.51472,51.91777],[4.51455,51.91764],[4.51428,51.9177],[4.5138,51.91689],[4.51395,51.91685],[4.51404,51.91673],[4.51388,51.91663],[4.51483,51.91613],[4.5153,51.91598],[4.51578,51.91588],[4.51618,51.91585],[4.51815,51.91597],[4.51815,51.91608],[4.51808,51.91608],[4.51812,51.9161],[4.51812,51.91631],[4.51808,51.91646],[4.51779,51.91686],[4.51735,51.91735],[4.51757,51.91743],[4.51549,51.91911],[4.51499,51.91955],[4.51469,51.9197],[4.51424,51.91986],[4.51414,51.91971],[4.51325,51.91991],[4.51276,51.91909]]]}},{"type":"Feature","id":"08473","properties":{},"geometry":{"type":"Polygon","coordinates":[[[4.50317,51.91791],[4.50373,51.91947],[4.5044,51.91932],[4.50457,51.91966],[4.50466,51.91965],[4.50483,51.91977],[4.50527,51.92053],[4.50524,51.92054],[4.50526,51.92057],[4.50531,51.92056],[4.50536,51.92064],[4.50531,51.92065],[4.50543,51.92079],[4.50234,51.92149],[4.50236,51.92152],[4.49826,51.92237],[4.49813,51.92225],[4.49875,51.92145],[4.49822,51.92129],[4.49831,51.92117],[4.49841,51.92121],[4.49907,51.92107],[4.49953,51.9205],[4.49962,51.92051],[4.49971,51.92015],[4.49982,51.92016],[4.50029,51.91812],[4.50113,51.91811],[4.50193,51.91806],[4.50317,51.91791]]]}},{"type":"Feature","id":"08474","properties":{},"geometry":{"type":"Polygon","coordinates":[[[4.51388,51.91663],[4.51404,51.91673],[4.51395,51.91685],[4.5138,51.91689],[4.51428,51.9177],[4.51455,51.91764],[4.51472,51.91777],[4.51457,51.91786],[4.51496,51.91854],[4.51486,51.91859],[4.51433,51.91873],[4.51276,51.91909],[4.50842,51.92009],[4.50836,51.92],[4.50768,51.92018],[4.50773,51.92027],[4.50585,51.9207],[4.50543,51.92079],[4.50531,51.92065],[4.50536,51.92064],[4.50531,51.92056],[4.50526,51.92057],[4.50524,51.92054],[4.50527,51.92053],[4.50483,51.91977],[4.50466,51.91965],[4.50457,51.91966],[4.5044,51.91932],[4.50373,51.91947],[4.50317,51.91791],[4.50422,51.91771],[4.50592,51.91728],[4.50754,51.91682],[4.50903,51.91639],[4.5099,51.91606],[4.51122,51.91546],[4.51197,51.91504],[4.5125,51.9147],[4.5136,51.91653],[4.5137,51.91653],[4.51388,51.91663]]]}},{"type":"Feature","id":"10170","properties":{},"geometry":{"type":"Polygon","coordinates":[[[4.4817,51.90336],[4.48621,51.90292],[4.49409,51.90491],[4.49651,51.9043],[4.49661,51.90476],[4.49716,51.90507],[4.49729,51.9054],[4.49742,51.90559],[4.49787,51.906],[4.49783,51.9061],[4.49807,51.90631],[4.49816,51.9063],[4.49825,51.90634],[4.49806,51.90639],[4.49846,51.90675],[4.49852,51.90682],[4.49846,51.90685],[4.49426,51.90864],[4.49395,51.90879],[4.49412,51.90893],[4.49409,51.90894],[4.4911,51.91016],[4.48931,51.90949],[4.48905,51.90944],[4.48606,51.91062],[4.48551,51.90976],[4.48496,51.90892],[4.48446,51.90836],[4.48338,51.90731],[4.48218,51.90636],[4.47972,51.9047],[4.48032,51.90347],[4.4817,51.90336]]]}},{"type":"Feature","id":"10790","properties":{},"geometry":{"type":"Polygon","coordinates":[[[4.50355,51.91052],[4.50352,51.9105],[4.50447,51.90988],[4.50443,51.90986],[4.50562,51.90899],[4.5056,51.90897],[4.50619,51.90853],[4.50616,51.90852],[4.50725,51.90759],[4.50728,51.90761],[4.50761,51.90735],[4.50729,51.90719],[4.50726,51.90721],[4.50723,51.90719],[4.50725,51.90717],[4.5072,51.90712],[4.50716,51.90715],[4.50704,51.90707],[4.50687,51.90701],[4.50699,51.90691],[4.50684,51.90684],[4.50675,51.90688],[4.50614,51.90662],[4.50617,51.90659],[4.50611,51.90657],[4.50603,51.90664],[4.50589,51.9067],[4.50584,51.90677],[4.50573,51.90672],[4.50555,51.90687],[4.50549,51.90683],[4.50493,51.90723],[4.50125,51.90882],[4.50101,51.90863],[4.50075,51.90874],[4.50072,51.90876],[4.50093,51.90895],[4.50075,51.90903],[4.50061,51.90906],[4.49671,51.91073],[4.49651,51.91055],[4.49615,51.9107],[4.49605,51.91074],[4.49609,51.91078],[4.49605,51.9108],[4.49618,51.91092],[4.4961,51.91096],[4.49834,51.91222],[4.49836,51.91226],[4.49851,51.91224],[4.49895,51.91248],[4.49897,51.91252],[4.5002,51.91321],[4.50356,51.91087],[4.5035,51.91084],[4.50355,51.91081],[4.50333,51.91069],[4.50355,51.91052]]]}},{"type":"Feature","id":"10791","properties":{},"geometry":{"type":"Polygon","coordinates":[[[4.50101,51.90863],[4.50125,51.90882],[4.50493,51.90723],[4.50549,51.90683],[4.50555,51.90687],[4.50573,51.90672],[4.50584,51.90677],[4.50589,51.9067],[4.50603,51.90664],[4.50611,51.90657],[4.50596,51.90652],[4.50528,51.90606],[4.50454,51.9054],[4.5046,51.90537],[4.50462,51.9053],[4.50458,51.90526],[4.50453,51.90529],[4.50421,51.90506],[4.50418,51.90507],[4.50327,51.90427],[4.50323,51.90429],[4.50129,51.90513],[4.50132,51.90516],[4.50119,51.90522],[4.50112,51.90525],[4.50109,51.90522],[4.5004,51.90551],[4.50043,51.90554],[4.50022,51.90563],[4.50019,51.9056],[4.49832,51.9064],[4.49825,51.90634],[4.49806,51.90639],[4.49846,51.90675],[4.49852,51.90682],[4.49846,51.90685],[4.49426,51.90864],[4.49395,51.90879],[4.49412,51.90893],[4.49409,51.90894],[4.49409,51.90898],[4.49416,51.90897],[4.49429,51.90908],[4.49425,51.90912],[4.49432,51.90911],[4.4945,51.90928],[4.49387,51.90955],[4.49415,51.90971],[4.49417,51.90975],[4.49548,51.9105],[4.49566,51.91044],[4.49584,51.91055],[4.49595,51.91052],[4.49615,51.9107],[4.49651,51.91055],[4.49671,51.91073],[4.50061,51.90906],[4.50075,51.90903],[4.50093,51.90895],[4.50072,51.90876],[4.50075,51.90874],[4.50101,51.90863]]]}},{"type":"Feature","id":"10792","properties":{},"geometry":{"type":"Polygon","coordinates":[[[4.51197,51.9017],[4.51201,51.90162],[4.51195,51.90151],[4.51136,51.90098],[4.51129,51.90095],[4.50697,51.90277],[4.50703,51.90283],[4.5069,51.90288],[4.50542,51.90339],[4.50327,51.90427],[4.50418,51.90507],[4.50421,51.90506],[4.50453,51.90529],[4.50458,51.90526],[4.50462,51.9053],[4.5046,51.90537],[4.50454,51.9054],[4.50528,51.90606],[4.50596,51.90652],[4.50611,51.90657],[4.50617,51.90659],[4.50614,51.90662],[4.50675,51.90688],[4.50684,51.90684],[4.50699,51.90691],[4.50687,51.90701],[4.50704,51.90707],[4.50716,51.90715],[4.5072,51.90712],[4.50725,51.90717],[4.50723,51.90719],[4.50726,51.90721],[4.50729,51.90719],[4.50761,51.90735],[4.50761,51.90735],[4.5085,51.90655],[4.50984,51.90524],[4.51147,51.90348],[4.5115,51.9035],[4.51161,51.90337],[4.51157,51.90336],[4.51193,51.90293],[4.51157,51.90281],[4.51148,51.9029],[4.51101,51.90274],[4.51113,51.90262],[4.51197,51.9017]]]}},{"type":"Feature","id":"10800","properties":{},"geometry":{"type":"Polygon","coordinates":[[[4.50216,51.88734],[4.50213,51.88735],[4.50158,51.88705],[4.50153,51.88708],[4.50098,51.88677],[4.50094,51.88681],[4.50046,51.88654],[4.50039,51.88659],[4.49949,51.8861],[4.49943,51.88614],[4.4994,51.88612],[4.49942,51.8861],[4.49907,51.88589],[4.49822,51.88646],[4.49774,51.88688],[4.49769,51.88686],[4.49575,51.88822],[4.497,51.88893],[4.49659,51.88921],[4.49656,51.88962],[4.49663,51.88962],[4.49666,51.8896],[4.49896,51.88966],[4.50029,51.8897],[4.50608,51.88988],[4.50608,51.88985],[4.50679,51.88985],[4.50763,51.88988],[4.50765,51.88986],[4.50757,51.88968],[4.50753,51.88968],[4.50749,51.88961],[4.50752,51.88953],[4.50743,51.88939],[4.50739,51.8894],[4.50728,51.88914],[4.50721,51.88907],[4.50724,51.88905],[4.50688,51.88826],[4.50681,51.88811],[4.50671,51.88811],[4.50655,51.88817],[4.50525,51.88813],[4.50433,51.888],[4.50355,51.88786],[4.50317,51.88775],[4.50265,51.88759],[4.50267,51.88756],[4.50225,51.88737],[4.50216,51.88734]]]}},{"type":"Feature","id":"10801","properties":{},"geometry":{"type":"Polygon","coordinates":[[[4.50527,51.88443],[4.50412,51.88378],[4.50409,51.8838],[4.50401,51.88376],[4.50405,51.88374],[4.50401,51.88371],[4.5041,51.88365],[4.50398,51.88359],[4.50462,51.88295],[4.50459,51.88289],[4.50411,51.88261],[4.50379,51.88247],[4.50378,51.88247],[4.50193,51.88387],[4.50055,51.88486],[4.50046,51.8849],[4.50037,51.88497],[4.49907,51.88589],[4.49942,51.8861],[4.4994,51.88612],[4.49943,51.88614],[4.49949,51.8861],[4.50039,51.88659],[4.50046,51.88654],[4.50094,51.88681],[4.50098,51.88677],[4.50153,51.88708],[4.50158,51.88705],[4.50213,51.88735],[4.50216,51.88734],[4.50225,51.88737],[4.50267,51.88756],[4.50265,51.88759],[4.50317,51.88775],[4.50355,51.88786],[4.50433,51.888],[4.50525,51.88813],[4.50655,51.88817],[4.50671,51.88811],[4.50681,51.88811],[4.50639,51.88714],[4.50639,51.88699],[4.50633,51.88686],[4.50527,51.88443]]]}},{"type":"Feature","id":"10802","properties":{},"geometry":{"type":"Polygon","coordinates":[[[4.50722,51.88415],[4.50709,51.88415],[4.50702,51.88408],[4.50593,51.88363],[4.50591,51.88366],[4.5057,51.88362],[4.50539,51.88367],[4.50488,51.88263],[4.50455,51.88244],[4.50459,51.88243],[4.50458,51.88239],[4.50453,51.88239],[4.50456,51.88235],[4.50436,51.88227],[4.50434,51.8823],[4.50415,51.88219],[4.50401,51.88225],[4.50379,51.88247],[4.50411,51.88261],[4.50459,51.88289],[4.50462,51.88295],[4.50398,51.88359],[4.5041,51.88365],[4.50401,51.88371],[4.50405,51.88374],[4.50401,51.88376],[4.50409,51.8838],[4.50412,51.88378],[4.50527,51.88443],[4.50633,51.88686],[4.50639,51.88699],[4.50639,51.88714],[4.50681,51.88811],[4.50688,51.88826],[4.50724,51.88905],[4.50721,51.88907],[4.50728,51.88914],[4.50739,51.8894],[4.50743,51.88939],[4.50752,51.88953],[4.50749,51.88961],[4.50753,51.88968],[4.50757,51.88968],[4.50765,51.88986],[4.5128,51.89044],[4.51317,51.89055],[4.5132,51.89052],[4.51333,51.89056],[4.51333,51.89054],[4.51367,51.89057],[4.51376,51.89056],[4.51399,51.89023],[4.5134,51.89022],[4.51324,51.89021],[4.51321,51.89019],[4.51416,51.88696],[4.51455,51.88567],[4.51447,51.88564],[4.51448,51.88559],[4.51419,51.88556],[4.51413,51.88562],[4.51263,51.88545],[4.51216,51.8854],[4.51225,51.88524],[4.50827,51.88444],[4.50804,51.88439],[4.5076,51.88429],[4.50722,51.88415]]]}},{"type":"Feature","id":"10803","properties":{},"geometry":{"type":"Polygon","coordinates":[[[4.52125,51.88708],[4.52125,51.88704],[4.52113,51.88694],[4.52117,51.88679],[4.52136,51.88678],[4.52146,51.8864],[4.51808,51.88607],[4.51621,51.88586],[4.51617,51.88594],[4.51606,51.88593],[4.51561,51.88587],[4.51563,51.88582],[4.51525,51.88575],[4.51455,51.88567],[4.51416,51.88696],[4.51321,51.89019],[4.51324,51.89021],[4.5134,51.89022],[4.51399,51.89023],[4.51554,51.8899],[4.51549,51.88947],[4.51552,51.88937],[4.51645,51.88947],[4.51646,51.88944],[4.51655,51.88945],[4.51659,51.88942],[4.51663,51.88946],[4.52058,51.88742],[4.52125,51.88708]]]}},{"type":"Feature","id":"10804","properties":{},"geometry":{"type":"Polygon","coordinates":[[[4.52058,51.88742],[4.51663,51.88946],[4.51659,51.88942],[4.51655,51.88945],[4.51646,51.88944],[4.51645,51.88947],[4.51552,51.88937],[4.51549,51.88947],[4.51554,51.8899],[4.51399,51.89023],[4.51376,51.89056],[4.51441,51.89061],[4.51514,51.89071],[4.51534,51.89077],[4.5169,51.89095],[4.51717,51.89101],[4.5172,51.89089],[4.51767,51.89095],[4.51767,51.89099],[4.51848,51.89108],[4.51891,51.89119],[4.52034,51.89164],[4.52116,51.89191],[4.52107,51.89203],[4.52157,51.89219],[4.52187,51.89182],[4.52186,51.89176],[4.52304,51.89024],[4.52546,51.88717],[4.52556,51.8872],[4.5257,51.88702],[4.52577,51.88692],[4.52577,51.88681],[4.52404,51.8866],[4.52344,51.8866],[4.52248,51.88642],[4.52241,51.88642],[4.52239,51.88646],[4.52227,51.88645],[4.52214,51.88644],[4.52215,51.88641],[4.52168,51.88637],[4.52167,51.88641],[4.52146,51.8864],[4.52136,51.88678],[4.52117,51.88679],[4.52113,51.88694],[4.52125,51.88704],[4.52125,51.88708],[4.52058,51.88742]]]}},{"type":"Feature","id":"10805","properties":{},"geometry":{"type":"Polygon","coordinates":[[[4.49808,51.88371],[4.49814,51.88364],[4.49771,51.88342],[4.49691,51.88371],[4.49651,51.88339],[4.49398,51.88413],[4.49317,51.88443],[4.4924,51.88476],[4.49196,51.88501],[4.49192,51.88519],[4.49225,51.88679],[4.49237,51.88701],[4.4924,51.88735],[4.49256,51.88816],[4.4926,51.88843],[4.49275,51.8886],[4.49396,51.88933],[4.49407,51.88962],[4.49498,51.88961],[4.49499,51.88957],[4.49656,51.88962],[4.49659,51.88921],[4.497,51.88893],[4.49575,51.88822],[4.49769,51.88686],[4.49774,51.88688],[4.49822,51.88646],[4.49907,51.88589],[4.50037,51.88497],[4.50046,51.8849],[4.49874,51.884],[4.49815,51.88376],[4.49808,51.88371]]]}},{"type":"Feature","id":"10806","properties":{},"geometry":{"type":"Polygon","coordinates":[[[4.50066,51.88102],[4.50091,51.88115],[4.50104,51.8812],[4.50108,51.88117],[4.50131,51.88129],[4.50133,51.88127],[4.50155,51.88135],[4.50158,51.88133],[4.50378,51.88247],[4.50193,51.88387],[4.50055,51.88486],[4.50046,51.8849],[4.49874,51.884],[4.49815,51.88376],[4.49808,51.88371],[4.49814,51.88364],[4.49771,51.88342],[4.49691,51.88371],[4.49651,51.88339],[4.49751,51.88307],[4.49825,51.88271],[4.49981,51.88165],[4.50066,51.88102]]]}},{"type":"Feature","id":"10807","properties":{},"geometry":{"type":"Polygon","coordinates":[[[4.50415,51.88219],[4.50401,51.88225],[4.50379,51.88247],[4.50378,51.88247],[4.50158,51.88133],[4.50155,51.88135],[4.50133,51.88127],[4.50131,51.88129],[4.50108,51.88117],[4.50104,51.8812],[4.50091,51.88115],[4.50066,51.88102],[4.50106,51.88068],[4.50354,51.87888],[4.50468,51.87818],[4.50598,51.87754],[4.50826,51.87873],[4.50808,51.8789],[4.50819,51.87896],[4.508,51.87925],[4.50647,51.88041],[4.50487,51.88166],[4.50438,51.88195],[4.50443,51.88197],[4.50415,51.88219]]]}},{"type":"Feature","id":"10808","properties":{},"geometry":{"type":"Polygon","coordinates":[[[4.51528,51.88346],[4.51522,51.88345],[4.51545,51.88272],[4.51551,51.88265],[4.51532,51.8826],[4.51534,51.88254],[4.51528,51.8825],[4.51508,51.88246],[4.51388,51.8824],[4.51356,51.88232],[4.51318,51.88217],[4.51237,51.88163],[4.51145,51.8811],[4.51112,51.88082],[4.5104,51.88009],[4.50984,51.87967],[4.50972,51.87964],[4.50941,51.87944],[4.50899,51.87923],[4.50901,51.87921],[4.50894,51.87918],[4.50902,51.87913],[4.50826,51.87873],[4.50808,51.8789],[4.50819,51.87896],[4.508,51.87925],[4.50647,51.88041],[4.50487,51.88166],[4.50438,51.88195],[4.50443,51.88197],[4.50415,51.88219],[4.50434,51.8823],[4.50436,51.88227],[4.50456,51.88235],[4.50453,51.88239],[4.50458,51.88239],[4.50459,51.88243],[4.50455,51.88244],[4.50488,51.88263],[4.50539,51.88367],[4.5057,51.88362],[4.50591,51.88366],[4.50593,51.88363],[4.50702,51.88408],[4.50709,51.88415],[4.50722,51.88415],[4.5076,51.88429],[4.50804,51.88439],[4.50827,51.88444],[4.51225,51.88524],[4.51216,51.8854],[4.51263,51.88545],[4.51413,51.88562],[4.51419,51.88556],[4.51448,51.88559],[4.51458,51.88541],[4.51465,51.88541],[4.51525,51.88354],[4.51528,51.88346]]]}},{"type":"Feature","id":"10809","properties":{},"geometry":{"type":"Polygon","coordinates":[[[4.52169,51.88343],[4.52176,51.88339],[4.52151,51.8829],[4.52101,51.88284],[4.5209,51.88283],[4.52087,51.88288],[4.52015,51.88268],[4.51659,51.88233],[4.51611,51.88235],[4.51606,51.88238],[4.51605,51.88253],[4.51567,51.88248],[4.51551,51.88265],[4.51545,51.88272],[4.51522,51.88345],[4.51528,51.88346],[4.51525,51.88354],[4.51465,51.88541],[4.51458,51.88541],[4.51448,51.88559],[4.51447,51.88564],[4.51455,51.88567],[4.51525,51.88575],[4.51563,51.88582],[4.51561,51.88587],[4.51606,51.88593],[4.51617,51.88594],[4.51621,51.88586],[4.51808,51.88607],[4.52146,51.8864],[4.52167,51.88641],[4.52168,51.88637],[4.52215,51.88641],[4.52214,51.88644],[4.52227,51.88645],[4.52239,51.88646],[4.52241,51.88642],[4.52248,51.88642],[4.52253,51.88584],[4.52247,51.88536],[4.52237,51.88499],[4.52193,51.88395],[4.52169,51.88343]]]}},{"type":"Feature","id":"10810","properties":{},"geometry":{"type":"Polygon","coordinates":[[[4.50184,51.89748],[4.50241,51.89784],[4.50215,51.89805],[4.50248,51.89807],[4.50246,51.89846],[4.50162,51.89843],[4.50092,51.8984],[4.50092,51.89842],[4.49981,51.89835],[4.49857,51.8982],[4.49677,51.89789],[4.49665,51.89794],[4.49662,51.8979],[4.4965,51.89789],[4.49649,51.89787],[4.49596,51.89776],[4.49548,51.89767],[4.49514,51.89706],[4.49604,51.89723],[4.49656,51.89631],[4.49679,51.896],[4.49675,51.89594],[4.49687,51.89587],[4.49682,51.89577],[4.49685,51.89576],[4.49679,51.8957],[4.49684,51.89568],[4.49677,51.89564],[4.49732,51.89539],[4.49817,51.89479],[4.49833,51.89474],[4.50029,51.89623],[4.50134,51.89712],[4.50184,51.89748]]]}},{"type":"Feature","id":"10811","properties":{},"geometry":{"type":"Polygon","coordinates":[[[4.49833,51.89474],[4.49817,51.89479],[4.49732,51.89539],[4.49677,51.89564],[4.49684,51.89568],[4.49679,51.8957],[4.49685,51.89576],[4.49682,51.89577],[4.49687,51.89587],[4.49675,51.89594],[4.49679,51.896],[4.49656,51.89631],[4.49604,51.89723],[4.49514,51.89706],[4.49383,51.89431],[4.49389,51.89291],[4.4939,51.8927],[4.49436,51.89268],[4.49434,51.89265],[4.49467,51.89255],[4.49846,51.89464],[4.49833,51.89474]]]}},{"type":"Feature","id":"10812","properties":{},"geometry":{"type":"Polygon","coordinates":[[[4.49807,51.89065],[4.4977,51.89094],[4.49766,51.89094],[4.49467,51.89255],[4.49434,51.89265],[4.49436,51.89268],[4.4939,51.8927],[4.49405,51.88989],[4.49407,51.88962],[4.49498,51.88961],[4.49499,51.88957],[4.49656,51.88962],[4.49663,51.88962],[4.49662,51.88985],[4.49807,51.89065]]]}},{"type":"Feature","id":"10813","properties":{},"geometry":{"type":"Polygon","coordinates":[[[4.50225,51.89296],[4.5017,51.89331],[4.50098,51.89292],[4.49846,51.89464],[4.49467,51.89255],[4.49766,51.89094],[4.4977,51.89094],[4.49807,51.89065],[4.50225,51.89296]]]}},{"type":"Feature","id":"10814","properties":{},"geometry":{"type":"Polygon","coordinates":[[[4.49846,51.89464],[4.50098,51.89292],[4.5017,51.89331],[4.50225,51.89296],[4.50228,51.89298],[4.50456,51.89423],[4.50605,51.89506],[4.50184,51.89748],[4.50134,51.89712],[4.50029,51.89623],[4.49833,51.89474],[4.49846,51.89464]]]}},{"type":"Feature","id":"10815","properties":{},"geometry":{"type":"Polygon","coordinates":[[[4.49896,51.88966],[4.49898,51.88972],[4.4991,51.88979],[4.50003,51.89029],[4.50035,51.89007],[4.50121,51.89011],[4.50122,51.89017],[4.50132,51.8902],[4.50295,51.89109],[4.50195,51.89178],[4.50308,51.8924],[4.50228,51.89298],[4.50225,51.89296],[4.49807,51.89065],[4.49662,51.88985],[4.49663,51.88962],[4.49666,51.8896],[4.49896,51.88966]]]}},{"type":"Feature","id":"10816","properties":{},"geometry":{"type":"Polygon","coordinates":[[[4.50029,51.8897],[4.50608,51.88988],[4.50608,51.88985],[4.50679,51.88985],[4.50501,51.89106],[4.50488,51.8912],[4.50482,51.89124],[4.50478,51.89122],[4.50308,51.8924],[4.50195,51.89178],[4.50295,51.89109],[4.50132,51.8902],[4.50122,51.89017],[4.50121,51.89011],[4.50035,51.89007],[4.50003,51.89029],[4.4991,51.88979],[4.49898,51.88972],[4.49896,51.88966],[4.50029,51.8897]]]}},{"type":"Feature","id":"10817","properties":{},"geometry":{"type":"Polygon","coordinates":[[[4.50456,51.89423],[4.50228,51.89298],[4.50308,51.8924],[4.50478,51.89122],[4.50482,51.89124],[4.50488,51.8912],[4.50501,51.89106],[4.50679,51.88985],[4.50763,51.88988],[4.50847,51.89171],[4.50807,51.89175],[4.5079,51.89186],[4.50456,51.89423]]]}},{"type":"Feature","id":"10818","properties":{},"geometry":{"type":"Polygon","coordinates":[[[4.50605,51.89506],[4.50456,51.89423],[4.5079,51.89186],[4.50807,51.89175],[4.50847,51.89171],[4.50921,51.8934],[4.50925,51.8935],[4.50761,51.89425],[4.50605,51.89506]]]}},{"type":"Feature","id":"10820","properties":{},"geometry":{"type":"Polygon","coordinates":[[[4.51069,51.89731],[4.51067,51.89753],[4.51059,51.89769],[4.5107,51.89784],[4.51068,51.89791],[4.51056,51.89795],[4.51014,51.8991],[4.51003,51.89909],[4.50958,51.89895],[4.50936,51.89884],[4.50933,51.89878],[4.50926,51.89888],[4.50894,51.89913],[4.50905,51.89918],[4.50902,51.89922],[4.50881,51.89911],[4.50783,51.89885],[4.50713,51.89872],[4.50629,51.89862],[4.50389,51.89852],[4.50382,51.89857],[4.50371,51.89851],[4.50245,51.89849],[4.50246,51.89846],[4.50248,51.89807],[4.50215,51.89805],[4.50241,51.89784],[4.50371,51.89709],[4.50384,51.89728],[4.5047,51.89719],[4.50575,51.89717],[4.50708,51.89723],[4.50916,51.89739],[4.50944,51.89734],[4.51007,51.89738],[4.51014,51.89741],[4.51029,51.89735],[4.51027,51.89733],[4.51069,51.89731]]]}},{"type":"Feature","id":"10821","properties":{},"geometry":{"type":"Polygon","coordinates":[[[4.51193,51.90293],[4.51157,51.90281],[4.51148,51.9029],[4.51101,51.90274],[4.51113,51.90262],[4.51197,51.9017],[4.51201,51.90162],[4.51195,51.90151],[4.51136,51.90098],[4.51129,51.90095],[4.51005,51.89981],[4.51038,51.89967],[4.51051,51.89966],[4.51095,51.89956],[4.51106,51.8998],[4.51325,51.89933],[4.51347,51.89925],[4.51391,51.89903],[4.51393,51.89905],[4.51409,51.89916],[4.5153,51.89865],[4.51581,51.89836],[4.51523,51.89904],[4.51297,51.90172],[4.51193,51.90293]]]}},{"type":"Feature","id":"10822","properties":{},"geometry":{"type":"Polygon","coordinates":[[[4.50925,51.8935],[4.50933,51.89369],[4.50927,51.89372],[4.50928,51.89375],[4.50944,51.89393],[4.50953,51.89411],[4.50973,51.89465],[4.50974,51.89471],[4.5097,51.89471],[4.50992,51.89566],[4.51005,51.89565],[4.51003,51.89554],[4.51018,51.89553],[4.51064,51.89682],[4.51069,51.89731],[4.51027,51.89733],[4.51029,51.89735],[4.51014,51.89741],[4.51007,51.89738],[4.50944,51.89734],[4.50916,51.89739],[4.50708,51.89723],[4.50575,51.89717],[4.5047,51.89719],[4.50384,51.89728],[4.50371,51.89709],[4.50241,51.89784],[4.50184,51.89748],[4.50605,51.89506],[4.50761,51.89425],[4.50925,51.8935]]]}},{"type":"Feature","id":"10823","properties":{},"geometry":{"type":"Polygon","coordinates":[[[4.51311,51.8943],[4.51307,51.89442],[4.51302,51.89442],[4.51298,51.89457],[4.51302,51.89458],[4.51281,51.8953],[4.51259,51.89528],[4.51194,51.89747],[4.51186,51.89758],[4.51183,51.89785],[4.51149,51.89898],[4.51073,51.89914],[4.51014,51.8991],[4.51056,51.89795],[4.51068,51.89791],[4.5107,51.89784],[4.51059,51.89769],[4.51067,51.89753],[4.51069,51.89731],[4.51064,51.89682],[4.51018,51.89553],[4.51003,51.89554],[4.51005,51.89565],[4.50992,51.89566],[4.5097,51.89471],[4.50974,51.89471],[4.50973,51.89465],[4.50953,51.89411],[4.50964,51.89403],[4.5098,51.894],[4.50996,51.89404],[4.51024,51.89385],[4.51054,51.89401],[4.51311,51.8943]]]}},{"type":"Feature","id":"10824","properties":{},"geometry":{"type":"Polygon","coordinates":[[[4.51748,51.89498],[4.51655,51.89617],[4.51616,51.89674],[4.51608,51.89692],[4.51546,51.89777],[4.51502,51.89829],[4.51439,51.89879],[4.51393,51.89905],[4.51391,51.89903],[4.51347,51.89925],[4.51325,51.89933],[4.51106,51.8998],[4.51095,51.89956],[4.51051,51.89966],[4.51038,51.89967],[4.51005,51.89981],[4.50964,51.89949],[4.50909,51.8992],[4.50905,51.89918],[4.50894,51.89913],[4.50926,51.89888],[4.50933,51.89878],[4.50936,51.89884],[4.50958,51.89895],[4.51003,51.89909],[4.51014,51.8991],[4.51073,51.89914],[4.51149,51.89898],[4.51183,51.89785],[4.51186,51.89758],[4.51194,51.89747],[4.51259,51.89528],[4.51281,51.8953],[4.51302,51.89458],[4.51298,51.89457],[4.51302,51.89442],[4.51307,51.89442],[4.51311,51.8943],[4.51398,51.8944],[4.51662,51.89471],[4.51664,51.89466],[4.51726,51.89487],[4.51731,51.89492],[4.51748,51.89498]]]}},{"type":"Feature","id":"10825","properties":{},"geometry":{"type":"Polygon","coordinates":[[[4.52034,51.89164],[4.52116,51.89191],[4.52107,51.89203],[4.52157,51.89219],[4.52068,51.89328],[4.52086,51.89331],[4.52023,51.89408],[4.51975,51.89465],[4.51965,51.89463],[4.51891,51.8955],[4.51761,51.89684],[4.5175,51.8968],[4.51719,51.89705],[4.5165,51.89782],[4.51604,51.89809],[4.51581,51.89836],[4.5153,51.89865],[4.51409,51.89916],[4.51393,51.89905],[4.51439,51.89879],[4.51502,51.89829],[4.51546,51.89777],[4.51608,51.89692],[4.51616,51.89674],[4.51655,51.89617],[4.51748,51.89498],[4.52034,51.89164]]]}},{"type":"Feature","id":"10826","properties":{},"geometry":{"type":"Polygon","coordinates":[[[4.50765,51.88986],[4.5128,51.89044],[4.51317,51.89055],[4.5132,51.89052],[4.51333,51.89056],[4.51333,51.89054],[4.51367,51.89057],[4.51368,51.89061],[4.51341,51.89081],[4.51009,51.89324],[4.50948,51.89334],[4.5095,51.89339],[4.50921,51.8934],[4.50847,51.89171],[4.50763,51.88988],[4.50765,51.88986]]]}},{"type":"Feature","id":"10827","properties":{},"geometry":{"type":"Polygon","coordinates":[[[4.51376,51.89056],[4.51441,51.89061],[4.51514,51.89071],[4.51503,51.89114],[4.51488,51.89126],[4.51398,51.8944],[4.51311,51.8943],[4.51054,51.89401],[4.51024,51.89385],[4.50996,51.89404],[4.5098,51.894],[4.50964,51.89403],[4.50953,51.89411],[4.50944,51.89393],[4.50928,51.89375],[4.50927,51.89372],[4.50933,51.89369],[4.50925,51.8935],[4.50921,51.8934],[4.5095,51.89339],[4.50948,51.89334],[4.51009,51.89324],[4.51341,51.89081],[4.51368,51.89061],[4.51367,51.89057],[4.51376,51.89056]]]}},{"type":"Feature","id":"10828","properties":{},"geometry":{"type":"Polygon","coordinates":[[[4.51891,51.89119],[4.52034,51.89164],[4.51748,51.89498],[4.51731,51.89492],[4.51726,51.89487],[4.51664,51.89466],[4.51662,51.89471],[4.51398,51.8944],[4.51488,51.89126],[4.51503,51.89114],[4.51514,51.89071],[4.51534,51.89077],[4.5169,51.89095],[4.51717,51.89101],[4.5172,51.89089],[4.51767,51.89095],[4.51767,51.89099],[4.51848,51.89108],[4.51891,51.89119]]]}},{"type":"Feature","id":"10850","properties":{},"geometry":{"type":"Polygon","coordinates":[[[4.47693,51.89802],[4.47687,51.89812],[4.47704,51.89816],[4.47712,51.89828],[4.47719,51.89827],[4.47725,51.89835],[4.47719,51.89837],[4.47724,51.89845],[4.4772,51.89847],[4.47722,51.8985],[4.47733,51.89848],[4.47835,51.90011],[4.47845,51.90017],[4.47851,51.90031],[4.47941,51.9001],[4.47952,51.90028],[4.47984,51.90019],[4.48152,51.90085],[4.4813,51.90109],[4.48185,51.90129],[4.48179,51.90135],[4.48176,51.9014],[4.48183,51.90142],[4.48174,51.90153],[4.48177,51.90152],[4.48175,51.90172],[4.48197,51.9017],[4.48206,51.90172],[4.48198,51.90214],[4.48201,51.90215],[4.48198,51.9024],[4.4817,51.90336],[4.48032,51.90347],[4.47972,51.9047],[4.47863,51.9041],[4.47762,51.90363],[4.47599,51.90292],[4.47396,51.90214],[4.47189,51.90147],[4.46928,51.9007],[4.46776,51.90035],[4.46878,51.89881],[4.47048,51.89924],[4.47057,51.89909],[4.47053,51.89906],[4.47057,51.89888],[4.47053,51.89889],[4.47053,51.89878],[4.47168,51.89851],[4.47163,51.89843],[4.47642,51.89731],[4.47722,51.89748],[4.47693,51.89802]]]}},{"type":"Feature","id":"10851","properties":{},"geometry":{"type":"Polygon","coordinates":[[[4.49651,51.9043],[4.49409,51.90491],[4.48621,51.90292],[4.4817,51.90336],[4.48198,51.9024],[4.48201,51.90215],[4.48198,51.90214],[4.48206,51.90172],[4.48197,51.9017],[4.48175,51.90172],[4.48177,51.90152],[4.48174,51.90153],[4.48183,51.90142],[4.48176,51.9014],[4.48179,51.90135],[4.48332,51.90162],[4.48408,51.90156],[4.48431,51.9016],[4.48439,51.90163],[4.48438,51.90166],[4.48634,51.90151],[4.48638,51.90142],[4.48689,51.90147],[4.48689,51.9015],[4.48779,51.90144],[4.48826,51.90137],[4.48828,51.90118],[4.48916,51.90133],[4.4903,51.90124],[4.49044,51.90093],[4.49077,51.90033],[4.49565,51.90136],[4.49608,51.90143],[4.49599,51.90168],[4.49605,51.90201],[4.49601,51.90216],[4.49615,51.90282],[4.49621,51.90287],[4.49651,51.9043]]]}},{"type":"Feature","id":"10852","properties":{},"geometry":{"type":"Polygon","coordinates":[[[4.49044,51.90093],[4.4903,51.90124],[4.48916,51.90133],[4.48828,51.90118],[4.48826,51.90137],[4.48779,51.90144],[4.48689,51.9015],[4.48689,51.90147],[4.48638,51.90142],[4.48634,51.90151],[4.48438,51.90166],[4.48439,51.90163],[4.48431,51.9016],[4.48408,51.90156],[4.48332,51.90162],[4.48179,51.90135],[4.48185,51.90129],[4.4813,51.90109],[4.48152,51.90085],[4.47984,51.90019],[4.47952,51.90028],[4.47941,51.9001],[4.47851,51.90031],[4.47845,51.90017],[4.47835,51.90011],[4.47733,51.89848],[4.47722,51.8985],[4.4772,51.89847],[4.47724,51.89845],[4.47719,51.89837],[4.47725,51.89835],[4.47719,51.89827],[4.47712,51.89828],[4.47704,51.89816],[4.47687,51.89812],[4.47693,51.89802],[4.48317,51.89934],[4.48308,51.8995],[4.48312,51.89957],[4.49044,51.90093]]]}},{"type":"Feature","id":"10853","properties":{},"geometry":{"type":"Polygon","coordinates":[[[4.49044,51.90093],[4.48312,51.89957],[4.48308,51.8995],[4.48317,51.89934],[4.47693,51.89802],[4.47722,51.89748],[4.49077,51.90033],[4.49044,51.90093]]]}},{"type":"Feature","id":"10854","properties":{},"geometry":{"type":"Polygon","coordinates":[[[4.49565,51.90136],[4.49077,51.90033],[4.47722,51.89748],[4.47642,51.89731],[4.47163,51.89843],[4.47168,51.89851],[4.47053,51.89878],[4.47053,51.89889],[4.47057,51.89888],[4.47053,51.89906],[4.47057,51.89909],[4.47048,51.89924],[4.46878,51.89881],[4.46898,51.89851],[4.47662,51.8958],[4.49245,51.89917],[4.495,51.89816],[4.49504,51.89808],[4.49533,51.89894],[4.49549,51.89905],[4.49595,51.90116],[4.49583,51.90118],[4.49585,51.90125],[4.49565,51.90136]]]}},{"type":"Feature","id":"10861","properties":{},"geometry":{"type":"Polygon","coordinates":[[[4.49621,51.90287],[4.49634,51.90286],[4.49683,51.90297],[4.49782,51.90323],[4.50117,51.90394],[4.50127,51.90396],[4.50125,51.90399],[4.49857,51.90513],[4.49855,51.90511],[4.49742,51.90559],[4.49729,51.9054],[4.49716,51.90507],[4.49661,51.90476],[4.49651,51.9043],[4.49621,51.90287]]]}},{"type":"Feature","id":"10862","properties":{},"geometry":{"type":"Polygon","coordinates":[[[4.49863,51.9002],[4.50123,51.90159],[4.50133,51.90178],[4.50144,51.90177],[4.50209,51.9021],[4.50213,51.90208],[4.50254,51.9023],[4.50276,51.90246],[4.5034,51.90302],[4.50236,51.90346],[4.5024,51.9035],[4.50189,51.90371],[4.5016,51.90377],[4.50128,51.90372],[4.50125,51.90378],[4.50117,51.90394],[4.49782,51.90323],[4.49683,51.90297],[4.49634,51.90286],[4.49621,51.90287],[4.49615,51.90282],[4.49601,51.90216],[4.49605,51.90201],[4.49599,51.90168],[4.49608,51.90143],[4.49678,51.90139],[4.49676,51.90133],[4.49713,51.90124],[4.49863,51.9002]]]}},{"type":"Feature","id":"10863","properties":{},"geometry":{"type":"Polygon","coordinates":[[[4.49863,51.9002],[4.49713,51.90124],[4.49676,51.90133],[4.49678,51.90139],[4.49608,51.90143],[4.49565,51.90136],[4.49585,51.90125],[4.49583,51.90118],[4.49595,51.90116],[4.49549,51.89905],[4.49533,51.89894],[4.49504,51.89808],[4.49563,51.89802],[4.49548,51.89767],[4.49596,51.89776],[4.49616,51.89855],[4.49661,51.8988],[4.49644,51.899],[4.49863,51.9002]]]}},{"type":"Feature","id":"10864","properties":{},"geometry":{"type":"Polygon","coordinates":[[[4.49863,51.9002],[4.49644,51.899],[4.49661,51.8988],[4.49616,51.89855],[4.49596,51.89776],[4.49649,51.89787],[4.4965,51.89789],[4.49662,51.8979],[4.49665,51.89794],[4.49677,51.89789],[4.49857,51.8982],[4.49981,51.89835],[4.50092,51.89842],[4.50088,51.89863],[4.49863,51.9002]]]}},{"type":"Feature","id":"10865","properties":{},"geometry":{"type":"Polygon","coordinates":[[[4.50162,51.89843],[4.50162,51.89847],[4.5021,51.89867],[4.50213,51.89872],[4.50208,51.89877],[4.50219,51.89882],[4.50224,51.89878],[4.50345,51.89934],[4.50341,51.89938],[4.50343,51.89939],[4.50383,51.89958],[4.50388,51.89955],[4.50403,51.8996],[4.50693,51.90095],[4.50593,51.90172],[4.50597,51.90174],[4.50509,51.90233],[4.50342,51.90305],[4.5034,51.90302],[4.50276,51.90246],[4.50254,51.9023],[4.50213,51.90208],[4.50209,51.9021],[4.50144,51.90177],[4.50133,51.90178],[4.50123,51.90159],[4.49863,51.9002],[4.50088,51.89863],[4.50092,51.89842],[4.50092,51.8984],[4.50162,51.89843]]]}},{"type":"Feature","id":"10866","properties":{},"geometry":{"type":"Polygon","coordinates":[[[4.50693,51.90095],[4.50403,51.8996],[4.50388,51.89955],[4.50383,51.89958],[4.50343,51.89939],[4.50341,51.89938],[4.50345,51.89934],[4.50224,51.89878],[4.50219,51.89882],[4.50208,51.89877],[4.50213,51.89872],[4.5021,51.89867],[4.50162,51.89847],[4.50162,51.89843],[4.50246,51.89846],[4.50245,51.89849],[4.50371,51.89851],[4.50382,51.89857],[4.50389,51.89852],[4.50629,51.89862],[4.50713,51.89872],[4.50783,51.89885],[4.50881,51.89911],[4.50902,51.89922],[4.50905,51.89918],[4.50909,51.8992],[4.50911,51.89928],[4.50865,51.89964],[4.50862,51.89962],[4.50819,51.89998],[4.50794,51.90027],[4.50702,51.90099],[4.50693,51.90095]]]}},{"type":"Feature","id":"10867","properties":{},"geometry":{"type":"Polygon","coordinates":[[[4.50327,51.90427],[4.50542,51.90339],[4.5069,51.90288],[4.50703,51.90283],[4.50697,51.90277],[4.51129,51.90095],[4.51005,51.89981],[4.50964,51.89949],[4.50909,51.8992],[4.50911,51.89928],[4.50865,51.89964],[4.50862,51.89962],[4.50819,51.89998],[4.50794,51.90027],[4.50702,51.90099],[4.50693,51.90095],[4.50593,51.90172],[4.50597,51.90174],[4.50509,51.90233],[4.50342,51.90305],[4.5034,51.90302],[4.50236,51.90346],[4.5024,51.9035],[4.50189,51.90371],[4.5016,51.90377],[4.50128,51.90372],[4.50125,51.90378],[4.50117,51.90394],[4.50127,51.90396],[4.50125,51.90399],[4.49857,51.90513],[4.49855,51.90511],[4.49742,51.90559],[4.49787,51.906],[4.49783,51.9061],[4.49807,51.90631],[4.49816,51.9063],[4.49825,51.90634],[4.49832,51.9064],[4.50019,51.9056],[4.50022,51.90563],[4.50043,51.90554],[4.5004,51.90551],[4.50109,51.90522],[4.50112,51.90525],[4.50119,51.90522],[4.50132,51.90516],[4.50129,51.90513],[4.50323,51.90429],[4.50327,51.90427]]]}},{"type":"Feature","id":"10870","properties":{},"geometry":{"type":"Polygon","coordinates":[[[4.50649,51.91397],[4.50656,51.91299],[4.50672,51.91231],[4.50712,51.91146],[4.50765,51.9107],[4.50763,51.91066],[4.50749,51.91063],[4.50763,51.91047],[4.50708,51.91029],[4.50711,51.91025],[4.507,51.91021],[4.50704,51.91017],[4.50699,51.91011],[4.50737,51.90954],[4.50742,51.90956],[4.50808,51.90906],[4.50807,51.90901],[4.50824,51.90889],[4.50787,51.90875],[4.50781,51.90876],[4.50766,51.90824],[4.50823,51.90773],[4.50762,51.9075],[4.50774,51.9074],[4.50761,51.90735],[4.50761,51.90735],[4.50728,51.90761],[4.50725,51.90759],[4.50616,51.90852],[4.50619,51.90853],[4.5056,51.90897],[4.50562,51.90899],[4.50443,51.90986],[4.50447,51.90988],[4.50352,51.9105],[4.50355,51.91052],[4.50333,51.91069],[4.50355,51.91081],[4.5035,51.91084],[4.50356,51.91087],[4.5002,51.91321],[4.50422,51.91543],[4.50607,51.91553],[4.50615,51.91498],[4.50605,51.91493],[4.50606,51.91481],[4.50615,51.91414],[4.50619,51.91412],[4.50641,51.91411],[4.50649,51.91404],[4.50649,51.91397]]]}},{"type":"Feature","id":"10871","properties":{},"geometry":{"type":"Polygon","coordinates":[[[4.51044,51.90992],[4.50942,51.90959],[4.50945,51.90956],[4.50878,51.90933],[4.50845,51.90917],[4.50839,51.90922],[4.50808,51.90906],[4.50742,51.90956],[4.50737,51.90954],[4.50699,51.91011],[4.50704,51.91017],[4.507,51.91021],[4.50711,51.91025],[4.50708,51.91029],[4.50763,51.91047],[4.50749,51.91063],[4.50763,51.91066],[4.50765,51.9107],[4.50712,51.91146],[4.50672,51.91231],[4.50656,51.91299],[4.50649,51.91397],[4.50649,51.91404],[4.50641,51.91411],[4.50619,51.91412],[4.50615,51.91414],[4.50606,51.91481],[4.50605,51.91493],[4.50615,51.91498],[4.50607,51.91553],[4.50754,51.91682],[4.50903,51.91639],[4.5099,51.91606],[4.51122,51.91546],[4.51197,51.91504],[4.5125,51.9147],[4.51307,51.9143],[4.51388,51.91365],[4.51454,51.91306],[4.5152,51.91235],[4.51604,51.91121],[4.51361,51.9108],[4.51314,51.91064],[4.51308,51.9107],[4.51155,51.91018],[4.51115,51.91062],[4.51015,51.91027],[4.51044,51.90992]]]}},{"type":"Feature","id":"10872","properties":{},"geometry":{"type":"Polygon","coordinates":[[[4.51351,51.90576],[4.51349,51.90579],[4.51341,51.90575],[4.51344,51.90573],[4.51285,51.90548],[4.51279,51.90555],[4.51281,51.90556],[4.51242,51.90592],[4.51239,51.90591],[4.50878,51.90933],[4.50945,51.90956],[4.50942,51.90959],[4.51044,51.90992],[4.51015,51.91027],[4.51115,51.91062],[4.51155,51.91018],[4.51308,51.9107],[4.51314,51.91064],[4.51361,51.9108],[4.51604,51.91121],[4.51632,51.91072],[4.5166,51.91004],[4.51668,51.90948],[4.51637,51.90697],[4.51633,51.90591],[4.51397,51.90568],[4.51385,51.90564],[4.51372,51.90567],[4.51358,51.90579],[4.51351,51.90576]]]}},{"type":"Feature","id":"10873","properties":{},"geometry":{"type":"Polygon","coordinates":[[[4.51358,51.90579],[4.51351,51.90576],[4.51349,51.90579],[4.51341,51.90575],[4.51344,51.90573],[4.51285,51.90548],[4.51279,51.90555],[4.51281,51.90556],[4.51242,51.90592],[4.51239,51.90591],[4.50878,51.90933],[4.50845,51.90917],[4.50839,51.90922],[4.50808,51.90906],[4.50807,51.90901],[4.50824,51.90889],[4.50787,51.90875],[4.50781,51.90876],[4.50766,51.90824],[4.50823,51.90773],[4.50762,51.9075],[4.50774,51.9074],[4.50761,51.90735],[4.5085,51.90655],[4.50984,51.90524],[4.51147,51.90348],[4.5115,51.9035],[4.51161,51.90337],[4.51157,51.90336],[4.51193,51.90293],[4.51297,51.90172],[4.51328,51.90182],[4.51345,51.90192],[4.5172,51.90324],[4.51679,51.90395],[4.5164,51.90522],[4.51633,51.90591],[4.51397,51.90568],[4.51385,51.90564],[4.51372,51.90567],[4.51358,51.90579]]]}},{"type":"Feature","id":"10880","properties":{},"geometry":{"type":"Polygon","coordinates":[[[4.48606,51.91062],[4.48905,51.90944],[4.48931,51.90949],[4.4911,51.91016],[4.49252,51.9107],[4.49424,51.91165],[4.49406,51.91177],[4.49403,51.91175],[4.49228,51.91298],[4.4912,51.91361],[4.49049,51.91407],[4.48969,51.91356],[4.48871,51.91293],[4.48771,51.91219],[4.48698,51.91156],[4.48606,51.91062]]]}},{"type":"Feature","id":"10881","properties":{},"geometry":{"type":"Polygon","coordinates":[[[4.49736,51.91333],[4.4973,51.91339],[4.4973,51.91345],[4.49702,51.91358],[4.49768,51.91395],[4.49763,51.91395],[4.4978,51.91406],[4.49781,51.91402],[4.49796,51.91411],[4.49822,51.91429],[4.49838,51.91448],[4.49838,51.91467],[4.49769,51.91527],[4.49746,51.91553],[4.49738,51.91549],[4.49732,51.91553],[4.4974,51.91554],[4.49718,51.91574],[4.49566,51.917],[4.49455,51.91648],[4.49375,51.91606],[4.49231,51.91521],[4.49049,51.91407],[4.4912,51.91361],[4.49228,51.91298],[4.49403,51.91175],[4.49406,51.91177],[4.49424,51.91165],[4.49736,51.91333]]]}},{"type":"Feature","id":"10882","properties":{},"geometry":{"type":"Polygon","coordinates":[[[4.49748,51.91337],[4.49745,51.91344],[4.49754,51.91346],[4.49881,51.91416],[4.49893,51.91416],[4.4994,51.91439],[4.49985,51.91466],[4.49985,51.91475],[4.50292,51.91644],[4.50422,51.91543],[4.50607,51.91553],[4.50754,51.91682],[4.50592,51.91728],[4.50422,51.91771],[4.50317,51.91791],[4.50193,51.91806],[4.50113,51.91811],[4.50029,51.91812],[4.49902,51.91795],[4.4975,51.91763],[4.49658,51.91735],[4.49566,51.917],[4.49718,51.91574],[4.4974,51.91554],[4.49732,51.91553],[4.49738,51.91549],[4.49746,51.91553],[4.49769,51.91527],[4.49838,51.91467],[4.49838,51.91448],[4.49822,51.91429],[4.49796,51.91411],[4.49781,51.91402],[4.4978,51.91406],[4.49763,51.91395],[4.49768,51.91395],[4.49702,51.91358],[4.4973,51.91345],[4.4973,51.91339],[4.49736,51.91333],[4.49748,51.91337]]]}},{"type":"Feature","id":"10883","properties":{},"geometry":{"type":"Polygon","coordinates":[[[4.50422,51.91543],[4.50292,51.91644],[4.49985,51.91475],[4.49985,51.91466],[4.4994,51.91439],[4.49893,51.91416],[4.49881,51.91416],[4.49754,51.91346],[4.49745,51.91344],[4.49748,51.91337],[4.49772,51.91319],[4.4979,51.91315],[4.49789,51.9131],[4.49783,51.91308],[4.49834,51.91273],[4.49846,51.91277],[4.49851,51.91266],[4.4987,51.91252],[4.49895,51.91248],[4.49897,51.91252],[4.5002,51.91321],[4.50422,51.91543]]]}},{"type":"Feature","id":"10884","properties":{},"geometry":{"type":"Polygon","coordinates":[[[4.49615,51.9107],[4.49605,51.91074],[4.49609,51.91078],[4.49605,51.9108],[4.49618,51.91092],[4.4961,51.91096],[4.49834,51.91222],[4.49836,51.91226],[4.49851,51.91224],[4.49895,51.91248],[4.4987,51.91252],[4.49851,51.91266],[4.49846,51.91277],[4.49834,51.91273],[4.49783,51.91308],[4.49789,51.9131],[4.4979,51.91315],[4.49772,51.91319],[4.49748,51.91337],[4.49736,51.91333],[4.49424,51.91165],[4.49252,51.9107],[4.4911,51.91016],[4.49409,51.90894],[4.49409,51.90898],[4.49416,51.90897],[4.49429,51.90908],[4.49425,51.90912],[4.49432,51.90911],[4.4945,51.90928],[4.49387,51.90955],[4.49415,51.90971],[4.49417,51.90975],[4.49548,51.9105],[4.49566,51.91044],[4.49584,51.91055],[4.49595,51.91052],[4.49615,51.9107]]]}},{"type":"Feature","id":"12830","properties":{},"geometry":{"type":"Polygon","coordinates":[[[4.52538,51.89849],[4.52539,51.89852],[4.5255,51.89854],[4.52754,51.89847],[4.52834,51.89853],[4.5297,51.89869],[4.53015,51.89779],[4.52834,51.89781],[4.52825,51.8978],[4.52761,51.89784],[4.5283,51.89774],[4.53057,51.8977],[4.53054,51.89715],[4.53065,51.89715],[4.53036,51.89531],[4.52902,51.89515],[4.52846,51.89517],[4.52615,51.89563],[4.52616,51.89565],[4.52595,51.8957],[4.52176,51.89664],[4.5194,51.89718],[4.51942,51.89722],[4.51928,51.89722],[4.51922,51.89717],[4.51927,51.89741],[4.51941,51.89765],[4.5195,51.89763],[4.51953,51.8978],[4.51961,51.89783],[4.51765,51.89828],[4.51724,51.89842],[4.5165,51.89872],[4.51634,51.8986],[4.51568,51.89903],[4.5155,51.89891],[4.51523,51.89904],[4.51297,51.90172],[4.51328,51.90182],[4.51345,51.90192],[4.5172,51.90324],[4.5176,51.90289],[4.51857,51.90217],[4.51968,51.90154],[4.52041,51.90121],[4.52121,51.90089],[4.52258,51.90048],[4.52401,51.90018],[4.52503,51.90005],[4.52418,51.89858],[4.52538,51.89849]]]}},{"type":"Feature","id":"12831","properties":{},"geometry":{"type":"Polygon","coordinates":[[[4.52187,51.89182],[4.52157,51.89219],[4.52068,51.89328],[4.52086,51.89331],[4.52023,51.89408],[4.51975,51.89465],[4.51965,51.89463],[4.51891,51.8955],[4.51761,51.89684],[4.5175,51.8968],[4.51719,51.89705],[4.5165,51.89782],[4.51604,51.89809],[4.51581,51.89836],[4.51523,51.89904],[4.5155,51.89891],[4.51568,51.89903],[4.51634,51.8986],[4.5165,51.89872],[4.51724,51.89842],[4.51765,51.89828],[4.51961,51.89783],[4.51953,51.8978],[4.5195,51.89763],[4.51941,51.89765],[4.51927,51.89741],[4.51922,51.89717],[4.51928,51.89722],[4.51942,51.89722],[4.5194,51.89718],[4.52176,51.89664],[4.52595,51.8957],[4.52616,51.89565],[4.52615,51.89563],[4.52846,51.89517],[4.52902,51.89515],[4.52918,51.89512],[4.52922,51.89499],[4.52941,51.89483],[4.52964,51.89447],[4.52976,51.89431],[4.52969,51.8943],[4.52956,51.89418],[4.52901,51.89398],[4.52883,51.89401],[4.52673,51.89338],[4.52613,51.89317],[4.52187,51.89182]]]}},{"type":"Feature","id":"12832","properties":{},"geometry":{"type":"Polygon","coordinates":[[[4.54002,51.89659],[4.54017,51.89598],[4.54017,51.89595],[4.53958,51.89591],[4.53541,51.89546],[4.53443,51.89529],[4.53208,51.895],[4.53184,51.89494],[4.53181,51.89499],[4.532,51.89509],[4.5316,51.89505],[4.5315,51.89499],[4.53119,51.89496],[4.5305,51.89483],[4.52964,51.89447],[4.52941,51.89483],[4.52922,51.89499],[4.52918,51.89512],[4.52902,51.89515],[4.53036,51.89531],[4.53065,51.89715],[4.53054,51.89715],[4.53057,51.8977],[4.5283,51.89774],[4.52761,51.89784],[4.52825,51.8978],[4.52834,51.89781],[4.53015,51.89779],[4.5297,51.89869],[4.52834,51.89853],[4.52754,51.89847],[4.5255,51.89854],[4.52539,51.89852],[4.52538,51.89849],[4.52418,51.89858],[4.52503,51.90005],[4.52567,51.89999],[4.52685,51.89997],[4.52813,51.90007],[4.52879,51.90017],[4.52944,51.9003],[4.53017,51.9005],[4.53545,51.9021],[4.53781,51.90278],[4.54002,51.9033],[4.54247,51.90378],[4.5436,51.9022],[4.54363,51.90214],[4.54351,51.9021],[4.54348,51.90203],[4.54357,51.90201],[4.54372,51.90203],[4.54495,51.90041],[4.54387,51.89997],[4.54297,51.89965],[4.54044,51.89897],[4.53862,51.89841],[4.53882,51.89839],[4.53891,51.89832],[4.5397,51.89751],[4.53959,51.89747],[4.53961,51.89744],[4.53973,51.89747],[4.53983,51.89724],[4.53978,51.89683],[4.53939,51.89682],[4.53938,51.89678],[4.53972,51.89657],[4.54002,51.89659]]]}},{"type":"Feature","id":"12833","properties":{},"geometry":{"type":"Polygon","coordinates":[[[4.55304,51.89673],[4.55086,51.8974],[4.55066,51.89677],[4.5505,51.89622],[4.54988,51.89626],[4.5499,51.89634],[4.54852,51.89641],[4.54686,51.89643],[4.54399,51.89636],[4.54406,51.89637],[4.54404,51.89657],[4.54314,51.89652],[4.54312,51.89657],[4.54403,51.89673],[4.54397,51.8969],[4.54408,51.89697],[4.54409,51.89704],[4.54402,51.89705],[4.54409,51.8977],[4.54401,51.89776],[4.54401,51.8978],[4.54415,51.89783],[4.54465,51.89848],[4.54461,51.8985],[4.54467,51.89857],[4.5447,51.89857],[4.54488,51.89879],[4.54492,51.89878],[4.54559,51.89952],[4.54558,51.89956],[4.54566,51.89965],[4.54591,51.89992],[4.54654,51.90043],[4.54695,51.90062],[4.54728,51.90105],[4.54726,51.90108],[4.54749,51.90116],[4.5475,51.90118],[4.54763,51.90117],[4.54802,51.90125],[4.55019,51.90149],[4.55125,51.90159],[4.55214,51.90152],[4.55286,51.90152],[4.55552,51.90133],[4.55568,51.90133],[4.55574,51.90139],[4.55599,51.90136],[4.5566,51.90131],[4.55667,51.90126],[4.55666,51.90117],[4.55658,51.90096],[4.5565,51.90097],[4.55646,51.90094],[4.55629,51.90039],[4.55577,51.89875],[4.55601,51.89873],[4.55606,51.89865],[4.55592,51.89858],[4.55591,51.89854],[4.55617,51.89851],[4.55625,51.89845],[4.55621,51.89801],[4.55593,51.89715],[4.55587,51.89706],[4.55585,51.89689],[4.55607,51.89687],[4.55595,51.8966],[4.55591,51.89653],[4.55511,51.89665],[4.55439,51.89666],[4.55369,51.89666],[4.55304,51.89673]]]}},{"type":"Feature","id":"12834","properties":{},"geometry":{"type":"Polygon","coordinates":[[[4.54558,51.89956],[4.54559,51.89952],[4.54492,51.89878],[4.54488,51.89879],[4.5447,51.89857],[4.54467,51.89857],[4.54461,51.8985],[4.54465,51.89848],[4.54415,51.89783],[4.54401,51.8978],[4.54401,51.89776],[4.54409,51.8977],[4.54402,51.89705],[4.54409,51.89704],[4.54408,51.89697],[4.54397,51.8969],[4.54403,51.89673],[4.54312,51.89657],[4.54314,51.89652],[4.54404,51.89657],[4.54406,51.89637],[4.54399,51.89636],[4.54315,51.89634],[4.5413,51.89621],[4.54085,51.89616],[4.54086,51.89609],[4.54108,51.8961],[4.54108,51.89601],[4.54017,51.89598],[4.54002,51.89659],[4.53972,51.89657],[4.53938,51.89678],[4.53939,51.89682],[4.53978,51.89683],[4.53983,51.89724],[4.53973,51.89747],[4.53961,51.89744],[4.53959,51.89747],[4.5397,51.89751],[4.53891,51.89832],[4.53882,51.89839],[4.53862,51.89841],[4.54044,51.89897],[4.54297,51.89965],[4.54387,51.89997],[4.54495,51.90041],[4.54372,51.90203],[4.54357,51.90201],[4.54348,51.90203],[4.54351,51.9021],[4.54363,51.90214],[4.5436,51.9022],[4.54247,51.90378],[4.54339,51.90392],[4.54924,51.90488],[4.5541,51.90563],[4.55435,51.90564],[4.55507,51.90372],[4.55517,51.90368],[4.55538,51.90316],[4.55554,51.90217],[4.5553,51.90212],[4.55481,51.90209],[4.55447,51.90202],[4.5544,51.90204],[4.55432,51.90193],[4.55413,51.90197],[4.55404,51.90185],[4.55336,51.90199],[4.55274,51.90204],[4.55273,51.90179],[4.55291,51.9018],[4.55286,51.90152],[4.55214,51.90152],[4.55125,51.90159],[4.55019,51.90149],[4.54802,51.90125],[4.54763,51.90117],[4.5475,51.90118],[4.54749,51.90116],[4.54726,51.90108],[4.54728,51.90105],[4.54695,51.90062],[4.54654,51.90043],[4.54591,51.89992],[4.54566,51.89965],[4.54558,51.89956]]]}},{"type":"Feature","id":"12835","properties":{},"geometry":{"type":"Polygon","coordinates":[[[4.57611,51.89974],[4.57607,51.89973],[4.57609,51.89926],[4.57569,51.8982],[4.5756,51.89806],[4.57541,51.89808],[4.57544,51.89818],[4.57533,51.8982],[4.57532,51.89817],[4.57508,51.89819],[4.57492,51.89826],[4.57475,51.89819],[4.57454,51.89819],[4.57394,51.89832],[4.57223,51.89862],[4.56957,51.89891],[4.5692,51.89885],[4.56854,51.8986],[4.56825,51.89854],[4.56726,51.89867],[4.56727,51.89869],[4.56492,51.89897],[4.5623,51.8991],[4.56227,51.89911],[4.5613,51.89922],[4.56091,51.89943],[4.56061,51.89966],[4.56053,51.89967],[4.56056,51.89979],[4.55819,51.90001],[4.55815,51.89998],[4.55808,51.89997],[4.55683,51.90004],[4.55669,51.90008],[4.55655,51.90018],[4.55652,51.90028],[4.55656,51.90038],[4.55629,51.90039],[4.55646,51.90094],[4.5565,51.90097],[4.55658,51.90096],[4.55666,51.90117],[4.55667,51.90126],[4.5566,51.90131],[4.55599,51.90136],[4.55574,51.90139],[4.55568,51.90133],[4.55552,51.90133],[4.55286,51.90152],[4.55291,51.9018],[4.55273,51.90179],[4.55274,51.90204],[4.55336,51.90199],[4.55404,51.90185],[4.55413,51.90197],[4.55432,51.90193],[4.5544,51.90204],[4.55447,51.90202],[4.55481,51.90209],[4.5553,51.90212],[4.55554,51.90217],[4.55538,51.90316],[4.55517,51.90368],[4.55507,51.90372],[4.55435,51.90564],[4.55509,51.90565],[4.56291,51.90501],[4.56452,51.90485],[4.56935,51.90436],[4.57135,51.9041],[4.57292,51.90385],[4.57633,51.90303],[4.57591,51.90125],[4.57608,51.89977],[4.57611,51.89974]]]}},{"type":"Feature","id":"12840","properties":{},"geometry":{"type":"Polygon","coordinates":[[[4.52577,51.88681],[4.52404,51.8866],[4.52344,51.8866],[4.52248,51.88642],[4.52253,51.88584],[4.52247,51.88536],[4.52237,51.88499],[4.52193,51.88395],[4.52169,51.88343],[4.52176,51.88339],[4.52151,51.8829],[4.52186,51.88292],[4.52182,51.88276],[4.52234,51.88274],[4.52442,51.88275],[4.5251,51.88271],[4.52558,51.88262],[4.52746,51.88179],[4.5277,51.88164],[4.52774,51.88158],[4.5278,51.88114],[4.52796,51.88115],[4.52801,51.88077],[4.52808,51.88064],[4.52813,51.88058],[4.52832,51.88065],[4.52949,51.88105],[4.5295,51.88112],[4.52971,51.88119],[4.53038,51.88037],[4.53033,51.88035],[4.5304,51.88025],[4.53046,51.88018],[4.53054,51.88021],[4.53066,51.88007],[4.53153,51.88038],[4.53144,51.88049],[4.53158,51.88053],[4.53141,51.88072],[4.53128,51.88067],[4.53024,51.88187],[4.53042,51.88193],[4.53039,51.88196],[4.52705,51.88565],[4.52691,51.8858],[4.52675,51.88573],[4.52599,51.88655],[4.52596,51.88654],[4.5258,51.88671],[4.52577,51.88681]]]}},{"type":"Feature","id":"12841","properties":{},"geometry":{"type":"Polygon","coordinates":[[[4.51259,51.87688],[4.51278,51.87665],[4.5128,51.87657],[4.51275,51.87655],[4.51238,51.87638],[4.51147,51.87565],[4.51135,51.87546],[4.51139,51.87523],[4.51114,51.87516],[4.51107,51.87522],[4.51074,51.87544],[4.5105,51.87549],[4.50863,51.8763],[4.50637,51.87736],[4.50598,51.87754],[4.50826,51.87873],[4.50902,51.87913],[4.50894,51.87918],[4.50901,51.87921],[4.50899,51.87923],[4.50941,51.87944],[4.50972,51.87964],[4.50984,51.87967],[4.5104,51.88009],[4.51112,51.88082],[4.51145,51.8811],[4.51237,51.88163],[4.51318,51.88217],[4.51356,51.88232],[4.51388,51.8824],[4.51508,51.88246],[4.51528,51.8825],[4.51525,51.88236],[4.51547,51.88236],[4.5156,51.88231],[4.51634,51.88167],[4.51671,51.8804],[4.51678,51.87952],[4.51688,51.87942],[4.51767,51.87899],[4.51688,51.8784],[4.51702,51.87833],[4.51694,51.87828],[4.51684,51.87828],[4.51675,51.87821],[4.5167,51.8782],[4.51682,51.87814],[4.5169,51.87746],[4.51681,51.87728],[4.5168,51.87714],[4.51672,51.87713],[4.5133,51.87697],[4.51302,51.87698],[4.51271,51.87703],[4.51267,51.87692],[4.51259,51.87688]]]}},{"type":"Feature","id":"12842","properties":{},"geometry":{"type":"Polygon","coordinates":[[[4.52145,51.87884],[4.5212,51.8803],[4.52112,51.88045],[4.52119,51.88048],[4.52097,51.88269],[4.52101,51.88284],[4.5209,51.88283],[4.52087,51.88288],[4.52015,51.88268],[4.51659,51.88233],[4.51611,51.88235],[4.51606,51.88238],[4.51605,51.88253],[4.51567,51.88248],[4.51551,51.88265],[4.51532,51.8826],[4.51534,51.88254],[4.51528,51.8825],[4.51525,51.88236],[4.51547,51.88236],[4.5156,51.88231],[4.51634,51.88167],[4.51671,51.8804],[4.51678,51.87952],[4.51688,51.87942],[4.51767,51.87899],[4.51789,51.87887],[4.51767,51.87871],[4.51769,51.8786],[4.51803,51.87861],[4.51809,51.87846],[4.51899,51.87851],[4.51903,51.87812],[4.51925,51.87814],[4.51924,51.87819],[4.51995,51.87823],[4.52005,51.8782],[4.52027,51.8782],[4.52026,51.87825],[4.52066,51.87842],[4.52085,51.87827],[4.52167,51.87831],[4.52163,51.87861],[4.52147,51.87876],[4.52145,51.87884]]]}},{"type":"Feature","id":"12843","properties":{},"geometry":{"type":"Polygon","coordinates":[[[4.52813,51.88058],[4.52832,51.88065],[4.52949,51.88105],[4.5295,51.88112],[4.52971,51.88119],[4.53038,51.88037],[4.53033,51.88035],[4.5304,51.88025],[4.53046,51.88018],[4.53054,51.88021],[4.53066,51.88007],[4.52897,51.87949],[4.52893,51.87954],[4.52407,51.87786],[4.52396,51.87782],[4.52342,51.87842],[4.52351,51.87846],[4.5232,51.87881],[4.52314,51.8788],[4.5231,51.87891],[4.5229,51.87895],[4.52284,51.87892],[4.5227,51.87892],[4.52269,51.87894],[4.52204,51.87891],[4.52199,51.87896],[4.52173,51.87894],[4.52173,51.87889],[4.52166,51.87885],[4.52145,51.87884],[4.5212,51.8803],[4.52112,51.88045],[4.52119,51.88048],[4.52097,51.88269],[4.52101,51.88284],[4.52151,51.8829],[4.52186,51.88292],[4.52182,51.88276],[4.52234,51.88274],[4.52442,51.88275],[4.5251,51.88271],[4.52558,51.88262],[4.52746,51.88179],[4.5277,51.88164],[4.52774,51.88158],[4.5278,51.88114],[4.52796,51.88115],[4.52801,51.88077],[4.52808,51.88064],[4.52813,51.88058]]]}},{"type":"Feature","id":"12844","properties":{},"geometry":{"type":"Polygon","coordinates":[[[4.51727,51.8771],[4.51717,51.87719],[4.52175,51.87741],[4.52174,51.87732],[4.52274,51.87739],[4.52321,51.87748],[4.52372,51.87765],[4.52375,51.87767],[4.5237,51.87771],[4.52374,51.87774],[4.52385,51.87773],[4.52396,51.87778],[4.52393,51.87781],[4.52396,51.87782],[4.52342,51.87842],[4.52351,51.87846],[4.5232,51.87881],[4.52314,51.8788],[4.5231,51.87891],[4.5229,51.87895],[4.52284,51.87892],[4.5227,51.87892],[4.52269,51.87894],[4.52204,51.87891],[4.52199,51.87896],[4.52173,51.87894],[4.52173,51.87889],[4.52166,51.87885],[4.52145,51.87884],[4.52147,51.87876],[4.52163,51.87861],[4.52167,51.87831],[4.52085,51.87827],[4.52066,51.87842],[4.52026,51.87825],[4.52027,51.8782],[4.52005,51.8782],[4.51995,51.87823],[4.51924,51.87819],[4.51925,51.87814],[4.51903,51.87812],[4.51899,51.87851],[4.51809,51.87846],[4.51803,51.87861],[4.51769,51.8786],[4.51767,51.87871],[4.51789,51.87887],[4.51767,51.87899],[4.51688,51.8784],[4.51702,51.87833],[4.51694,51.87828],[4.51684,51.87828],[4.51675,51.87821],[4.5167,51.8782],[4.51682,51.87814],[4.5169,51.87746],[4.51681,51.87728],[4.5168,51.87714],[4.51672,51.87713],[4.51673,51.87706],[4.51727,51.8771]]]}},{"type":"Feature","id":"12845","properties":{},"geometry":{"type":"Polygon","coordinates":[[[4.51883,51.87168],[4.51831,51.8713],[4.51739,51.87032],[4.51703,51.87011],[4.5169,51.86982],[4.51669,51.86959],[4.51659,51.86955],[4.51661,51.86945],[4.51666,51.86943],[4.51648,51.86943],[4.51653,51.86946],[4.51589,51.86941],[4.5152,51.8694],[4.51504,51.87046],[4.51475,51.87123],[4.51449,51.8717],[4.51416,51.87214],[4.51351,51.87284],[4.51116,51.87507],[4.51105,51.87521],[4.51107,51.87522],[4.51114,51.87516],[4.51139,51.87523],[4.51135,51.87546],[4.51147,51.87565],[4.51238,51.87638],[4.51275,51.87655],[4.5128,51.87657],[4.51278,51.87665],[4.51259,51.87688],[4.51267,51.87692],[4.51271,51.87703],[4.51302,51.87698],[4.5133,51.87697],[4.51672,51.87713],[4.51673,51.87706],[4.51727,51.8771],[4.51717,51.87719],[4.52175,51.87741],[4.52174,51.87732],[4.52274,51.87739],[4.52321,51.87748],[4.52372,51.87765],[4.52375,51.87767],[4.5237,51.87771],[4.52374,51.87774],[4.52385,51.87773],[4.52396,51.87778],[4.52393,51.87781],[4.52396,51.87782],[4.52407,51.87786],[4.52414,51.87779],[4.52409,51.87777],[4.52418,51.87768],[4.52422,51.87769],[4.52436,51.87754],[4.5244,51.87734],[4.52481,51.87683],[4.52493,51.87545],[4.52511,51.87546],[4.52512,51.87536],[4.52514,51.87522],[4.52504,51.87521],[4.52506,51.87504],[4.52481,51.8748],[4.52444,51.87467],[4.52432,51.87477],[4.52364,51.87452],[4.52362,51.87448],[4.52368,51.87442],[4.52341,51.87432],[4.52294,51.87415],[4.52288,51.87421],[4.52241,51.87404],[4.52218,51.87403],[4.5222,51.87385],[4.52173,51.87336],[4.52164,51.8734],[4.5209,51.87256],[4.52032,51.87275],[4.52006,51.87289],[4.519,51.87178],[4.51893,51.87181],[4.51889,51.87169],[4.51883,51.87168]]]}},{"type":"Feature","id":"12846","properties":{},"geometry":{"type":"Polygon","coordinates":[[[4.53178,51.87673],[4.53162,51.87664],[4.53121,51.87709],[4.5302,51.87674],[4.53015,51.8767],[4.52637,51.87652],[4.52637,51.87659],[4.52611,51.87658],[4.52608,51.87685],[4.52508,51.8768],[4.52501,51.87683],[4.52481,51.87683],[4.5244,51.87734],[4.52436,51.87754],[4.52422,51.87769],[4.52418,51.87768],[4.52409,51.87777],[4.52414,51.87779],[4.52407,51.87786],[4.52893,51.87954],[4.52897,51.87949],[4.53066,51.88007],[4.53153,51.88038],[4.53183,51.88004],[4.53198,51.8801],[4.53409,51.87758],[4.53413,51.87757],[4.53282,51.8771],[4.53279,51.87705],[4.53267,51.87703],[4.53178,51.87673]]]}},{"type":"Feature","id":"12847","properties":{},"geometry":{"type":"Polygon","coordinates":[[[4.52629,51.87014],[4.52628,51.8701],[4.52648,51.86991],[4.52602,51.86975],[4.52607,51.86972],[4.52602,51.86973],[4.52497,51.86942],[4.52424,51.86928],[4.52347,51.86916],[4.52263,51.86908],[4.52183,51.86905],[4.51524,51.86904],[4.5152,51.8694],[4.51589,51.86941],[4.51653,51.86946],[4.51648,51.86943],[4.51666,51.86943],[4.51661,51.86945],[4.51659,51.86955],[4.51669,51.86959],[4.5169,51.86982],[4.51703,51.87011],[4.51739,51.87032],[4.51831,51.8713],[4.51883,51.87168],[4.51889,51.87169],[4.51893,51.87181],[4.519,51.87178],[4.52006,51.87289],[4.52032,51.87275],[4.5209,51.87256],[4.52164,51.8734],[4.52173,51.87336],[4.5222,51.87385],[4.52218,51.87403],[4.52241,51.87404],[4.52288,51.87421],[4.52294,51.87415],[4.52341,51.87432],[4.52436,51.8733],[4.5246,51.87314],[4.52769,51.87201],[4.52789,51.8719],[4.52801,51.87178],[4.52815,51.87182],[4.52814,51.87185],[4.52878,51.87159],[4.52886,51.87154],[4.52929,51.87142],[4.52653,51.87015],[4.52645,51.87015],[4.52639,51.87019],[4.52625,51.87014],[4.52629,51.87014]]]}},{"type":"Feature","id":"12848","properties":{},"geometry":{"type":"Polygon","coordinates":[[[4.52885,51.87172],[4.52879,51.87166],[4.52876,51.87166],[4.52881,51.87162],[4.52878,51.87159],[4.52814,51.87185],[4.52815,51.87182],[4.52801,51.87178],[4.52789,51.8719],[4.52769,51.87201],[4.5246,51.87314],[4.52436,51.8733],[4.52341,51.87432],[4.52368,51.87442],[4.52362,51.87448],[4.52364,51.87452],[4.52432,51.87477],[4.52444,51.87467],[4.52481,51.8748],[4.52506,51.87504],[4.52504,51.87521],[4.52514,51.87522],[4.52512,51.87536],[4.52511,51.87546],[4.52493,51.87545],[4.52481,51.87683],[4.52501,51.87683],[4.52508,51.8768],[4.52608,51.87685],[4.52611,51.87658],[4.52637,51.87659],[4.52637,51.87652],[4.53015,51.8767],[4.5302,51.87674],[4.53121,51.87709],[4.53162,51.87664],[4.53178,51.87673],[4.53267,51.87703],[4.53287,51.87636],[4.5329,51.87581],[4.53281,51.87577],[4.53281,51.87574],[4.53286,51.87574],[4.53288,51.87556],[4.53277,51.87555],[4.53278,51.87551],[4.53283,51.87551],[4.53285,51.87533],[4.53272,51.87532],[4.53273,51.87528],[4.53278,51.87528],[4.5328,51.8751],[4.5326,51.87509],[4.53263,51.87507],[4.53259,51.87487],[4.53265,51.87488],[4.53268,51.87469],[4.5325,51.87468],[4.53251,51.87464],[4.53256,51.87464],[4.53258,51.87446],[4.53239,51.87445],[4.5324,51.87441],[4.53245,51.87441],[4.53247,51.87423],[4.53229,51.87422],[4.53212,51.87398],[4.53219,51.87399],[4.53221,51.8738],[4.53213,51.8738],[4.53214,51.8737],[4.53201,51.87369],[4.53199,51.8735],[4.53175,51.87325],[4.53096,51.87254],[4.53047,51.8722],[4.52969,51.87177],[4.52973,51.87172],[4.52956,51.8716],[4.52935,51.87169],[4.52897,51.87175],[4.52892,51.8717],[4.52885,51.87172]]]}},{"type":"Feature","id":"12849","properties":{},"geometry":{"type":"Polygon","coordinates":[[[4.53422,51.86916],[4.53268,51.86886],[4.53203,51.86878],[4.53147,51.86878],[4.53145,51.8688],[4.53134,51.86881],[4.53084,51.86882],[4.53057,51.86887],[4.53,51.86887],[4.5295,51.86895],[4.52879,51.86914],[4.5282,51.86914],[4.52709,51.86939],[4.52697,51.86938],[4.52607,51.86972],[4.52602,51.86975],[4.52648,51.86991],[4.52628,51.8701],[4.52629,51.87014],[4.52625,51.87014],[4.52639,51.87019],[4.52645,51.87015],[4.52653,51.87015],[4.52929,51.87142],[4.52886,51.87154],[4.52878,51.87159],[4.52881,51.87162],[4.52876,51.87166],[4.52879,51.87166],[4.52885,51.87172],[4.52892,51.8717],[4.52897,51.87175],[4.52935,51.87169],[4.52956,51.8716],[4.52973,51.87172],[4.52969,51.87177],[4.53047,51.8722],[4.53096,51.87254],[4.53175,51.87325],[4.53199,51.8735],[4.53201,51.87369],[4.53214,51.8737],[4.53213,51.8738],[4.53221,51.8738],[4.53219,51.87399],[4.53212,51.87398],[4.53229,51.87422],[4.53247,51.87423],[4.53245,51.87441],[4.5324,51.87441],[4.53239,51.87445],[4.53258,51.87446],[4.53256,51.87464],[4.53251,51.87464],[4.5325,51.87468],[4.53268,51.87469],[4.53265,51.87488],[4.53259,51.87487],[4.53263,51.87507],[4.5326,51.87509],[4.5328,51.8751],[4.53278,51.87528],[4.53273,51.87528],[4.53272,51.87532],[4.53285,51.87533],[4.53283,51.87551],[4.53278,51.87551],[4.53277,51.87555],[4.53288,51.87556],[4.53286,51.87574],[4.53281,51.87574],[4.53281,51.87577],[4.5329,51.87581],[4.53287,51.87636],[4.53267,51.87703],[4.53279,51.87705],[4.53282,51.8771],[4.53413,51.87757],[4.53425,51.87761],[4.53441,51.87743],[4.53518,51.87665],[4.53534,51.87671],[4.5359,51.87604],[4.53561,51.87593],[4.53561,51.8759],[4.53617,51.87518],[4.53669,51.87432],[4.53781,51.873],[4.53935,51.87118],[4.53926,51.87116],[4.54001,51.87019],[4.53966,51.87008],[4.53914,51.86998],[4.53842,51.86989],[4.53769,51.86987],[4.53704,51.86976],[4.53643,51.86971],[4.53554,51.86948],[4.53536,51.86942],[4.53532,51.86934],[4.53524,51.86933],[4.5351,51.86938],[4.53505,51.86937],[4.53422,51.86916]]]}},{"type":"Feature","id":"12890","properties":{},"geometry":{"type":"Polygon","coordinates":[[[4.53774,51.89094],[4.53779,51.89092],[4.5367,51.88982],[4.5365,51.88946],[4.53641,51.88914],[4.53644,51.88866],[4.53667,51.88785],[4.53701,51.8873],[4.53484,51.88719],[4.53489,51.88676],[4.53399,51.88672],[4.53324,51.88669],[4.53322,51.88665],[4.53073,51.88654],[4.53015,51.88646],[4.52952,51.88632],[4.52952,51.88647],[4.52923,51.88645],[4.52931,51.88591],[4.52919,51.88589],[4.52893,51.88618],[4.5286,51.88607],[4.52852,51.88616],[4.52799,51.88597],[4.52798,51.88599],[4.52705,51.88565],[4.52691,51.8858],[4.52675,51.88573],[4.52599,51.88655],[4.52596,51.88654],[4.5258,51.88671],[4.52577,51.88681],[4.52577,51.88692],[4.5257,51.88702],[4.52556,51.8872],[4.52546,51.88717],[4.52304,51.89024],[4.52186,51.89176],[4.52187,51.89182],[4.52613,51.89317],[4.52673,51.89338],[4.52883,51.89401],[4.52901,51.89398],[4.52956,51.89418],[4.52969,51.8943],[4.52976,51.89431],[4.52964,51.89447],[4.5305,51.89483],[4.53119,51.89496],[4.5315,51.89499],[4.5316,51.89505],[4.532,51.89509],[4.53181,51.89499],[4.53184,51.89494],[4.53208,51.895],[4.53443,51.89529],[4.53541,51.89546],[4.53958,51.89591],[4.53954,51.89588],[4.53957,51.8955],[4.53955,51.89375],[4.5396,51.89373],[4.53954,51.8937],[4.53945,51.89342],[4.53916,51.89285],[4.53913,51.89279],[4.53865,51.89226],[4.53812,51.89159],[4.53782,51.89106],[4.53774,51.89094]]]}},{"type":"Feature","id":"12891","properties":{},"geometry":{"type":"Polygon","coordinates":[[[4.54431,51.88916],[4.54245,51.88735],[4.54248,51.88728],[4.54228,51.88712],[4.54201,51.88706],[4.54171,51.88707],[4.53489,51.88676],[4.53484,51.88719],[4.53701,51.8873],[4.53667,51.88785],[4.53644,51.88866],[4.53641,51.88914],[4.5365,51.88946],[4.5367,51.88982],[4.53779,51.89092],[4.53774,51.89094],[4.53782,51.89106],[4.53812,51.89159],[4.53865,51.89226],[4.53913,51.89279],[4.53916,51.89285],[4.53945,51.89342],[4.53954,51.8937],[4.5396,51.89373],[4.53955,51.89375],[4.53957,51.8955],[4.53954,51.89588],[4.53958,51.89591],[4.54017,51.89595],[4.54017,51.89598],[4.54108,51.89601],[4.54108,51.8961],[4.54086,51.89609],[4.54085,51.89616],[4.5413,51.89621],[4.54315,51.89634],[4.54399,51.89636],[4.54686,51.89643],[4.54852,51.89641],[4.5499,51.89634],[4.54988,51.89626],[4.5505,51.89622],[4.55048,51.89616],[4.55031,51.89617],[4.54916,51.89616],[4.54834,51.89608],[4.54758,51.89591],[4.54638,51.89552],[4.54609,51.89537],[4.54591,51.89523],[4.54567,51.8949],[4.54566,51.89474],[4.546,51.89461],[4.54596,51.89459],[4.54597,51.89438],[4.54567,51.89418],[4.5458,51.89376],[4.54588,51.89367],[4.54584,51.89363],[4.54595,51.89344],[4.54598,51.89296],[4.54594,51.89266],[4.54586,51.89267],[4.54573,51.89225],[4.54433,51.8892],[4.54431,51.88916]]]}},{"type":"Feature","id":"12892","properties":{},"geometry":{"type":"Polygon","coordinates":[[[4.55411,51.88671],[4.55418,51.88654],[4.55412,51.88652],[4.55414,51.88622],[4.554,51.88587],[4.5537,51.88592],[4.55344,51.88588],[4.55329,51.88591],[4.55301,51.88567],[4.55223,51.88579],[4.55136,51.88588],[4.55029,51.88594],[4.55012,51.88586],[4.54964,51.88584],[4.5494,51.8859],[4.54756,51.8859],[4.54586,51.886],[4.54538,51.88607],[4.54311,51.8863],[4.54302,51.88634],[4.543,51.8864],[4.54276,51.8869],[4.54248,51.88728],[4.54245,51.88735],[4.54431,51.88916],[4.54433,51.8892],[4.54573,51.89225],[4.54644,51.89208],[4.54647,51.892],[4.5473,51.89178],[4.5483,51.89169],[4.54834,51.89166],[4.5483,51.89155],[4.54852,51.89152],[4.54854,51.89157],[4.54864,51.89155],[4.54888,51.89151],[4.54887,51.89144],[4.54993,51.89131],[4.55005,51.89127],[4.55111,51.89116],[4.55107,51.89105],[4.55131,51.89104],[4.55128,51.891],[4.55193,51.89068],[4.55238,51.89046],[4.55243,51.8905],[4.55249,51.89047],[4.55248,51.89041],[4.5524,51.89039],[4.55249,51.89031],[4.55266,51.89034],[4.55274,51.89014],[4.55286,51.89016],[4.55305,51.88969],[4.5529,51.88966],[4.55306,51.88913],[4.55314,51.88913],[4.55329,51.88876],[4.55318,51.88871],[4.55321,51.88864],[4.55332,51.88866],[4.55376,51.88755],[4.55411,51.88671]]]}},{"type":"Feature","id":"12893","properties":{},"geometry":{"type":"Polygon","coordinates":[[[4.55815,51.88984],[4.55739,51.88973],[4.55735,51.88963],[4.55672,51.88953],[4.55669,51.88961],[4.5566,51.8896],[4.55663,51.88952],[4.55603,51.88942],[4.55586,51.88949],[4.55555,51.88944],[4.55517,51.88939],[4.55512,51.88928],[4.55377,51.88907],[4.55371,51.88922],[4.55314,51.88913],[4.55306,51.88913],[4.5529,51.88966],[4.55305,51.88969],[4.55286,51.89016],[4.55274,51.89014],[4.55266,51.89034],[4.55249,51.89031],[4.5524,51.89039],[4.55248,51.89041],[4.55249,51.89047],[4.55243,51.8905],[4.55238,51.89046],[4.55193,51.89068],[4.55128,51.891],[4.55131,51.89104],[4.55107,51.89105],[4.55111,51.89116],[4.55005,51.89127],[4.54993,51.89131],[4.54887,51.89144],[4.54888,51.89151],[4.54864,51.89155],[4.54854,51.89157],[4.54852,51.89152],[4.5483,51.89155],[4.54834,51.89166],[4.5483,51.89169],[4.5473,51.89178],[4.54647,51.892],[4.54644,51.89208],[4.54573,51.89225],[4.54586,51.89267],[4.54594,51.89266],[4.54598,51.89296],[4.54595,51.89344],[4.54584,51.89363],[4.54588,51.89367],[4.5458,51.89376],[4.54567,51.89418],[4.54597,51.89438],[4.54596,51.89459],[4.546,51.89461],[4.54566,51.89474],[4.54567,51.8949],[4.54591,51.89523],[4.54609,51.89537],[4.54638,51.89552],[4.54758,51.89591],[4.54834,51.89608],[4.54916,51.89616],[4.55031,51.89617],[4.55048,51.89616],[4.5505,51.89622],[4.55066,51.89677],[4.55086,51.8974],[4.55304,51.89673],[4.55369,51.89666],[4.55439,51.89666],[4.55511,51.89665],[4.55591,51.89653],[4.55595,51.8966],[4.55728,51.89626],[4.55796,51.89604],[4.55861,51.89573],[4.55933,51.89526],[4.55994,51.89472],[4.56048,51.89406],[4.56084,51.8935],[4.56172,51.89191],[4.56217,51.89102],[4.5606,51.89079],[4.56029,51.89071],[4.55997,51.89066],[4.55993,51.89074],[4.55847,51.89053],[4.55869,51.88998],[4.55813,51.88989],[4.55815,51.88984]]]}},{"type":"Feature","id":"12894","properties":{},"geometry":{"type":"Polygon","coordinates":[[[4.53706,51.88334],[4.53708,51.88333],[4.53558,51.88251],[4.53555,51.88241],[4.5355,51.88237],[4.5357,51.8823],[4.53507,51.88178],[4.53482,51.88161],[4.5344,51.88139],[4.53371,51.88113],[4.53362,51.88114],[4.53359,51.8811],[4.53348,51.88107],[4.53317,51.88103],[4.53283,51.88091],[4.53254,51.8807],[4.53153,51.88038],[4.53144,51.88049],[4.53158,51.88053],[4.53141,51.88072],[4.53128,51.88067],[4.53024,51.88187],[4.53042,51.88193],[4.53039,51.88196],[4.52705,51.88565],[4.52798,51.88599],[4.52799,51.88597],[4.52852,51.88616],[4.5286,51.88607],[4.52893,51.88618],[4.52919,51.88589],[4.52931,51.88591],[4.52923,51.88645],[4.52952,51.88647],[4.52952,51.88632],[4.53015,51.88646],[4.53073,51.88654],[4.53322,51.88665],[4.53324,51.88669],[4.53399,51.88672],[4.53489,51.88676],[4.54171,51.88707],[4.54201,51.88706],[4.54228,51.88712],[4.54248,51.88728],[4.54276,51.8869],[4.543,51.8864],[4.54255,51.88639],[4.54223,51.88626],[4.54218,51.88613],[4.53824,51.88391],[4.53818,51.8839],[4.53787,51.8837],[4.53779,51.88376],[4.53774,51.88374],[4.53706,51.88334]]]}},{"type":"Feature","id":"12895","properties":{},"geometry":{"type":"Polygon","coordinates":[[[4.54779,51.88201],[4.54637,51.88157],[4.54614,51.8815],[4.54611,51.88155],[4.54574,51.88152],[4.5437,51.8815],[4.5414,51.8815],[4.54107,51.88152],[4.54041,51.88166],[4.53982,51.88192],[4.53994,51.88199],[4.5387,51.88326],[4.53841,51.88345],[4.53829,51.88346],[4.53819,51.88343],[4.53782,51.88367],[4.53787,51.8837],[4.53818,51.8839],[4.53824,51.88391],[4.54218,51.88613],[4.54223,51.88626],[4.54255,51.88639],[4.543,51.8864],[4.54302,51.88634],[4.54311,51.8863],[4.54538,51.88607],[4.54586,51.886],[4.54756,51.8859],[4.5494,51.8859],[4.54964,51.88584],[4.55012,51.88586],[4.55029,51.88594],[4.55136,51.88588],[4.55223,51.88579],[4.55301,51.88567],[4.55329,51.88591],[4.55344,51.88588],[4.5537,51.88592],[4.554,51.88587],[4.55398,51.88584],[4.55423,51.88572],[4.55432,51.8857],[4.5543,51.88565],[4.55453,51.88549],[4.55451,51.88547],[4.55443,51.88543],[4.55437,51.88526],[4.55424,51.88516],[4.55377,51.88503],[4.55354,51.88501],[4.55344,51.88482],[4.55361,51.8846],[4.5533,51.88452],[4.55298,51.88376],[4.5529,51.88364],[4.55256,51.88348],[4.55152,51.88316],[4.55147,51.88318],[4.55127,51.88312],[4.55121,51.8831],[4.55122,51.88308],[4.55107,51.88303],[4.55112,51.88298],[4.55108,51.88296],[4.55105,51.88302],[4.54842,51.88221],[4.54779,51.88201]]]}},{"type":"Feature","id":"12896","properties":{},"geometry":{"type":"Polygon","coordinates":[[[4.55483,51.8854],[4.55451,51.88547],[4.55453,51.88549],[4.5543,51.88565],[4.55432,51.8857],[4.55423,51.88572],[4.55398,51.88584],[4.554,51.88587],[4.55414,51.88622],[4.55412,51.88652],[4.55418,51.88654],[4.55411,51.88671],[4.55376,51.88755],[4.55332,51.88866],[4.55321,51.88864],[4.55318,51.88871],[4.55329,51.88876],[4.55314,51.88913],[4.55371,51.88922],[4.55377,51.88907],[4.55512,51.88928],[4.55517,51.88939],[4.55555,51.88944],[4.55586,51.88949],[4.55603,51.88942],[4.55663,51.88952],[4.5566,51.8896],[4.55669,51.88961],[4.55672,51.88953],[4.55735,51.88963],[4.55739,51.88973],[4.55815,51.88984],[4.55813,51.88989],[4.55869,51.88998],[4.55847,51.89053],[4.55993,51.89074],[4.55997,51.89066],[4.56029,51.89071],[4.5606,51.89079],[4.56217,51.89102],[4.56236,51.89106],[4.5624,51.89097],[4.5622,51.89095],[4.56265,51.88998],[4.56411,51.88644],[4.5642,51.88642],[4.56416,51.88635],[4.56454,51.8858],[4.56483,51.88549],[4.56475,51.88538],[4.56468,51.88537],[4.56322,51.88508],[4.56305,51.88507],[4.56196,51.88483],[4.56139,51.88474],[4.56069,51.88468],[4.55992,51.8847],[4.55929,51.88477],[4.55787,51.885],[4.55776,51.88499],[4.55772,51.88499],[4.55483,51.8854]]]}},{"type":"Feature","id":"12897","properties":{},"geometry":{"type":"Polygon","coordinates":[[[4.54178,51.87451],[4.542,51.87424],[4.54283,51.87463],[4.54294,51.87446],[4.5425,51.87435],[4.54251,51.87428],[4.54311,51.87333],[4.54317,51.87335],[4.54357,51.87267],[4.54383,51.87256],[4.54408,51.87236],[4.54421,51.87235],[4.54421,51.87222],[4.54404,51.87192],[4.54371,51.87156],[4.54339,51.87131],[4.54297,51.87113],[4.54258,51.8708],[4.54235,51.87079],[4.54188,51.87069],[4.54001,51.87019],[4.53926,51.87116],[4.53935,51.87118],[4.53781,51.873],[4.53669,51.87432],[4.53617,51.87518],[4.53561,51.8759],[4.53561,51.87593],[4.5359,51.87604],[4.53534,51.87671],[4.53518,51.87665],[4.53441,51.87743],[4.53425,51.87761],[4.53413,51.87757],[4.53409,51.87758],[4.53198,51.8801],[4.53183,51.88004],[4.53153,51.88038],[4.53254,51.8807],[4.53283,51.88091],[4.53317,51.88103],[4.53348,51.88107],[4.53359,51.8811],[4.53362,51.88114],[4.53371,51.88113],[4.5344,51.88139],[4.53482,51.88161],[4.53507,51.88178],[4.5357,51.8823],[4.5355,51.88237],[4.53555,51.88241],[4.53558,51.88251],[4.53708,51.88333],[4.53706,51.88334],[4.53774,51.88374],[4.53779,51.88376],[4.53787,51.8837],[4.53782,51.88367],[4.53819,51.88343],[4.53829,51.88346],[4.53841,51.88345],[4.5387,51.88326],[4.53994,51.88199],[4.53982,51.88192],[4.53976,51.88188],[4.53971,51.88189],[4.53966,51.88184],[4.53941,51.88192],[4.53938,51.88188],[4.53908,51.88199],[4.53897,51.88197],[4.53887,51.88127],[4.53888,51.88084],[4.53891,51.88084],[4.53878,51.88038],[4.53894,51.88009],[4.5388,51.88003],[4.5391,51.87976],[4.53921,51.87983],[4.53986,51.87938],[4.54007,51.8793],[4.53999,51.87926],[4.5403,51.87853],[4.54035,51.87854],[4.54049,51.87814],[4.54071,51.87723],[4.54077,51.87712],[4.54085,51.87669],[4.54079,51.87669],[4.54089,51.8763],[4.54214,51.87476],[4.5426,51.8749],[4.54271,51.87477],[4.54181,51.87458],[4.54178,51.87451]]]}},{"type":"Feature","id":"12898","properties":{},"geometry":{"type":"Polygon","coordinates":[[[4.55139,51.87756],[4.55105,51.87746],[4.55112,51.87736],[4.5515,51.87747],[4.55205,51.8768],[4.55165,51.87667],[4.55171,51.8766],[4.55097,51.87637],[4.55104,51.87627],[4.55101,51.87623],[4.55201,51.87498],[4.5521,51.87493],[4.55238,51.87503],[4.5525,51.87491],[4.55203,51.87472],[4.55181,51.87467],[4.55149,51.87464],[4.55095,51.87466],[4.55035,51.87455],[4.54968,51.87435],[4.54925,51.8742],[4.54938,51.87403],[4.5488,51.87397],[4.54812,51.87382],[4.54767,51.87355],[4.54624,51.87296],[4.5451,51.87242],[4.54494,51.87231],[4.54425,51.8723],[4.54421,51.87222],[4.54421,51.87235],[4.54408,51.87236],[4.54383,51.87256],[4.54357,51.87267],[4.54317,51.87335],[4.54311,51.87333],[4.54251,51.87428],[4.5425,51.87435],[4.54294,51.87446],[4.54283,51.87463],[4.542,51.87424],[4.54178,51.87451],[4.54181,51.87458],[4.54271,51.87477],[4.5426,51.8749],[4.54214,51.87476],[4.54089,51.8763],[4.54079,51.87669],[4.54085,51.87669],[4.54077,51.87712],[4.54071,51.87723],[4.54049,51.87814],[4.54035,51.87854],[4.5403,51.87853],[4.53999,51.87926],[4.54007,51.8793],[4.53986,51.87938],[4.53921,51.87983],[4.5391,51.87976],[4.5388,51.88003],[4.53894,51.88009],[4.53878,51.88038],[4.53891,51.88084],[4.53888,51.88084],[4.53887,51.88127],[4.53897,51.88197],[4.53908,51.88199],[4.53938,51.88188],[4.53941,51.88192],[4.53966,51.88184],[4.53971,51.88189],[4.53976,51.88188],[4.53982,51.88192],[4.54041,51.88166],[4.54107,51.88152],[4.5414,51.8815],[4.5437,51.8815],[4.54574,51.88152],[4.54611,51.88155],[4.54614,51.8815],[4.54637,51.88157],[4.54779,51.88201],[4.5481,51.88162],[4.5482,51.8816],[4.54838,51.88137],[4.54868,51.881],[4.5487,51.88089],[4.54892,51.88061],[4.54911,51.88038],[4.54914,51.88039],[4.54921,51.88034],[4.54951,51.87999],[4.54993,51.87937],[4.55012,51.87913],[4.55018,51.87915],[4.55073,51.87848],[4.55067,51.87846],[4.55087,51.87821],[4.55087,51.8782],[4.55139,51.87756]]]}},{"type":"Feature","id":"12899","properties":{},"geometry":{"type":"Polygon","coordinates":[[[4.5525,51.87491],[4.55238,51.87503],[4.5521,51.87493],[4.55201,51.87498],[4.55101,51.87623],[4.55104,51.87627],[4.55097,51.87637],[4.55171,51.8766],[4.55165,51.87667],[4.55205,51.8768],[4.5515,51.87747],[4.55112,51.87736],[4.55105,51.87746],[4.55139,51.87756],[4.55087,51.8782],[4.55087,51.87821],[4.55067,51.87846],[4.55073,51.87848],[4.55018,51.87915],[4.55012,51.87913],[4.54993,51.87937],[4.54951,51.87999],[4.54921,51.88034],[4.54914,51.88039],[4.54911,51.88038],[4.54892,51.88061],[4.5487,51.88089],[4.54868,51.881],[4.54838,51.88137],[4.5482,51.8816],[4.5481,51.88162],[4.54779,51.88201],[4.54842,51.88221],[4.55105,51.88302],[4.55108,51.88296],[4.55112,51.88298],[4.55107,51.88303],[4.55122,51.88308],[4.55121,51.8831],[4.55127,51.88312],[4.55147,51.88318],[4.55152,51.88316],[4.55256,51.88348],[4.5529,51.88364],[4.55298,51.88376],[4.5533,51.88452],[4.55361,51.8846],[4.55344,51.88482],[4.55354,51.88501],[4.55377,51.88503],[4.55424,51.88516],[4.55437,51.88526],[4.55443,51.88543],[4.55451,51.88547],[4.55483,51.8854],[4.55772,51.88499],[4.55776,51.88499],[4.55787,51.885],[4.55929,51.88477],[4.55992,51.8847],[4.56069,51.88468],[4.56139,51.88474],[4.56196,51.88483],[4.56305,51.88507],[4.56322,51.88508],[4.56468,51.88537],[4.56476,51.88517],[4.56454,51.88512],[4.56513,51.88363],[4.56549,51.88289],[4.56583,51.88245],[4.56689,51.88147],[4.56754,51.88075],[4.56797,51.88002],[4.56841,51.87872],[4.56911,51.87815],[4.56891,51.87805],[4.56744,51.87821],[4.56649,51.87825],[4.56545,51.87826],[4.56485,51.87833],[4.56365,51.87828],[4.56209,51.8783],[4.5614,51.87818],[4.56118,51.87809],[4.55884,51.8773],[4.55778,51.87689],[4.55653,51.8762],[4.55566,51.87589],[4.55481,51.87553],[4.55282,51.87502],[4.5525,51.87491]]]}},{"type":"Feature","id":"12900","properties":{},"geometry":{"type":"Polygon","coordinates":[[[4.56294,51.89247],[4.5629,51.8924],[4.56278,51.89238],[4.56281,51.89229],[4.56253,51.89225],[4.56234,51.89216],[4.56231,51.8921],[4.56236,51.89198],[4.56206,51.89197],[4.56172,51.89191],[4.56084,51.8935],[4.56048,51.89406],[4.55994,51.89472],[4.55933,51.89526],[4.55861,51.89573],[4.55796,51.89604],[4.55728,51.89626],[4.55595,51.8966],[4.55607,51.89687],[4.55585,51.89689],[4.55587,51.89706],[4.55593,51.89715],[4.55621,51.89801],[4.55625,51.89845],[4.55617,51.89851],[4.55591,51.89854],[4.55592,51.89858],[4.55606,51.89865],[4.55601,51.89873],[4.55577,51.89875],[4.55629,51.90039],[4.55656,51.90038],[4.55652,51.90028],[4.55655,51.90018],[4.55669,51.90008],[4.55683,51.90004],[4.55808,51.89997],[4.55815,51.89998],[4.55819,51.90001],[4.56056,51.89979],[4.56053,51.89967],[4.56061,51.89966],[4.56091,51.89943],[4.5613,51.89922],[4.56227,51.89911],[4.5623,51.8991],[4.56492,51.89897],[4.56727,51.89869],[4.56726,51.89867],[4.56825,51.89854],[4.56854,51.8986],[4.5686,51.89846],[4.56847,51.89836],[4.56825,51.89839],[4.56823,51.89834],[4.56757,51.89842],[4.56671,51.89587],[4.56675,51.89582],[4.56662,51.89584],[4.56643,51.89527],[4.56615,51.89441],[4.5659,51.89363],[4.56583,51.89364],[4.56581,51.89358],[4.56576,51.89359],[4.56537,51.89241],[4.5653,51.89242],[4.56527,51.89235],[4.56427,51.89231],[4.56405,51.8924],[4.56306,51.89262],[4.56271,51.89267],[4.56271,51.89254],[4.56294,51.89247]]]}},{"type":"Feature","id":"12901","properties":{},"geometry":{"type":"Polygon","coordinates":[[[4.56983,51.89276],[4.56841,51.89231],[4.5684,51.89233],[4.56781,51.89224],[4.56772,51.89237],[4.56764,51.8924],[4.56748,51.8924],[4.56735,51.89234],[4.56727,51.89222],[4.56603,51.89235],[4.56548,51.89233],[4.56537,51.89241],[4.56576,51.89359],[4.56581,51.89358],[4.56583,51.89364],[4.5659,51.89363],[4.56615,51.89441],[4.56643,51.89527],[4.56662,51.89584],[4.56675,51.89582],[4.56671,51.89587],[4.56757,51.89842],[4.56823,51.89834],[4.56825,51.89839],[4.56847,51.89836],[4.5686,51.89846],[4.56854,51.8986],[4.5692,51.89885],[4.56957,51.89891],[4.57223,51.89862],[4.57394,51.89832],[4.57454,51.89819],[4.57475,51.89819],[4.57492,51.89826],[4.57508,51.89819],[4.57532,51.89817],[4.57533,51.8982],[4.57544,51.89818],[4.57541,51.89808],[4.57468,51.89575],[4.57398,51.89352],[4.57388,51.89354],[4.57389,51.89357],[4.57381,51.89359],[4.57304,51.89344],[4.57269,51.89334],[4.57266,51.89329],[4.57257,51.89326],[4.57189,51.89311],[4.57131,51.89303],[4.57062,51.89289],[4.57059,51.89292],[4.57052,51.89292],[4.5705,51.89286],[4.57033,51.89288],[4.5703,51.89278],[4.56983,51.89276]]]}},{"type":"Feature","id":"12902","properties":{},"geometry":{"type":"Polygon","coordinates":[[[4.56901,51.88628],[4.56887,51.88628],[4.56885,51.88621],[4.56879,51.8862],[4.5688,51.88616],[4.56817,51.88611],[4.5675,51.88601],[4.56747,51.88608],[4.56681,51.88596],[4.56554,51.88561],[4.56508,51.88557],[4.56492,51.88557],[4.56483,51.88549],[4.56454,51.8858],[4.56416,51.88635],[4.5642,51.88642],[4.56411,51.88644],[4.56265,51.88998],[4.5622,51.89095],[4.5624,51.89097],[4.56236,51.89106],[4.56217,51.89102],[4.56172,51.89191],[4.56206,51.89197],[4.56236,51.89198],[4.56231,51.8921],[4.56234,51.89216],[4.56253,51.89225],[4.56281,51.89229],[4.56278,51.89238],[4.5629,51.8924],[4.56294,51.89247],[4.56271,51.89254],[4.56271,51.89267],[4.56306,51.89262],[4.56405,51.8924],[4.56427,51.89231],[4.56527,51.89235],[4.5653,51.89242],[4.56537,51.89241],[4.56548,51.89233],[4.56603,51.89235],[4.56727,51.89222],[4.56735,51.89234],[4.56748,51.8924],[4.56764,51.8924],[4.56772,51.89237],[4.56781,51.89224],[4.5684,51.89233],[4.56841,51.89231],[4.56983,51.89276],[4.5703,51.89278],[4.57033,51.89288],[4.5705,51.89286],[4.57052,51.89292],[4.57059,51.89292],[4.57062,51.89289],[4.57131,51.89303],[4.57189,51.89311],[4.57257,51.89326],[4.57266,51.89329],[4.57269,51.89334],[4.57304,51.89344],[4.57381,51.89359],[4.57389,51.89357],[4.57388,51.89354],[4.57398,51.89352],[4.57359,51.89253],[4.57345,51.89205],[4.57339,51.89165],[4.57308,51.89105],[4.57297,51.89057],[4.57272,51.89005],[4.57254,51.88939],[4.57201,51.88801],[4.57179,51.88707],[4.57152,51.88641],[4.57075,51.88636],[4.57012,51.88639],[4.56999,51.88646],[4.56995,51.88647],[4.56993,51.88641],[4.56943,51.88639],[4.56944,51.88635],[4.569,51.88633],[4.56901,51.88628]]]}},{"type":"Feature","id":"12903","properties":{},"geometry":{"type":"Polygon","coordinates":[[[4.56911,51.87815],[4.56915,51.87818],[4.56892,51.87832],[4.56916,51.87896],[4.5694,51.87998],[4.56982,51.88117],[4.57008,51.88234],[4.57031,51.88305],[4.57042,51.8836],[4.57071,51.88417],[4.57099,51.88526],[4.57152,51.88641],[4.57075,51.88636],[4.57012,51.88639],[4.56999,51.88646],[4.56995,51.88647],[4.56993,51.88641],[4.56943,51.88639],[4.56944,51.88635],[4.569,51.88633],[4.56901,51.88628],[4.56887,51.88628],[4.56885,51.88621],[4.56879,51.8862],[4.5688,51.88616],[4.56817,51.88611],[4.5675,51.88601],[4.56747,51.88608],[4.56681,51.88596],[4.56554,51.88561],[4.56508,51.88557],[4.56492,51.88557],[4.56483,51.88549],[4.56475,51.88538],[4.56468,51.88537],[4.56476,51.88517],[4.56454,51.88512],[4.56513,51.88363],[4.56549,51.88289],[4.56583,51.88245],[4.56689,51.88147],[4.56754,51.88075],[4.56797,51.88002],[4.56841,51.87872],[4.56911,51.87815]]]}},{"type":"Feature","id":"13910","properties":{},"geometry":{"type":"Polygon","coordinates":[[[4.38929,51.89456],[4.38627,51.89485],[4.38488,51.89501],[4.38468,51.89477],[4.3843,51.8939],[4.38419,51.89333],[4.38402,51.89313],[4.38382,51.89302],[4.38382,51.89275],[4.38219,51.89273],[4.38175,51.89279],[4.38167,51.89263],[4.38198,51.89242],[4.38209,51.89214],[4.38213,51.89214],[4.38214,51.8921],[4.3821,51.89209],[4.38219,51.89159],[4.38235,51.89113],[4.38279,51.89142],[4.38341,51.89176],[4.38403,51.89206],[4.38433,51.89216],[4.38463,51.8922],[4.38506,51.8922],[4.38705,51.89211],[4.38726,51.89257],[4.38723,51.89269],[4.38767,51.894],[4.38774,51.89406],[4.38792,51.8941],[4.38894,51.89419],[4.38915,51.89416],[4.38926,51.89425],[4.38929,51.89456]]]}},{"type":"Feature","id":"13911","properties":{},"geometry":{"type":"Polygon","coordinates":[[[4.39161,51.89079],[4.39181,51.89098],[4.39215,51.89145],[4.39223,51.89143],[4.39298,51.89258],[4.39308,51.89275],[4.393,51.89277],[4.39349,51.8935],[4.39335,51.89354],[4.39326,51.89357],[4.39329,51.8936],[4.3926,51.8938],[4.39115,51.89419],[4.39023,51.8944],[4.38929,51.89456],[4.38926,51.89425],[4.38915,51.89416],[4.38894,51.89419],[4.38792,51.8941],[4.38774,51.89406],[4.38767,51.894],[4.38723,51.89269],[4.38726,51.89257],[4.38705,51.89211],[4.3871,51.8921],[4.38714,51.89203],[4.38738,51.89205],[4.38865,51.89187],[4.38931,51.89164],[4.39045,51.8913],[4.39142,51.89087],[4.39161,51.89079]]]}},{"type":"Feature","id":"13912","properties":{},"geometry":{"type":"Polygon","coordinates":[[[4.39335,51.89354],[4.39349,51.8935],[4.393,51.89277],[4.39308,51.89275],[4.39298,51.89258],[4.39223,51.89143],[4.39215,51.89145],[4.39181,51.89098],[4.39161,51.89079],[4.39208,51.89061],[4.39313,51.89034],[4.39437,51.88996],[4.3949,51.8896],[4.39498,51.88951],[4.39499,51.88943],[4.39483,51.88908],[4.39494,51.88906],[4.39499,51.8891],[4.39543,51.8891],[4.39542,51.88915],[4.39568,51.88931],[4.39579,51.88961],[4.3959,51.88966],[4.39597,51.88962],[4.39586,51.88909],[4.39587,51.88884],[4.39601,51.88885],[4.39613,51.88879],[4.39627,51.88891],[4.39639,51.88895],[4.39775,51.89162],[4.39868,51.89167],[4.39866,51.89171],[4.39462,51.89317],[4.39337,51.89357],[4.39335,51.89354]]]}},{"type":"Feature","id":"13913","properties":{},"geometry":{"type":"Polygon","coordinates":[[[4.38279,51.89142],[4.38341,51.89176],[4.38403,51.89206],[4.38433,51.89216],[4.38463,51.8922],[4.38506,51.8922],[4.38705,51.89211],[4.3871,51.8921],[4.38714,51.89203],[4.38691,51.89201],[4.38682,51.8919],[4.38775,51.88909],[4.38581,51.88901],[4.38581,51.88903],[4.3856,51.88902],[4.38555,51.88944],[4.38282,51.88936],[4.38242,51.88878],[4.38229,51.88877],[4.38211,51.88882],[4.38206,51.88875],[4.38003,51.88859],[4.37952,51.88857],[4.37914,51.88962],[4.37868,51.89131],[4.37847,51.89194],[4.37856,51.89194],[4.37853,51.89201],[4.37831,51.89255],[4.37803,51.89306],[4.37834,51.89313],[4.37859,51.89305],[4.3789,51.89302],[4.37894,51.89314],[4.37946,51.89315],[4.38175,51.89279],[4.38167,51.89263],[4.38198,51.89242],[4.38209,51.89214],[4.38213,51.89214],[4.38214,51.8921],[4.3821,51.89209],[4.38219,51.89159],[4.38235,51.89113],[4.38279,51.89142]]]}},{"type":"Feature","id":"13914","properties":{},"geometry":{"type":"Polygon","coordinates":[[[4.39161,51.89079],[4.39208,51.89061],[4.39313,51.89034],[4.39437,51.88996],[4.3949,51.8896],[4.39498,51.88951],[4.39499,51.88943],[4.39483,51.88908],[4.39437,51.88808],[4.39354,51.88827],[4.39351,51.88832],[4.39341,51.88834],[4.39337,51.88832],[4.39213,51.88861],[4.39048,51.88857],[4.3904,51.88864],[4.39039,51.88883],[4.39014,51.88882],[4.38834,51.88878],[4.38791,51.88874],[4.38786,51.88876],[4.38775,51.88909],[4.38682,51.8919],[4.38691,51.89201],[4.38714,51.89203],[4.38738,51.89205],[4.38865,51.89187],[4.38931,51.89164],[4.39045,51.8913],[4.39142,51.89087],[4.39161,51.89079]]]}},{"type":"Feature","id":"13915","properties":{},"geometry":{"type":"Polygon","coordinates":[[[4.38333,51.8856],[4.38335,51.88552],[4.38318,51.88556],[4.38307,51.88551],[4.38293,51.88553],[4.38287,51.88549],[4.38288,51.88535],[4.38294,51.88535],[4.38295,51.88538],[4.38302,51.88539],[4.38352,51.88543],[4.38375,51.88409],[4.38383,51.88403],[4.3838,51.88401],[4.38456,51.88359],[4.38422,51.88337],[4.38439,51.88325],[4.38507,51.88299],[4.3862,51.88239],[4.38638,51.88142],[4.385,51.88096],[4.38395,51.88068],[4.38319,51.88181],[4.38323,51.88182],[4.38172,51.88431],[4.38062,51.88633],[4.38058,51.88633],[4.37981,51.88792],[4.37952,51.88857],[4.38003,51.88859],[4.38206,51.88875],[4.38211,51.88882],[4.38229,51.88877],[4.38242,51.88878],[4.38282,51.88936],[4.38555,51.88944],[4.3856,51.88902],[4.38581,51.88903],[4.38581,51.88901],[4.38775,51.88909],[4.38786,51.88876],[4.38825,51.88762],[4.3888,51.88591],[4.38884,51.8859],[4.3836,51.88559],[4.38352,51.88561],[4.38333,51.8856]]]}},{"type":"Feature","id":"13916","properties":{},"geometry":{"type":"Polygon","coordinates":[[[4.38908,51.8859],[4.39216,51.88604],[4.39328,51.88615],[4.39322,51.88635],[4.39338,51.88634],[4.39354,51.88695],[4.39386,51.88767],[4.39396,51.88765],[4.39408,51.88767],[4.39433,51.88797],[4.39437,51.88808],[4.39354,51.88827],[4.39351,51.88832],[4.39341,51.88834],[4.39337,51.88832],[4.39213,51.88861],[4.39048,51.88857],[4.3904,51.88864],[4.39039,51.88883],[4.39014,51.88882],[4.38834,51.88878],[4.38791,51.88874],[4.38786,51.88876],[4.38825,51.88762],[4.3888,51.88591],[4.38884,51.8859],[4.38908,51.8859]]]}},{"type":"Feature","id":"13917","properties":{},"geometry":{"type":"Polygon","coordinates":[[[4.38994,51.88193],[4.38952,51.88093],[4.38949,51.88063],[4.3892,51.88069],[4.38892,51.87995],[4.38873,51.87903],[4.38877,51.87819],[4.38786,51.87815],[4.38787,51.87823],[4.38749,51.87817],[4.38698,51.87813],[4.38692,51.87822],[4.38703,51.87822],[4.38715,51.87827],[4.38714,51.87839],[4.38583,51.87834],[4.38489,51.87935],[4.38395,51.88068],[4.385,51.88096],[4.38638,51.88142],[4.3862,51.88239],[4.38507,51.88299],[4.38439,51.88325],[4.38422,51.88337],[4.38456,51.88359],[4.3838,51.88401],[4.38383,51.88403],[4.38375,51.88409],[4.38352,51.88543],[4.38302,51.88539],[4.38295,51.88538],[4.38294,51.88535],[4.38288,51.88535],[4.38287,51.88549],[4.38293,51.88553],[4.38307,51.88551],[4.38318,51.88556],[4.38335,51.88552],[4.38333,51.8856],[4.38352,51.88561],[4.3836,51.88559],[4.38884,51.8859],[4.38908,51.8859],[4.38909,51.88582],[4.38901,51.8858],[4.38913,51.88529],[4.38913,51.885],[4.38938,51.88416],[4.38951,51.88377],[4.38967,51.88327],[4.38984,51.88311],[4.38981,51.88295],[4.38995,51.88246],[4.38994,51.88193]]]}},{"type":"Feature","id":"13918","properties":{},"geometry":{"type":"Polygon","coordinates":[[[4.39612,51.88378],[4.39592,51.88364],[4.39566,51.88352],[4.39186,51.88228],[4.39145,51.88211],[4.39112,51.8819],[4.39093,51.88172],[4.3904,51.88099],[4.38992,51.88055],[4.38978,51.88047],[4.38957,51.88044],[4.38957,51.88051],[4.38949,51.88063],[4.38952,51.88093],[4.38994,51.88193],[4.38995,51.88246],[4.38981,51.88295],[4.38984,51.88311],[4.38967,51.88327],[4.38951,51.88377],[4.38938,51.88416],[4.38913,51.885],[4.38913,51.88529],[4.38901,51.8858],[4.38909,51.88582],[4.38908,51.8859],[4.39216,51.88604],[4.39328,51.88615],[4.39322,51.88635],[4.39338,51.88634],[4.39354,51.88695],[4.39386,51.88767],[4.39396,51.88765],[4.39408,51.88767],[4.39433,51.88797],[4.39437,51.88808],[4.39483,51.88908],[4.39494,51.88906],[4.39499,51.8891],[4.39543,51.8891],[4.39542,51.88915],[4.39568,51.88931],[4.39579,51.88961],[4.3959,51.88966],[4.39597,51.88962],[4.39586,51.88909],[4.39587,51.88884],[4.39601,51.88885],[4.39613,51.88879],[4.39627,51.88891],[4.39639,51.88895],[4.39624,51.88864],[4.39797,51.88659],[4.3974,51.88645],[4.3974,51.88624],[4.39651,51.88447],[4.39656,51.88446],[4.39638,51.8841],[4.39612,51.88378]]]}},{"type":"Feature","id":"14440","properties":{},"geometry":{"type":"Polygon","coordinates":[[[4.5553,51.92771],[4.55537,51.92759],[4.55549,51.92753],[4.55576,51.92711],[4.55571,51.92707],[4.55579,51.92706],[4.55607,51.92663],[4.55622,51.92631],[4.55626,51.92618],[4.55612,51.92613],[4.55617,51.92606],[4.55622,51.92607],[4.55625,51.92605],[4.55647,51.92575],[4.55647,51.92575],[4.555,51.92528],[4.55195,51.92489],[4.55069,51.92481],[4.54927,51.92473],[4.54743,51.9247],[4.54742,51.92503],[4.54735,51.92505],[4.54772,51.92506],[4.54774,51.92517],[4.54782,51.92518],[4.5478,51.92548],[4.54785,51.92557],[4.54785,51.92578],[4.54776,51.92584],[4.54776,51.92622],[4.5471,51.92623],[4.5471,51.92628],[4.54717,51.9263],[4.54626,51.92772],[4.5452,51.92756],[4.54516,51.92765],[4.54504,51.92763],[4.545,51.92766],[4.54491,51.92777],[4.5449,51.92788],[4.54506,51.928],[4.54458,51.92894],[4.54464,51.92895],[4.54916,51.92965],[4.55364,51.93034],[4.55404,51.92942],[4.5541,51.92936],[4.55409,51.92928],[4.55399,51.92924],[4.55407,51.92903],[4.55385,51.929],[4.55389,51.92889],[4.55397,51.9289],[4.55399,51.92886],[4.55407,51.92887],[4.55419,51.92857],[4.55476,51.92769],[4.55512,51.92778],[4.55518,51.92768],[4.5553,51.92771]]]}},{"type":"Feature","id":"14441","properties":{},"geometry":{"type":"Polygon","coordinates":[[[4.54954,51.92169],[4.54832,51.92176],[4.54801,51.92175],[4.54798,51.92172],[4.54776,51.92172],[4.54776,51.92175],[4.5468,51.92174],[4.54673,51.92173],[4.54685,51.92175],[4.54755,51.92344],[4.5471,51.92352],[4.54711,51.92355],[4.54756,51.92347],[4.54796,51.9244],[4.54798,51.92436],[4.54804,51.92436],[4.54803,51.92446],[4.54731,51.92445],[4.54733,51.9247],[4.54743,51.9247],[4.54927,51.92473],[4.55069,51.92481],[4.55195,51.92489],[4.555,51.92528],[4.55647,51.92575],[4.55518,51.92212],[4.55501,51.92211],[4.555,51.92213],[4.55493,51.92212],[4.55495,51.92207],[4.55464,51.92207],[4.55439,51.92203],[4.55435,51.92209],[4.55437,51.92206],[4.55219,51.9217],[4.55212,51.92172],[4.54998,51.9217],[4.54954,51.92169]]]}},{"type":"Feature","id":"14442","properties":{},"geometry":{"type":"Polygon","coordinates":[[[4.54107,51.91926],[4.5391,51.91966],[4.53755,51.91978],[4.53785,51.91932],[4.53779,51.91933],[4.53771,51.91946],[4.53749,51.91961],[4.53623,51.92016],[4.53604,51.92033],[4.53591,51.92058],[4.53579,51.92069],[4.53471,51.92098],[4.53531,51.92193],[4.53667,51.92183],[4.53711,51.92174],[4.53709,51.92172],[4.5371,51.92172],[4.53717,51.92172],[4.53717,51.92175],[4.53794,51.92173],[4.53794,51.92175],[4.53899,51.92181],[4.54027,51.92182],[4.54141,51.92181],[4.54219,51.92179],[4.54217,51.92176],[4.54252,51.92178],[4.54362,51.9217],[4.54527,51.92174],[4.54673,51.92173],[4.5468,51.92174],[4.54776,51.92175],[4.54776,51.92172],[4.54798,51.92172],[4.54801,51.92175],[4.54832,51.92176],[4.54954,51.92169],[4.54998,51.9217],[4.55212,51.92172],[4.55219,51.9217],[4.55437,51.92206],[4.55435,51.92209],[4.55439,51.92203],[4.55464,51.92207],[4.55495,51.92207],[4.55493,51.92212],[4.555,51.92213],[4.55501,51.92211],[4.55518,51.92212],[4.55518,51.92204],[4.55515,51.92195],[4.55508,51.92193],[4.55497,51.92162],[4.55487,51.92163],[4.55489,51.92143],[4.55474,51.92126],[4.55484,51.92125],[4.55477,51.92107],[4.55496,51.92104],[4.55488,51.92073],[4.55491,51.92071],[4.55482,51.92069],[4.55489,51.92066],[4.55525,51.92073],[4.55655,51.92114],[4.55672,51.92096],[4.55614,51.92077],[4.55618,51.92073],[4.55675,51.92093],[4.55682,51.92085],[4.55656,51.92069],[4.55649,51.92055],[4.55649,51.92043],[4.55662,51.92026],[4.55705,51.91999],[4.55691,51.91991],[4.55633,51.92032],[4.55355,51.9197],[4.55207,51.91945],[4.55072,51.91934],[4.54727,51.91931],[4.54107,51.91926]]]}},{"type":"Feature","id":"14443","properties":{},"geometry":{"type":"Polygon","coordinates":[[[4.56061,51.92713],[4.55864,51.92645],[4.55647,51.92575],[4.55625,51.92605],[4.55622,51.92607],[4.55617,51.92606],[4.55612,51.92613],[4.55626,51.92618],[4.55622,51.92631],[4.55607,51.92663],[4.55579,51.92706],[4.55571,51.92707],[4.55576,51.92711],[4.55549,51.92753],[4.55537,51.92759],[4.5553,51.92771],[4.55518,51.92768],[4.55512,51.92778],[4.55476,51.92769],[4.55419,51.92857],[4.55407,51.92887],[4.55399,51.92886],[4.55397,51.9289],[4.55389,51.92889],[4.55385,51.929],[4.55407,51.92903],[4.55399,51.92924],[4.55409,51.92928],[4.5541,51.92936],[4.55404,51.92942],[4.55364,51.93034],[4.55368,51.93035],[4.56015,51.93133],[4.56014,51.93135],[4.56049,51.93138],[4.56274,51.93174],[4.56279,51.93161],[4.56373,51.93176],[4.56391,51.93182],[4.5639,51.93186],[4.56439,51.93195],[4.56529,51.92983],[4.5647,51.92955],[4.56515,51.92918],[4.56506,51.92913],[4.5651,51.92905],[4.56448,51.92876],[4.56449,51.92872],[4.5644,51.92872],[4.56415,51.9286],[4.5641,51.92859],[4.56205,51.92772],[4.56061,51.92713]]]}},{"type":"Feature","id":"14444","properties":{},"geometry":{"type":"Polygon","coordinates":[[[4.55881,51.92389],[4.55787,51.92339],[4.55729,51.92312],[4.55707,51.92304],[4.55538,51.9222],[4.55533,51.92206],[4.55526,51.92203],[4.55518,51.92204],[4.55518,51.92212],[4.55647,51.92575],[4.55647,51.92575],[4.55864,51.92645],[4.56061,51.92713],[4.56205,51.92772],[4.5641,51.92859],[4.56415,51.9286],[4.5644,51.92872],[4.56449,51.92872],[4.56448,51.92876],[4.5651,51.92905],[4.56575,51.9275],[4.56597,51.92675],[4.56599,51.92643],[4.56619,51.92601],[4.56582,51.9259],[4.56547,51.92593],[4.56548,51.9258],[4.56514,51.9256],[4.56492,51.92528],[4.5647,51.92523],[4.56467,51.92525],[4.56189,51.92441],[4.55993,51.92408],[4.55972,51.92405],[4.55881,51.92389]]]}},{"type":"Feature","id":"14445","properties":{},"geometry":{"type":"Polygon","coordinates":[[[4.55496,51.92104],[4.55477,51.92107],[4.55484,51.92125],[4.55474,51.92126],[4.55489,51.92143],[4.55487,51.92163],[4.55497,51.92162],[4.55508,51.92193],[4.55515,51.92195],[4.55518,51.92204],[4.55526,51.92203],[4.55533,51.92206],[4.55538,51.9222],[4.55707,51.92304],[4.55729,51.92312],[4.55787,51.92339],[4.55881,51.92389],[4.55972,51.92405],[4.55993,51.92408],[4.56189,51.92441],[4.56467,51.92525],[4.5647,51.92523],[4.56492,51.92528],[4.56514,51.9256],[4.56548,51.9258],[4.56547,51.92593],[4.56582,51.9259],[4.56619,51.92601],[4.56624,51.92591],[4.56599,51.92576],[4.56601,51.92569],[4.56591,51.92568],[4.56569,51.92555],[4.56566,51.92544],[4.56579,51.92509],[4.56539,51.92446],[4.56485,51.92388],[4.56407,51.92329],[4.56356,51.923],[4.56291,51.9227],[4.56144,51.92217],[4.56152,51.92187],[4.56055,51.92155],[4.55911,51.92083],[4.55773,51.92036],[4.55705,51.91999],[4.55662,51.92026],[4.55649,51.92043],[4.55649,51.92055],[4.55656,51.92069],[4.55682,51.92085],[4.55675,51.92093],[4.55618,51.92073],[4.55614,51.92077],[4.55672,51.92096],[4.55655,51.92114],[4.55525,51.92073],[4.55489,51.92066],[4.55482,51.92069],[4.55491,51.92071],[4.55488,51.92073],[4.55496,51.92104]]]}},{"type":"Feature","id":"14446","properties":{},"geometry":{"type":"Polygon","coordinates":[[[4.53448,51.91569],[4.53565,51.9159],[4.53586,51.91565],[4.53614,51.9158],[4.5359,51.916],[4.5357,51.91628],[4.53541,51.91708],[4.53529,51.91772],[4.53522,51.9185],[4.53531,51.91933],[4.53557,51.92015],[4.53558,51.92018],[4.53566,51.92016],[4.53585,51.92056],[4.53583,51.9206],[4.53575,51.92062],[4.53579,51.92069],[4.53471,51.92098],[4.53466,51.9209],[4.53434,51.92075],[4.53407,51.92016],[4.53417,51.91997],[4.53386,51.91903],[4.53367,51.91761],[4.53376,51.91665],[4.53401,51.91548],[4.53426,51.91549],[4.53424,51.91565],[4.53448,51.91569]]]}},{"type":"Feature","id":"14447","properties":{},"geometry":{"type":"Polygon","coordinates":[[[4.54192,51.92472],[4.54193,51.92477],[4.542,51.9248],[4.54382,51.92473],[4.54733,51.9247],[4.54731,51.92445],[4.54803,51.92446],[4.54804,51.92436],[4.54798,51.92436],[4.54796,51.9244],[4.54756,51.92347],[4.54711,51.92355],[4.5471,51.92352],[4.54755,51.92344],[4.54685,51.92175],[4.54673,51.92173],[4.54527,51.92174],[4.54362,51.9217],[4.54252,51.92178],[4.54217,51.92176],[4.54219,51.92179],[4.54141,51.92181],[4.54027,51.92182],[4.53899,51.92181],[4.53794,51.92175],[4.53794,51.92173],[4.53717,51.92175],[4.53717,51.92172],[4.5371,51.92172],[4.53709,51.92172],[4.53711,51.92174],[4.53667,51.92183],[4.53531,51.92193],[4.53535,51.92199],[4.53499,51.92201],[4.535,51.92203],[4.53598,51.9235],[4.5369,51.9251],[4.53723,51.92508],[4.54008,51.92489],[4.5417,51.92482],[4.54171,51.92473],[4.54192,51.92472]]]}},{"type":"Feature","id":"14448","properties":{},"geometry":{"type":"Polygon","coordinates":[[[4.54008,51.92489],[4.53723,51.92508],[4.53746,51.92558],[4.53709,51.92556],[4.53651,51.92558],[4.53616,51.92561],[4.5361,51.92568],[4.53552,51.92572],[4.53562,51.92616],[4.53583,51.92653],[4.53611,51.92677],[4.5366,51.92697],[4.53698,51.92723],[4.53713,51.9274],[4.53734,51.92777],[4.53801,51.92787],[4.53864,51.92797],[4.53863,51.92794],[4.53871,51.92794],[4.53871,51.92797],[4.53925,51.92806],[4.53926,51.92814],[4.53951,51.92818],[4.53957,51.92814],[4.53976,51.92819],[4.54063,51.92831],[4.54124,51.92843],[4.54274,51.92865],[4.54299,51.92869],[4.54298,51.92872],[4.54303,51.92873],[4.54304,51.9287],[4.54326,51.92874],[4.54323,51.92875],[4.54373,51.9288],[4.54458,51.92894],[4.54506,51.928],[4.5449,51.92788],[4.54491,51.92777],[4.545,51.92766],[4.54504,51.92763],[4.54516,51.92765],[4.5452,51.92756],[4.54626,51.92772],[4.54717,51.9263],[4.5471,51.92628],[4.5471,51.92623],[4.54776,51.92622],[4.54776,51.92584],[4.54785,51.92578],[4.54785,51.92557],[4.5478,51.92548],[4.54782,51.92518],[4.54774,51.92517],[4.54772,51.92506],[4.54735,51.92505],[4.54742,51.92503],[4.54743,51.9247],[4.54733,51.9247],[4.54382,51.92473],[4.542,51.9248],[4.54193,51.92477],[4.54192,51.92472],[4.54171,51.92473],[4.5417,51.92482],[4.54008,51.92489]]]}},{"type":"Feature","id":"14460","properties":{},"geometry":{"type":"Polygon","coordinates":[[[4.54214,51.9062],[4.54194,51.90615],[4.54188,51.90608],[4.54276,51.90482],[4.54297,51.90487],[4.5431,51.90484],[4.54303,51.90475],[4.54284,51.9047],[4.54339,51.90392],[4.54247,51.90378],[4.54198,51.90448],[4.54185,51.90444],[4.54177,51.90447],[4.54178,51.90454],[4.54192,51.90459],[4.54145,51.90519],[4.54052,51.90657],[4.53899,51.90875],[4.53879,51.90905],[4.53847,51.90896],[4.53789,51.90976],[4.53596,51.91207],[4.53563,51.91255],[4.53589,51.9126],[4.53552,51.91309],[4.5357,51.91306],[4.53553,51.91339],[4.53513,51.91364],[4.53528,51.91375],[4.53538,51.91369],[4.53527,51.91392],[4.53511,51.91394],[4.53474,51.91414],[4.53458,51.91429],[4.53448,51.91445],[4.53441,51.91472],[4.53442,51.91498],[4.53449,51.91518],[4.53466,51.91525],[4.53448,51.91569],[4.53565,51.9159],[4.53586,51.91565],[4.53614,51.9158],[4.53649,51.91559],[4.53701,51.91543],[4.53726,51.91538],[4.53822,51.91537],[4.53822,51.91534],[4.53823,51.91491],[4.53774,51.91483],[4.53744,51.91468],[4.53727,51.91449],[4.53716,51.91412],[4.53731,51.91355],[4.53833,51.9119],[4.53883,51.91198],[4.53922,51.9117],[4.53931,51.91157],[4.5393,51.91065],[4.54021,51.90944],[4.54021,51.90928],[4.54008,51.9091],[4.54214,51.9062]]]}},{"type":"Feature","id":"14461","properties":{},"geometry":{"type":"Polygon","coordinates":[[[4.55683,51.91039],[4.55555,51.91054],[4.55485,51.91046],[4.55304,51.91018],[4.55192,51.90984],[4.55187,51.90979],[4.55179,51.90976],[4.55173,51.90978],[4.55122,51.90961],[4.55105,51.90964],[4.55094,51.90932],[4.55117,51.90903],[4.55064,51.90883],[4.55053,51.90849],[4.55026,51.90851],[4.55014,51.90871],[4.54908,51.90844],[4.54798,51.90812],[4.5479,51.9081],[4.54778,51.90814],[4.54744,51.90805],[4.54776,51.90855],[4.54797,51.90857],[4.55015,51.91452],[4.55026,51.91482],[4.55217,51.91566],[4.55273,51.91593],[4.554,51.91662],[4.55394,51.91632],[4.55426,51.91651],[4.55403,51.91482],[4.55402,51.91478],[4.55617,51.91476],[4.5565,51.9148],[4.55679,51.91104],[4.55683,51.91039]]]}},{"type":"Feature","id":"14462","properties":{},"geometry":{"type":"Polygon","coordinates":[[[4.55053,51.90849],[4.55026,51.90851],[4.55014,51.90871],[4.54908,51.90844],[4.54798,51.90812],[4.5479,51.9081],[4.54778,51.90814],[4.54744,51.90805],[4.5474,51.90799],[4.54754,51.90797],[4.54744,51.90757],[4.54745,51.90738],[4.54751,51.90729],[4.5477,51.90717],[4.54729,51.90697],[4.54613,51.90658],[4.54613,51.90652],[4.54595,51.90653],[4.54402,51.90624],[4.544,51.90627],[4.54339,51.90622],[4.54326,51.90638],[4.54214,51.9062],[4.54194,51.90615],[4.54188,51.90608],[4.54276,51.90482],[4.54297,51.90487],[4.5431,51.90484],[4.54303,51.90475],[4.54284,51.9047],[4.54339,51.90392],[4.54924,51.90488],[4.55053,51.90849]]]}},{"type":"Feature","id":"14480","properties":{},"geometry":{"type":"Polygon","coordinates":[[[4.53668,51.93339],[4.53944,51.93384],[4.53946,51.9338],[4.5397,51.93384],[4.53975,51.93389],[4.54013,51.93395],[4.54009,51.93404],[4.54207,51.93435],[4.54211,51.93428],[4.54236,51.93432],[4.54161,51.93608],[4.54148,51.93628],[4.54143,51.93635],[4.54028,51.93678],[4.53993,51.937],[4.53971,51.93727],[4.53952,51.93769],[4.53946,51.93768],[4.53946,51.93774],[4.5394,51.93775],[4.53936,51.93784],[4.53943,51.93785],[4.53942,51.93787],[4.53927,51.93793],[4.53917,51.93814],[4.53609,51.93763],[4.53599,51.93763],[4.53592,51.93768],[4.53574,51.93758],[4.53495,51.93745],[4.53514,51.937],[4.53497,51.93697],[4.53484,51.9368],[4.53626,51.93339],[4.53641,51.93341],[4.53646,51.93335],[4.53668,51.93339]]]}},{"type":"Feature","id":"14481","properties":{},"geometry":{"type":"Polygon","coordinates":[[[4.54849,51.93661],[4.54745,51.93899],[4.54751,51.939],[4.54731,51.93947],[4.54689,51.9394],[4.54672,51.93937],[4.54663,51.93938],[4.54334,51.93885],[4.54332,51.93882],[4.54292,51.93875],[4.53934,51.93817],[4.53917,51.93814],[4.53927,51.93793],[4.53942,51.93787],[4.53943,51.93785],[4.53936,51.93784],[4.5394,51.93775],[4.53946,51.93774],[4.53946,51.93768],[4.53952,51.93769],[4.53971,51.93727],[4.53993,51.937],[4.54028,51.93678],[4.54143,51.93635],[4.54148,51.93628],[4.54176,51.93632],[4.54175,51.93638],[4.54415,51.93675],[4.54463,51.93562],[4.54476,51.93565],[4.54479,51.93559],[4.54782,51.93609],[4.54825,51.93612],[4.54827,51.93618],[4.54841,51.93625],[4.5485,51.93635],[4.54859,51.93637],[4.54849,51.93661]]]}},{"type":"Feature","id":"14482","properties":{},"geometry":{"type":"Polygon","coordinates":[[[4.55211,51.93719],[4.55155,51.93841],[4.55105,51.93966],[4.551,51.93972],[4.55094,51.9397],[4.55081,51.93981],[4.55074,51.94002],[4.54731,51.93947],[4.54751,51.939],[4.54745,51.93899],[4.54849,51.93661],[4.55211,51.93719]]]}},{"type":"Feature","id":"14483","properties":{},"geometry":{"type":"Polygon","coordinates":[[[4.55711,51.93723],[4.55697,51.93721],[4.55712,51.93686],[4.55739,51.9369],[4.55748,51.93676],[4.55742,51.93675],[4.55744,51.93668],[4.55801,51.93535],[4.55828,51.93534],[4.55841,51.93519],[4.55812,51.93511],[4.55814,51.93506],[4.55805,51.93503],[4.55362,51.93431],[4.55349,51.93427],[4.55223,51.93721],[4.55211,51.93719],[4.55155,51.93841],[4.55105,51.93966],[4.551,51.93972],[4.55094,51.9397],[4.55081,51.93981],[4.55074,51.94002],[4.5509,51.94007],[4.55559,51.94081],[4.55575,51.94049],[4.55572,51.94043],[4.55579,51.94036],[4.55686,51.93786],[4.55711,51.93723]]]}},{"type":"Feature","id":"14484","properties":{},"geometry":{"type":"Polygon","coordinates":[[[4.54965,51.93168],[4.54965,51.93178],[4.54956,51.93201],[4.54952,51.93201],[4.54783,51.93598],[4.54786,51.93598],[4.54782,51.93609],[4.54479,51.93559],[4.54476,51.93565],[4.54463,51.93562],[4.54493,51.93491],[4.5449,51.9349],[4.54493,51.93483],[4.54497,51.93483],[4.54635,51.93159],[4.54656,51.93109],[4.54836,51.93139],[4.54834,51.93147],[4.54965,51.93168]]]}},{"type":"Feature","id":"14485","properties":{},"geometry":{"type":"Polygon","coordinates":[[[4.54656,51.93109],[4.54836,51.93139],[4.54865,51.93064],[4.54876,51.9305],[4.54906,51.92978],[4.54916,51.92965],[4.54464,51.92895],[4.54458,51.92909],[4.54453,51.92908],[4.54421,51.92983],[4.54426,51.92984],[4.54378,51.93097],[4.54236,51.93432],[4.54161,51.93608],[4.54148,51.93628],[4.54176,51.93632],[4.54175,51.93638],[4.54415,51.93675],[4.54463,51.93562],[4.54493,51.93491],[4.5449,51.9349],[4.54493,51.93483],[4.54497,51.93483],[4.54635,51.93159],[4.54656,51.93109]]]}},{"type":"Feature","id":"14486","properties":{},"geometry":{"type":"Polygon","coordinates":[[[4.55293,51.93212],[4.55325,51.93139],[4.55339,51.93086],[4.55343,51.93087],[4.55368,51.93035],[4.55364,51.93034],[4.54916,51.92965],[4.54906,51.92978],[4.54876,51.9305],[4.54865,51.93064],[4.54836,51.93139],[4.54834,51.93147],[4.54965,51.93168],[4.54965,51.93178],[4.54956,51.93201],[4.54952,51.93201],[4.54783,51.93598],[4.54786,51.93598],[4.54782,51.93609],[4.54825,51.93612],[4.54827,51.93618],[4.54841,51.93625],[4.5485,51.93635],[4.54859,51.93637],[4.54849,51.93661],[4.55211,51.93719],[4.55223,51.93721],[4.55349,51.93427],[4.55424,51.9325],[4.55419,51.93242],[4.55286,51.9322],[4.55293,51.93212]]]}},{"type":"Feature","id":"14487","properties":{},"geometry":{"type":"Polygon","coordinates":[[[4.56015,51.93133],[4.55368,51.93035],[4.55343,51.93087],[4.55339,51.93086],[4.55325,51.93139],[4.55293,51.93212],[4.55286,51.9322],[4.55419,51.93242],[4.55424,51.9325],[4.55349,51.93427],[4.55362,51.93431],[4.55805,51.93503],[4.55814,51.93506],[4.55812,51.93511],[4.55841,51.93519],[4.55828,51.93534],[4.55801,51.93535],[4.55744,51.93668],[4.55742,51.93675],[4.55748,51.93676],[4.55783,51.93632],[4.5583,51.93592],[4.55914,51.9354],[4.55912,51.93539],[4.55928,51.9353],[4.55922,51.93528],[4.55968,51.93504],[4.55971,51.93507],[4.55996,51.93492],[4.55992,51.93489],[4.55996,51.93487],[4.56011,51.93483],[4.56014,51.93492],[4.56018,51.93495],[4.56023,51.93493],[4.56039,51.93506],[4.56041,51.93515],[4.56045,51.93513],[4.56047,51.93516],[4.56043,51.93517],[4.5607,51.93537],[4.56079,51.93555],[4.56102,51.93569],[4.56151,51.93587],[4.56245,51.93601],[4.56265,51.93606],[4.56439,51.93195],[4.5639,51.93186],[4.56391,51.93182],[4.56373,51.93176],[4.56279,51.93161],[4.56274,51.93174],[4.56049,51.93138],[4.56014,51.93135],[4.56015,51.93133]]]}},{"type":"Feature","id":"14488","properties":{},"geometry":{"type":"Polygon","coordinates":[[[4.53925,51.92806],[4.53871,51.92797],[4.53871,51.92794],[4.53863,51.92794],[4.53864,51.92797],[4.53801,51.92787],[4.53805,51.92812],[4.53762,51.92805],[4.53749,51.9294],[4.53714,51.93099],[4.53671,51.93229],[4.53637,51.93314],[4.5365,51.93316],[4.53653,51.93317],[4.53651,51.93323],[4.53673,51.93326],[4.53668,51.93339],[4.53944,51.93384],[4.53946,51.9338],[4.5397,51.93384],[4.53975,51.93389],[4.54013,51.93395],[4.54009,51.93404],[4.54207,51.93435],[4.54211,51.93428],[4.54236,51.93432],[4.54378,51.93097],[4.54426,51.92984],[4.54421,51.92983],[4.54453,51.92908],[4.54458,51.92909],[4.54464,51.92895],[4.54458,51.92894],[4.54373,51.9288],[4.54323,51.92875],[4.54326,51.92874],[4.54304,51.9287],[4.54303,51.92873],[4.54298,51.92872],[4.54299,51.92869],[4.54274,51.92865],[4.54124,51.92843],[4.54063,51.92831],[4.53976,51.92819],[4.53957,51.92814],[4.53951,51.92818],[4.53926,51.92814],[4.53925,51.92806]]]}},{"type":"Feature","id":"14490","properties":{},"geometry":{"type":"Polygon","coordinates":[[[4.53475,51.94608],[4.53465,51.94602],[4.53463,51.94591],[4.53435,51.94584],[4.53429,51.94587],[4.53165,51.94528],[4.53152,51.94559],[4.53047,51.94541],[4.53019,51.94547],[4.53007,51.94556],[4.53019,51.94532],[4.52977,51.94526],[4.52966,51.94556],[4.5296,51.94556],[4.52947,51.94591],[4.52958,51.94593],[4.52938,51.94637],[4.52837,51.94622],[4.52831,51.94635],[4.52897,51.94647],[4.52906,51.9465],[4.52932,51.94692],[4.5298,51.94726],[4.52977,51.94734],[4.52896,51.94805],[4.52875,51.94829],[4.52949,51.94839],[4.52872,51.94884],[4.52915,51.94901],[4.52985,51.94907],[4.53115,51.94931],[4.53257,51.94949],[4.5327,51.9495],[4.53274,51.94945],[4.53684,51.95001],[4.54143,51.95064],[4.54166,51.94999],[4.54228,51.94855],[4.54286,51.94865],[4.543,51.9483],[4.54293,51.94817],[4.54312,51.948],[4.54338,51.94746],[4.54236,51.94728],[4.54213,51.94727],[4.54065,51.94705],[4.53906,51.94677],[4.53834,51.94666],[4.53475,51.94608]]]}},{"type":"Feature","id":"14491","properties":{},"geometry":{"type":"Polygon","coordinates":[[[4.54391,51.94758],[4.54382,51.94751],[4.54386,51.94739],[4.5436,51.94735],[4.54354,51.94744],[4.54338,51.94746],[4.54312,51.948],[4.54293,51.94817],[4.543,51.9483],[4.54286,51.94865],[4.54228,51.94855],[4.54166,51.94999],[4.54143,51.95064],[4.53684,51.95001],[4.53274,51.94945],[4.5327,51.9495],[4.53257,51.94949],[4.53249,51.94997],[4.53258,51.95008],[4.5332,51.95035],[4.53409,51.95068],[4.53484,51.9509],[4.53598,51.95116],[4.53758,51.95146],[4.53918,51.95171],[4.5455,51.95255],[4.55035,51.95312],[4.55041,51.95313],[4.55045,51.95307],[4.55098,51.95185],[4.55104,51.95171],[4.5512,51.95133],[4.55115,51.95128],[4.55155,51.95033],[4.55145,51.95028],[4.55156,51.95007],[4.55169,51.94956],[4.55163,51.94933],[4.55175,51.94929],[4.55191,51.94888],[4.5513,51.94878],[4.55118,51.94879],[4.54734,51.9482],[4.54391,51.94758]]]}},{"type":"Feature","id":"14492","properties":{},"geometry":{"type":"Polygon","coordinates":[[[4.53562,51.94084],[4.53521,51.94077],[4.53517,51.94082],[4.53519,51.94077],[4.53472,51.94064],[4.53339,51.94042],[4.53328,51.94063],[4.53195,51.94331],[4.53084,51.9451],[4.53165,51.94528],[4.53429,51.94587],[4.53435,51.94584],[4.53463,51.94591],[4.53465,51.94602],[4.53475,51.94608],[4.53834,51.94666],[4.53906,51.94677],[4.53907,51.94674],[4.5394,51.94679],[4.53964,51.9462],[4.53953,51.94619],[4.53969,51.94596],[4.53959,51.9459],[4.53946,51.94588],[4.53949,51.94583],[4.53966,51.94586],[4.54001,51.94516],[4.54023,51.94463],[4.54032,51.94464],[4.54071,51.94373],[4.54058,51.94371],[4.54127,51.94211],[4.54136,51.94214],[4.54139,51.94196],[4.54165,51.94196],[4.5417,51.94184],[4.54169,51.94184],[4.53811,51.94124],[4.53562,51.94084]]]}},{"type":"Feature","id":"14493","properties":{},"geometry":{"type":"Polygon","coordinates":[[[4.53917,51.93814],[4.53609,51.93763],[4.53599,51.93763],[4.53592,51.93768],[4.53574,51.93758],[4.53495,51.93745],[4.53478,51.93742],[4.53476,51.93747],[4.53456,51.93744],[4.53348,51.94012],[4.53356,51.94012],[4.53339,51.94042],[4.53472,51.94064],[4.53519,51.94077],[4.53517,51.94082],[4.53521,51.94077],[4.53562,51.94084],[4.53811,51.94124],[4.54169,51.94184],[4.5421,51.94086],[4.54202,51.94084],[4.54204,51.94079],[4.54262,51.93944],[4.54269,51.93946],[4.54288,51.93901],[4.54282,51.93899],[4.54292,51.93875],[4.53934,51.93817],[4.53917,51.93814]]]}},{"type":"Feature","id":"14494","properties":{},"geometry":{"type":"Polygon","coordinates":[[[4.54591,51.94179],[4.54689,51.9394],[4.54672,51.93937],[4.54663,51.93938],[4.54334,51.93885],[4.54332,51.93882],[4.54292,51.93875],[4.54282,51.93899],[4.54288,51.93901],[4.54269,51.93946],[4.54262,51.93944],[4.54204,51.94079],[4.54202,51.94084],[4.5421,51.94086],[4.54169,51.94184],[4.5417,51.94184],[4.54165,51.94196],[4.54139,51.94196],[4.54136,51.94214],[4.54127,51.94211],[4.54058,51.94371],[4.54071,51.94373],[4.54032,51.94464],[4.54023,51.94463],[4.54001,51.94516],[4.53966,51.94586],[4.53949,51.94583],[4.53946,51.94588],[4.53959,51.9459],[4.53969,51.94596],[4.53953,51.94619],[4.53964,51.9462],[4.5394,51.94679],[4.53907,51.94674],[4.53906,51.94677],[4.54065,51.94705],[4.54213,51.94727],[4.54236,51.94728],[4.54338,51.94746],[4.54354,51.94744],[4.5436,51.94735],[4.54427,51.94569],[4.54412,51.94567],[4.5446,51.94455],[4.54463,51.94455],[4.54466,51.9445],[4.54469,51.94451],[4.54506,51.94377],[4.54588,51.94186],[4.54584,51.94185],[4.54587,51.94178],[4.54591,51.94179]]]}},{"type":"Feature","id":"14495","properties":{},"geometry":{"type":"Polygon","coordinates":[[[4.55324,51.94633],[4.55384,51.94492],[4.55369,51.9449],[4.55368,51.94492],[4.55347,51.94489],[4.55348,51.94486],[4.55219,51.94465],[4.55218,51.94468],[4.55196,51.94464],[4.55197,51.94462],[4.55064,51.9444],[4.55063,51.94443],[4.55041,51.94439],[4.55042,51.94437],[4.54911,51.94416],[4.54871,51.94512],[4.5472,51.94488],[4.54721,51.94481],[4.54554,51.94453],[4.54521,51.9445],[4.54518,51.94458],[4.54469,51.94451],[4.54466,51.9445],[4.54463,51.94455],[4.5446,51.94455],[4.54412,51.94567],[4.54427,51.94569],[4.5436,51.94735],[4.54386,51.94739],[4.54382,51.94751],[4.54391,51.94758],[4.54734,51.9482],[4.55118,51.94879],[4.5513,51.94878],[4.55191,51.94888],[4.55194,51.94879],[4.55213,51.94872],[4.55217,51.94857],[4.5521,51.9485],[4.55196,51.94846],[4.55207,51.94821],[4.55238,51.94826],[4.55242,51.9482],[4.55324,51.94633]]]}},{"type":"Feature","id":"14496","properties":{},"geometry":{"type":"Polygon","coordinates":[[[4.54989,51.94233],[4.54981,51.94232],[4.55014,51.94154],[4.5502,51.94141],[4.55028,51.94142],[4.55074,51.94034],[4.5508,51.94035],[4.55085,51.94028],[4.5509,51.94007],[4.55074,51.94002],[4.54731,51.93947],[4.54689,51.9394],[4.54591,51.94179],[4.54587,51.94178],[4.54584,51.94185],[4.54588,51.94186],[4.54506,51.94377],[4.54469,51.94451],[4.54518,51.94458],[4.54521,51.9445],[4.54554,51.94453],[4.54721,51.94481],[4.5472,51.94488],[4.54871,51.94512],[4.54911,51.94416],[4.54966,51.94287],[4.54989,51.94233]]]}},{"type":"Feature","id":"14497","properties":{},"geometry":{"type":"Polygon","coordinates":[[[4.55559,51.94081],[4.5509,51.94007],[4.55085,51.94028],[4.5508,51.94035],[4.55074,51.94034],[4.55028,51.94142],[4.5502,51.94141],[4.55014,51.94154],[4.54981,51.94232],[4.54989,51.94233],[4.54966,51.94287],[4.54911,51.94416],[4.55042,51.94437],[4.55041,51.94439],[4.55063,51.94443],[4.55064,51.9444],[4.55197,51.94462],[4.55196,51.94464],[4.55218,51.94468],[4.55219,51.94465],[4.55348,51.94486],[4.55347,51.94489],[4.55368,51.94492],[4.55369,51.9449],[4.55384,51.94492],[4.55398,51.94466],[4.55399,51.94458],[4.55496,51.9423],[4.55559,51.94081]]]}},{"type":"Feature","id":"14630","properties":{},"geometry":{"type":"Polygon","coordinates":[[[4.53302,51.96351],[4.53291,51.96349],[4.5329,51.96343],[4.53258,51.96336],[4.531,51.96311],[4.53077,51.96309],[4.53075,51.96313],[4.5307,51.96313],[4.52987,51.96299],[4.52974,51.96301],[4.52937,51.96295],[4.52916,51.96357],[4.52851,51.96512],[4.52836,51.96528],[4.52809,51.96543],[4.52796,51.96544],[4.52773,51.96561],[4.52791,51.96572],[4.52806,51.96592],[4.52804,51.96634],[4.52811,51.96657],[4.52823,51.96673],[4.52843,51.96688],[4.52884,51.96705],[4.52984,51.96718],[4.53046,51.96733],[4.53112,51.96762],[4.53164,51.96777],[4.53227,51.96785],[4.53309,51.96787],[4.5337,51.96793],[4.53447,51.96807],[4.53485,51.96821],[4.53521,51.96843],[4.5354,51.96868],[4.53544,51.96919],[4.53538,51.97004],[4.53547,51.97026],[4.53569,51.97042],[4.53598,51.9705],[4.5363,51.97049],[4.53716,51.97022],[4.53846,51.96993],[4.53916,51.96984],[4.53967,51.96985],[4.53995,51.96989],[4.54031,51.97],[4.54213,51.97079],[4.54318,51.97114],[4.54403,51.97162],[4.54472,51.97191],[4.54563,51.97235],[4.54686,51.97269],[4.5475,51.9728],[4.54769,51.97281],[4.54808,51.97239],[4.54934,51.97172],[4.54966,51.97152],[4.54971,51.97144],[4.54982,51.9713],[4.54993,51.97123],[4.55425,51.9689],[4.55449,51.96886],[4.55476,51.96889],[4.55541,51.96882],[4.55638,51.96888],[4.55641,51.96881],[4.55655,51.9688],[4.55669,51.96872],[4.5565,51.96859],[4.55653,51.96852],[4.55562,51.96777],[4.55547,51.96768],[4.5553,51.96765],[4.55485,51.96765],[4.55481,51.9675],[4.55359,51.96728],[4.55351,51.96722],[4.55352,51.96685],[4.54579,51.96559],[4.54577,51.96558],[4.54468,51.9654],[4.54449,51.96538],[4.54447,51.96542],[4.54386,51.96532],[4.54295,51.96517],[4.54296,51.96513],[4.5429,51.96512],[4.54195,51.96496],[4.53803,51.96432],[4.53791,51.9643],[4.53358,51.9636],[4.53302,51.96351]]]}},{"type":"Feature","id":"14631","properties":{},"geometry":{"type":"Polygon","coordinates":[[[4.53086,51.95929],[4.53188,51.9569],[4.53189,51.95681],[4.53184,51.95672],[4.53175,51.95671],[4.53191,51.95633],[4.53206,51.95635],[4.53216,51.95626],[4.5323,51.95614],[4.52873,51.95556],[4.52867,51.9557],[4.5283,51.95564],[4.52824,51.95565],[4.52803,51.9556],[4.52797,51.95564],[4.52724,51.95553],[4.52699,51.95605],[4.52631,51.95748],[4.52554,51.95929],[4.52404,51.96302],[4.52365,51.96392],[4.52577,51.96478],[4.5265,51.96516],[4.52745,51.96549],[4.52773,51.96561],[4.52796,51.96544],[4.52809,51.96543],[4.52836,51.96528],[4.52851,51.96512],[4.52916,51.96357],[4.52937,51.96295],[4.53086,51.9593],[4.53086,51.95929]]]}},{"type":"Feature","id":"14632","properties":{},"geometry":{"type":"Polygon","coordinates":[[[4.53599,51.95692],[4.53594,51.95698],[4.53264,51.95644],[4.53261,51.95633],[4.53223,51.9563],[4.53216,51.95626],[4.53206,51.95635],[4.53191,51.95633],[4.53175,51.95671],[4.53184,51.95672],[4.53189,51.95681],[4.53188,51.9569],[4.53086,51.95929],[4.53086,51.9593],[4.52937,51.96295],[4.52974,51.96301],[4.52987,51.96299],[4.5307,51.96313],[4.53075,51.96313],[4.53077,51.96309],[4.531,51.96311],[4.53258,51.96336],[4.5329,51.96343],[4.53291,51.96349],[4.53302,51.96351],[4.53358,51.9636],[4.53791,51.9643],[4.53803,51.96432],[4.53817,51.96401],[4.53888,51.96413],[4.53915,51.96354],[4.53937,51.96327],[4.53972,51.96307],[4.54,51.96301],[4.54016,51.96302],[4.54021,51.96283],[4.53981,51.96277],[4.53982,51.96274],[4.53956,51.96265],[4.53946,51.96253],[4.53954,51.96213],[4.53963,51.96207],[4.53979,51.96174],[4.53957,51.9617],[4.53958,51.96168],[4.53942,51.96164],[4.53923,51.96149],[4.53914,51.96125],[4.53903,51.9611],[4.53922,51.96102],[4.53928,51.96087],[4.53941,51.96058],[4.53965,51.96065],[4.53999,51.95962],[4.53997,51.95956],[4.53967,51.95932],[4.53965,51.95922],[4.53998,51.95891],[4.54016,51.95886],[4.54018,51.9588],[4.54011,51.9587],[4.54029,51.95824],[4.54037,51.95816],[4.54104,51.95827],[4.54115,51.95801],[4.54106,51.95799],[4.54111,51.95782],[4.53663,51.95709],[4.53666,51.95703],[4.53599,51.95692]]]}},{"type":"Feature","id":"14633","properties":{},"geometry":{"type":"Polygon","coordinates":[[[4.54352,51.9582],[4.5432,51.95815],[4.54321,51.95811],[4.54272,51.95803],[4.5427,51.95808],[4.5423,51.95801],[4.54198,51.95795],[4.54199,51.95791],[4.54142,51.95782],[4.5414,51.95787],[4.54111,51.95782],[4.54106,51.95799],[4.54115,51.95801],[4.54104,51.95827],[4.54037,51.95816],[4.54029,51.95824],[4.54011,51.9587],[4.54018,51.9588],[4.54016,51.95886],[4.53998,51.95891],[4.53965,51.95922],[4.53967,51.95932],[4.53997,51.95956],[4.53999,51.95962],[4.53965,51.96065],[4.53941,51.96058],[4.53928,51.96087],[4.53922,51.96102],[4.53903,51.9611],[4.53914,51.96125],[4.53923,51.96149],[4.53942,51.96164],[4.53958,51.96168],[4.53957,51.9617],[4.53979,51.96174],[4.53963,51.96207],[4.53954,51.96213],[4.53946,51.96253],[4.53956,51.96265],[4.53982,51.96274],[4.53981,51.96277],[4.54021,51.96283],[4.54016,51.96302],[4.54,51.96301],[4.53972,51.96307],[4.53937,51.96327],[4.53915,51.96354],[4.53888,51.96413],[4.53817,51.96401],[4.53803,51.96432],[4.54195,51.96496],[4.5429,51.96512],[4.54296,51.96513],[4.54295,51.96517],[4.54386,51.96532],[4.54447,51.96542],[4.54449,51.96538],[4.54468,51.9654],[4.54577,51.96558],[4.54579,51.96559],[4.54598,51.96521],[4.54588,51.9652],[4.54619,51.96444],[4.54588,51.96438],[4.5459,51.96433],[4.54601,51.96429],[4.54615,51.96424],[4.54611,51.96418],[4.5463,51.96361],[4.54662,51.96314],[4.54677,51.96285],[4.54695,51.96242],[4.54683,51.96242],[4.54694,51.96216],[4.54899,51.96249],[4.54895,51.9626],[4.54899,51.96281],[4.54924,51.96278],[4.55089,51.96307],[4.55108,51.9631],[4.55113,51.96304],[4.55203,51.9632],[4.5521,51.96296],[4.55067,51.96274],[4.55019,51.96262],[4.54991,51.96251],[4.54954,51.96225],[4.54991,51.9621],[4.55026,51.96176],[4.54952,51.96166],[4.54924,51.96147],[4.54901,51.96105],[4.54895,51.9607],[4.54897,51.96031],[4.54921,51.95959],[4.54879,51.95952],[4.54904,51.95897],[4.54898,51.95894],[4.54863,51.95888],[4.54864,51.95886],[4.54785,51.95874],[4.54774,51.95872],[4.54772,51.95876],[4.54711,51.95872],[4.54663,51.95862],[4.54661,51.95866],[4.54491,51.95838],[4.54492,51.95835],[4.54448,51.95828],[4.54446,51.95833],[4.54437,51.95833],[4.54354,51.95816],[4.54352,51.9582]]]}},{"type":"Feature","id":"14634","properties":{},"geometry":{"type":"Polygon","coordinates":[[[4.55643,51.96076],[4.55653,51.96074],[4.55666,51.96046],[4.55661,51.96028],[4.55654,51.96021],[4.55626,51.96017],[4.55622,51.96022],[4.55591,51.96019],[4.55318,51.95974],[4.55315,51.95969],[4.55261,51.95961],[4.55258,51.95964],[4.55222,51.95959],[4.54965,51.95917],[4.54957,51.95915],[4.54961,51.95906],[4.54912,51.959],[4.54904,51.95897],[4.54879,51.95952],[4.54921,51.95959],[4.54897,51.96031],[4.54895,51.9607],[4.54901,51.96105],[4.54924,51.96147],[4.54952,51.96166],[4.55026,51.96176],[4.54991,51.9621],[4.54954,51.96225],[4.54991,51.96251],[4.55019,51.96262],[4.55067,51.96274],[4.5521,51.96296],[4.55203,51.9632],[4.55113,51.96304],[4.55108,51.9631],[4.55089,51.96307],[4.54924,51.96278],[4.54899,51.96281],[4.54895,51.9626],[4.54899,51.96249],[4.54694,51.96216],[4.54683,51.96242],[4.54695,51.96242],[4.54677,51.96285],[4.54662,51.96314],[4.5463,51.96361],[4.54611,51.96418],[4.54615,51.96424],[4.54601,51.96429],[4.5459,51.96433],[4.54588,51.96438],[4.54619,51.96444],[4.54588,51.9652],[4.54598,51.96521],[4.54579,51.96559],[4.55352,51.96685],[4.55385,51.9669],[4.55387,51.96688],[4.55389,51.96673],[4.55402,51.96658],[4.55394,51.96653],[4.55395,51.96648],[4.55495,51.96412],[4.55531,51.96327],[4.55547,51.9629],[4.55617,51.96126],[4.55643,51.96076]]]}},{"type":"Feature","id":"14635","properties":{},"geometry":{"type":"Polygon","coordinates":[[[4.55982,51.96104],[4.56,51.96109],[4.56002,51.96105],[4.55991,51.96101],[4.55999,51.96081],[4.56057,51.96057],[4.56049,51.96049],[4.56013,51.96023],[4.55994,51.96032],[4.55983,51.96028],[4.55935,51.9606],[4.55921,51.96065],[4.55654,51.96021],[4.55661,51.96028],[4.55666,51.96046],[4.55653,51.96074],[4.55643,51.96076],[4.55617,51.96126],[4.55547,51.9629],[4.55531,51.96327],[4.55495,51.96412],[4.55395,51.96648],[4.55394,51.96653],[4.55402,51.96658],[4.55389,51.96673],[4.55387,51.96688],[4.55385,51.9669],[4.55352,51.96685],[4.55351,51.96722],[4.55359,51.96728],[4.55481,51.9675],[4.55485,51.96765],[4.5553,51.96765],[4.55547,51.96768],[4.55562,51.96777],[4.55653,51.96852],[4.55656,51.96846],[4.55659,51.96847],[4.5567,51.96842],[4.55748,51.96657],[4.55828,51.96469],[4.55838,51.96434],[4.5585,51.96412],[4.55982,51.96104]]]}},{"type":"Feature","id":"14636","properties":{},"geometry":{"type":"Polygon","coordinates":[[[4.54141,51.95505],[4.54169,51.95441],[4.54218,51.95326],[4.54221,51.95277],[4.53937,51.95242],[4.53731,51.95226],[4.53561,51.95221],[4.53445,51.9522],[4.53375,51.95223],[4.53376,51.95234],[4.53345,51.95236],[4.5327,51.95245],[4.53191,51.95262],[4.53111,51.95283],[4.53064,51.95302],[4.52983,51.95351],[4.52934,51.95389],[4.52891,51.95433],[4.52864,51.95469],[4.52765,51.95453],[4.52724,51.95553],[4.52797,51.95564],[4.52803,51.9556],[4.52824,51.95565],[4.5283,51.95564],[4.52867,51.9557],[4.52873,51.95556],[4.5323,51.95614],[4.53216,51.95626],[4.53223,51.9563],[4.53261,51.95633],[4.53264,51.95644],[4.53594,51.95698],[4.53599,51.95692],[4.53666,51.95703],[4.53663,51.95709],[4.54111,51.95782],[4.5414,51.95787],[4.54142,51.95782],[4.54238,51.95557],[4.54121,51.95536],[4.54125,51.95524],[4.54134,51.95504],[4.54141,51.95505]]]}},{"type":"Feature","id":"14637","properties":{},"geometry":{"type":"Polygon","coordinates":[[[4.54912,51.95593],[4.54933,51.95542],[4.54971,51.95497],[4.55007,51.95384],[4.54221,51.95277],[4.54218,51.95326],[4.54169,51.95441],[4.54141,51.95505],[4.54134,51.95504],[4.54125,51.95524],[4.54121,51.95536],[4.54238,51.95557],[4.54142,51.95782],[4.54199,51.95791],[4.54198,51.95795],[4.5423,51.95801],[4.5427,51.95808],[4.54272,51.95803],[4.54321,51.95811],[4.5432,51.95815],[4.54352,51.9582],[4.54354,51.95816],[4.54437,51.95833],[4.54446,51.95833],[4.54448,51.95828],[4.54492,51.95835],[4.54491,51.95838],[4.54661,51.95866],[4.54663,51.95862],[4.54711,51.95872],[4.54772,51.95876],[4.54774,51.95872],[4.54785,51.95874],[4.54854,51.95765],[4.54885,51.95693],[4.54895,51.95664],[4.54891,51.95663],[4.54902,51.95623],[4.54907,51.95616],[4.54912,51.95593]]]}},{"type":"Feature","id":"14638","properties":{},"geometry":{"type":"Polygon","coordinates":[[[4.56241,51.95472],[4.55986,51.95432],[4.55565,51.95379],[4.55213,51.95333],[4.55141,51.9533],[4.55131,51.95354],[4.55026,51.95339],[4.55008,51.95381],[4.55007,51.95384],[4.54971,51.95497],[4.54933,51.95542],[4.54912,51.95593],[4.54907,51.95616],[4.54902,51.95623],[4.54891,51.95663],[4.54895,51.95664],[4.54885,51.95693],[4.54854,51.95765],[4.54785,51.95874],[4.54864,51.95886],[4.54863,51.95888],[4.54898,51.95894],[4.54904,51.95897],[4.54912,51.959],[4.54961,51.95906],[4.54957,51.95915],[4.54965,51.95917],[4.55222,51.95959],[4.55258,51.95964],[4.55261,51.95961],[4.55315,51.95969],[4.55318,51.95974],[4.55591,51.96019],[4.55622,51.96022],[4.55626,51.96017],[4.55654,51.96021],[4.55921,51.96065],[4.55935,51.9606],[4.55983,51.96028],[4.55994,51.96032],[4.56013,51.96023],[4.56019,51.9602],[4.56024,51.96],[4.56018,51.95999],[4.56159,51.95665],[4.56155,51.95665],[4.56168,51.95636],[4.56241,51.95472]]]}},{"type":"Feature","id":"14639","properties":{},"geometry":{"type":"Polygon","coordinates":[[[4.53257,51.94949],[4.53249,51.94997],[4.53258,51.95008],[4.5332,51.95035],[4.53409,51.95068],[4.53484,51.9509],[4.53598,51.95116],[4.53758,51.95146],[4.53918,51.95171],[4.5455,51.95255],[4.55035,51.95312],[4.55026,51.95339],[4.55008,51.95381],[4.55007,51.95384],[4.54221,51.95277],[4.53937,51.95242],[4.53731,51.95226],[4.53561,51.95221],[4.53445,51.9522],[4.53375,51.95223],[4.53376,51.95234],[4.53345,51.95236],[4.5327,51.95245],[4.53191,51.95262],[4.53111,51.95283],[4.53064,51.95302],[4.52983,51.95351],[4.52934,51.95389],[4.52891,51.95433],[4.52864,51.95469],[4.52765,51.95453],[4.52868,51.9521],[4.52882,51.95214],[4.5289,51.95209],[4.52847,51.95199],[4.52815,51.95186],[4.52782,51.95168],[4.52755,51.95147],[4.52736,51.95126],[4.52723,51.95103],[4.52714,51.95076],[4.52715,51.95044],[4.52726,51.95013],[4.52755,51.94977],[4.52789,51.94947],[4.52835,51.94916],[4.52825,51.94921],[4.52814,51.94909],[4.52854,51.94892],[4.52872,51.94884],[4.52915,51.94901],[4.52985,51.94907],[4.53115,51.94931],[4.53257,51.94949]]]}},{"type":"Feature","id":"14660","properties":{},"geometry":{"type":"Polygon","coordinates":[[[4.56301,51.96799],[4.56298,51.96798],[4.5634,51.96758],[4.5634,51.96754],[4.56351,51.96746],[4.56345,51.96743],[4.56351,51.96738],[4.56362,51.96739],[4.56413,51.96697],[4.56452,51.96701],[4.5649,51.96612],[4.56481,51.9661],[4.565,51.96568],[4.56492,51.96557],[4.56499,51.96556],[4.56503,51.96552],[4.56501,51.96545],[4.56494,51.96542],[4.56502,51.96539],[4.56504,51.96534],[4.56291,51.96507],[4.56289,51.96504],[4.56229,51.96496],[4.56216,51.96502],[4.56214,51.96508],[4.56199,51.96506],[4.56202,51.96497],[4.55983,51.96465],[4.55838,51.96434],[4.55828,51.96469],[4.55748,51.96657],[4.5567,51.96842],[4.55659,51.96847],[4.55822,51.96912],[4.56041,51.96957],[4.56067,51.96969],[4.56075,51.96978],[4.56078,51.97001],[4.5619,51.96908],[4.56266,51.96843],[4.56251,51.96838],[4.56301,51.96799]]]}},{"type":"Feature","id":"14661","properties":{},"geometry":{"type":"Polygon","coordinates":[[[4.56706,51.96313],[4.56688,51.96305],[4.56579,51.96254],[4.56567,51.96264],[4.56501,51.96231],[4.56496,51.96221],[4.56516,51.96204],[4.5648,51.96185],[4.56484,51.9618],[4.56479,51.96169],[4.56138,51.96018],[4.56091,51.96016],[4.56091,51.96021],[4.56066,51.96043],[4.56049,51.96049],[4.56057,51.96057],[4.55999,51.96081],[4.55991,51.96101],[4.56002,51.96105],[4.56,51.96109],[4.55982,51.96104],[4.5585,51.96412],[4.55838,51.96434],[4.55983,51.96465],[4.56202,51.96497],[4.56199,51.96506],[4.56214,51.96508],[4.56216,51.96502],[4.56229,51.96496],[4.56289,51.96504],[4.56291,51.96507],[4.56504,51.96534],[4.56531,51.96537],[4.56859,51.96569],[4.56859,51.96566],[4.5688,51.96568],[4.56879,51.96571],[4.56997,51.96583],[4.57119,51.96592],[4.57129,51.96585],[4.57156,51.96589],[4.5716,51.96586],[4.57236,51.96606],[4.57249,51.96595],[4.57179,51.96563],[4.57195,51.9655],[4.57168,51.96536],[4.57165,51.96539],[4.5715,51.96532],[4.57166,51.96518],[4.57164,51.96517],[4.57159,51.9652],[4.57096,51.96492],[4.57087,51.96499],[4.56704,51.96326],[4.56695,51.96322],[4.56706,51.96313]]]}},{"type":"Feature","id":"14662","properties":{},"geometry":{"type":"Polygon","coordinates":[[[4.5668,51.95788],[4.56437,51.95992],[4.56205,51.95887],[4.5629,51.95686],[4.56159,51.95665],[4.56018,51.95999],[4.56024,51.96],[4.56019,51.9602],[4.56013,51.96023],[4.56049,51.96049],[4.56066,51.96043],[4.56091,51.96021],[4.56091,51.96016],[4.56138,51.96018],[4.56479,51.96169],[4.56484,51.9618],[4.5648,51.96185],[4.56516,51.96204],[4.56496,51.96221],[4.56501,51.96231],[4.56567,51.96264],[4.56579,51.96254],[4.56688,51.96305],[4.56706,51.96313],[4.56695,51.96322],[4.56704,51.96326],[4.56772,51.96268],[4.56797,51.96266],[4.56799,51.96272],[4.56915,51.96324],[4.56943,51.96322],[4.56949,51.96317],[4.56986,51.96333],[4.57067,51.96325],[4.57066,51.96313],[4.57094,51.96305],[4.57183,51.96297],[4.57205,51.96303],[4.57354,51.96177],[4.5739,51.96193],[4.57398,51.96191],[4.57412,51.96179],[4.57431,51.9616],[4.57395,51.96141],[4.57451,51.96096],[4.57154,51.95956],[4.5692,51.95855],[4.56801,51.95808],[4.56789,51.95819],[4.56759,51.9581],[4.5668,51.95788]]]}},{"type":"Feature","id":"14663","properties":{},"geometry":{"type":"Polygon","coordinates":[[[4.56971,51.96884],[4.57049,51.967],[4.57056,51.967],[4.57068,51.96671],[4.57089,51.96674],[4.57092,51.96667],[4.57076,51.96665],[4.57078,51.96661],[4.57081,51.96662],[4.57098,51.96621],[4.57102,51.96622],[4.57106,51.96604],[4.57113,51.96603],[4.57119,51.96592],[4.56997,51.96583],[4.56879,51.96571],[4.5688,51.96568],[4.56859,51.96566],[4.56859,51.96569],[4.56531,51.96537],[4.56504,51.96534],[4.56502,51.96539],[4.56494,51.96542],[4.56501,51.96545],[4.56503,51.96552],[4.56499,51.96556],[4.56492,51.96557],[4.565,51.96568],[4.56481,51.9661],[4.5649,51.96612],[4.56452,51.96701],[4.56413,51.96697],[4.56362,51.96739],[4.56351,51.96738],[4.56345,51.96743],[4.56351,51.96746],[4.5634,51.96754],[4.5634,51.96758],[4.56298,51.96798],[4.56301,51.96799],[4.56251,51.96838],[4.56266,51.96843],[4.5619,51.96908],[4.56078,51.97001],[4.56073,51.97011],[4.56122,51.9702],[4.5614,51.97028],[4.5611,51.97053],[4.56165,51.97076],[4.56113,51.9712],[4.56159,51.9714],[4.56144,51.97152],[4.56241,51.97193],[4.5629,51.97152],[4.56337,51.97173],[4.56321,51.97186],[4.56415,51.9717],[4.56433,51.97153],[4.56538,51.97128],[4.56567,51.97134],[4.56574,51.97147],[4.56694,51.97119],[4.56865,51.97156],[4.57028,51.97202],[4.57091,51.97207],[4.5716,51.97149],[4.57175,51.97119],[4.57014,51.97089],[4.56953,51.97061],[4.56958,51.97051],[4.57006,51.97073],[4.57077,51.96907],[4.56965,51.96889],[4.56971,51.96884]]]}},{"type":"Feature","id":"14664","properties":{},"geometry":{"type":"Polygon","coordinates":[[[4.57398,51.96191],[4.5739,51.96193],[4.57354,51.96177],[4.57205,51.96303],[4.57183,51.96297],[4.57094,51.96305],[4.57066,51.96313],[4.57067,51.96325],[4.56986,51.96333],[4.56949,51.96317],[4.56943,51.96322],[4.56915,51.96324],[4.56799,51.96272],[4.56797,51.96266],[4.56772,51.96268],[4.56704,51.96326],[4.57087,51.96499],[4.57096,51.96492],[4.57159,51.9652],[4.57164,51.96517],[4.57166,51.96518],[4.5715,51.96532],[4.57165,51.96539],[4.57168,51.96536],[4.57195,51.9655],[4.57222,51.96562],[4.57232,51.96553],[4.57754,51.96788],[4.57761,51.96788],[4.57778,51.96796],[4.57794,51.96803],[4.57787,51.96809],[4.57813,51.96819],[4.57827,51.96803],[4.57835,51.96801],[4.57848,51.96806],[4.57873,51.96782],[4.57865,51.96777],[4.57905,51.96743],[4.57865,51.96725],[4.57868,51.96722],[4.57777,51.96683],[4.57807,51.96655],[4.57822,51.96661],[4.57827,51.96658],[4.57957,51.96545],[4.57992,51.9652],[4.57979,51.96514],[4.57985,51.96494],[4.58,51.96469],[4.58038,51.96376],[4.57451,51.96096],[4.57395,51.96141],[4.57431,51.9616],[4.57412,51.96179],[4.57398,51.96191]]]}},{"type":"Feature","id":"14665","properties":{},"geometry":{"type":"Polygon","coordinates":[[[4.57536,51.9704],[4.57694,51.96907],[4.577,51.96894],[4.57732,51.96867],[4.57754,51.96854],[4.57761,51.96859],[4.57776,51.96847],[4.57781,51.96841],[4.57775,51.96838],[4.57791,51.96824],[4.57777,51.96818],[4.57787,51.96809],[4.57794,51.96803],[4.57778,51.96796],[4.57761,51.96788],[4.57754,51.96788],[4.57232,51.96553],[4.57222,51.96562],[4.57195,51.9655],[4.57179,51.96563],[4.57249,51.96595],[4.57236,51.96606],[4.5716,51.96586],[4.57156,51.96589],[4.57129,51.96585],[4.57119,51.96592],[4.57113,51.96603],[4.57106,51.96604],[4.57102,51.96622],[4.57098,51.96621],[4.57081,51.96662],[4.57078,51.96661],[4.57076,51.96665],[4.57092,51.96667],[4.57089,51.96674],[4.57068,51.96671],[4.57056,51.967],[4.57049,51.967],[4.56971,51.96884],[4.56965,51.96889],[4.57077,51.96907],[4.57006,51.97073],[4.56958,51.97051],[4.56953,51.97061],[4.57014,51.97089],[4.57175,51.97119],[4.57248,51.97131],[4.57304,51.97084],[4.57418,51.96988],[4.57536,51.9704]]]}},{"type":"Feature","id":"14666","properties":{},"geometry":{"type":"Polygon","coordinates":[[[4.57813,51.96819],[4.57787,51.96809],[4.57777,51.96818],[4.57791,51.96824],[4.57775,51.96838],[4.57781,51.96841],[4.57776,51.96847],[4.57761,51.96859],[4.57754,51.96854],[4.57732,51.96867],[4.577,51.96894],[4.57694,51.96907],[4.57536,51.9704],[4.57418,51.96988],[4.57304,51.97084],[4.57248,51.97131],[4.57175,51.97119],[4.5716,51.97149],[4.57091,51.97207],[4.5716,51.97212],[4.57191,51.97187],[4.57436,51.97288],[4.57409,51.97311],[4.57854,51.97554],[4.57864,51.97544],[4.57966,51.97458],[4.57934,51.97443],[4.57942,51.97436],[4.58078,51.9732],[4.58084,51.97321],[4.58083,51.97324],[4.58087,51.9732],[4.58082,51.97318],[4.58102,51.97305],[4.58108,51.97296],[4.58088,51.97287],[4.58309,51.971],[4.58301,51.97096],[4.5831,51.97089],[4.58318,51.97093],[4.58334,51.9708],[4.58301,51.97065],[4.57968,51.96914],[4.57974,51.96909],[4.57961,51.96903],[4.57974,51.96892],[4.57813,51.96819]]]}},{"type":"Feature","id":"14667","properties":{},"geometry":{"type":"Polygon","coordinates":[[[4.57974,51.96892],[4.57813,51.96819],[4.57827,51.96803],[4.57835,51.96801],[4.57848,51.96806],[4.57873,51.96782],[4.57865,51.96777],[4.57905,51.96743],[4.57865,51.96725],[4.57868,51.96722],[4.57777,51.96683],[4.57807,51.96655],[4.57822,51.96661],[4.57827,51.96658],[4.57957,51.96545],[4.57992,51.9652],[4.57979,51.96514],[4.57985,51.96494],[4.58,51.96469],[4.58038,51.96376],[4.58159,51.96433],[4.58148,51.96442],[4.58381,51.96549],[4.5825,51.96658],[4.57974,51.96892]]]}},{"type":"Feature","id":"14670","properties":{},"geometry":{"type":"Polygon","coordinates":[[[4.56411,51.95077],[4.56073,51.95026],[4.56065,51.95022],[4.55961,51.95006],[4.55909,51.95001],[4.55703,51.94968],[4.55618,51.95175],[4.55612,51.95175],[4.55601,51.95206],[4.55561,51.95203],[4.55558,51.95214],[4.55462,51.95209],[4.5545,51.95208],[4.5545,51.95206],[4.55246,51.9519],[4.5524,51.95182],[4.55227,51.95181],[4.55226,51.95186],[4.55181,51.95182],[4.5518,51.95184],[4.55104,51.95171],[4.55098,51.95185],[4.55045,51.95307],[4.55041,51.95313],[4.55035,51.95312],[4.55026,51.95339],[4.55131,51.95354],[4.55141,51.9533],[4.55213,51.95333],[4.55565,51.95379],[4.55986,51.95432],[4.56241,51.95472],[4.56316,51.95295],[4.56411,51.95077]]]}},{"type":"Feature","id":"14671","properties":{},"geometry":{"type":"Polygon","coordinates":[[[4.55746,51.94613],[4.55746,51.94604],[4.55696,51.94553],[4.55652,51.94505],[4.55562,51.9449],[4.55552,51.9449],[4.55553,51.94488],[4.55532,51.94485],[4.55531,51.94489],[4.55524,51.94488],[4.55507,51.9448],[4.55504,51.94472],[4.55399,51.94458],[4.55398,51.94466],[4.55384,51.94492],[4.55324,51.94633],[4.55242,51.9482],[4.55238,51.94826],[4.55207,51.94821],[4.55196,51.94846],[4.5521,51.9485],[4.55217,51.94857],[4.55213,51.94872],[4.55194,51.94879],[4.55191,51.94888],[4.55175,51.94929],[4.55163,51.94933],[4.55169,51.94956],[4.55156,51.95007],[4.55145,51.95028],[4.55155,51.95033],[4.55115,51.95128],[4.5512,51.95133],[4.55104,51.95171],[4.5518,51.95184],[4.55181,51.95182],[4.55226,51.95186],[4.55227,51.95181],[4.5524,51.95182],[4.55246,51.9519],[4.5545,51.95206],[4.5545,51.95208],[4.55462,51.95209],[4.55558,51.95214],[4.55561,51.95203],[4.55601,51.95206],[4.55612,51.95175],[4.55618,51.95175],[4.55703,51.94968],[4.55909,51.95001],[4.55961,51.95006],[4.55959,51.94996],[4.5596,51.94992],[4.55964,51.94993],[4.55967,51.94984],[4.55948,51.94979],[4.56014,51.94821],[4.55784,51.94784],[4.55755,51.94781],[4.5575,51.94776],[4.55752,51.9477],[4.55744,51.94769],[4.5578,51.94684],[4.55791,51.94659],[4.55746,51.94613]]]}},{"type":"Feature","id":"14672","properties":{},"geometry":{"type":"Polygon","coordinates":[[[4.55855,51.94499],[4.55857,51.94501],[4.55871,51.94493],[4.55939,51.94472],[4.55943,51.94467],[4.56001,51.9445],[4.55998,51.94447],[4.56021,51.94439],[4.56019,51.94436],[4.56028,51.94433],[4.56027,51.94427],[4.56074,51.94421],[4.56123,51.94425],[4.56157,51.9436],[4.5618,51.94297],[4.56196,51.94298],[4.56195,51.94301],[4.5623,51.94306],[4.56232,51.94301],[4.5626,51.94305],[4.56264,51.94287],[4.56269,51.94285],[4.56274,51.94273],[4.5627,51.94273],[4.56273,51.94266],[4.56277,51.94267],[4.56289,51.9425],[4.56298,51.9425],[4.56301,51.94243],[4.56282,51.94238],[4.56301,51.94193],[4.56294,51.94192],[4.56319,51.94131],[4.56059,51.94091],[4.56059,51.94093],[4.5604,51.9409],[4.56032,51.94084],[4.56018,51.94085],[4.55958,51.94077],[4.5596,51.94072],[4.55905,51.94062],[4.55903,51.94068],[4.55877,51.94064],[4.55871,51.94066],[4.55868,51.94072],[4.55872,51.94073],[4.55863,51.94094],[4.55859,51.94094],[4.55856,51.94102],[4.55847,51.94105],[4.55849,51.94118],[4.55829,51.94115],[4.55827,51.94124],[4.55798,51.9412],[4.55795,51.94125],[4.55762,51.94121],[4.55752,51.94118],[4.55712,51.94113],[4.55689,51.94108],[4.5569,51.94105],[4.55559,51.94081],[4.55496,51.9423],[4.55399,51.94458],[4.55504,51.94472],[4.55507,51.9448],[4.55524,51.94488],[4.55531,51.94489],[4.55532,51.94485],[4.55553,51.94488],[4.55552,51.9449],[4.55562,51.9449],[4.55652,51.94505],[4.55696,51.94553],[4.55783,51.9452],[4.55815,51.94512],[4.55855,51.94499]]]}},{"type":"Feature","id":"14673","properties":{},"geometry":{"type":"Polygon","coordinates":[[[4.56011,51.93483],[4.56014,51.93492],[4.56018,51.93495],[4.56023,51.93493],[4.56039,51.93506],[4.56041,51.93515],[4.56045,51.93513],[4.56047,51.93516],[4.56043,51.93517],[4.5607,51.93537],[4.56079,51.93555],[4.56102,51.93569],[4.56151,51.93587],[4.56245,51.93601],[4.56265,51.93606],[4.56059,51.94091],[4.56059,51.94093],[4.5604,51.9409],[4.56032,51.94084],[4.56018,51.94085],[4.55958,51.94077],[4.5596,51.94072],[4.55905,51.94062],[4.55903,51.94068],[4.55877,51.94064],[4.55871,51.94066],[4.55868,51.94072],[4.55872,51.94073],[4.55863,51.94094],[4.55859,51.94094],[4.55856,51.94102],[4.55847,51.94105],[4.55849,51.94118],[4.55829,51.94115],[4.55827,51.94124],[4.55798,51.9412],[4.55795,51.94125],[4.55762,51.94121],[4.55752,51.94118],[4.55712,51.94113],[4.55689,51.94108],[4.5569,51.94105],[4.55559,51.94081],[4.55575,51.94049],[4.55572,51.94043],[4.55579,51.94036],[4.55686,51.93786],[4.55711,51.93723],[4.55697,51.93721],[4.55712,51.93686],[4.55739,51.9369],[4.55748,51.93676],[4.55783,51.93632],[4.5583,51.93592],[4.55914,51.9354],[4.55912,51.93539],[4.55928,51.9353],[4.55922,51.93528],[4.55968,51.93504],[4.55971,51.93507],[4.55996,51.93492],[4.55992,51.93489],[4.55996,51.93487],[4.56011,51.93483]]]}},{"type":"Feature","id":"14674","properties":{},"geometry":{"type":"Polygon","coordinates":[[[4.56319,51.94131],[4.56294,51.94192],[4.56301,51.94193],[4.56282,51.94238],[4.56301,51.94243],[4.56298,51.9425],[4.56289,51.9425],[4.56277,51.94267],[4.56273,51.94266],[4.5627,51.94273],[4.56274,51.94273],[4.56269,51.94285],[4.56264,51.94287],[4.5626,51.94305],[4.56232,51.94301],[4.5623,51.94306],[4.56195,51.94301],[4.56196,51.94298],[4.5618,51.94297],[4.56157,51.9436],[4.56123,51.94425],[4.5616,51.94434],[4.56159,51.94437],[4.56271,51.94456],[4.56311,51.94466],[4.56346,51.94482],[4.56436,51.94538],[4.56434,51.94539],[4.56452,51.9455],[4.56449,51.94552],[4.56558,51.94619],[4.56586,51.94633],[4.56591,51.9463],[4.56624,51.9465],[4.56624,51.94656],[4.56631,51.94657],[4.56631,51.94676],[4.56624,51.94676],[4.56624,51.94678],[4.56638,51.94679],[4.5677,51.94761],[4.56778,51.94762],[4.56779,51.94766],[4.57278,51.94346],[4.5705,51.94243],[4.56749,51.94197],[4.56319,51.94131]]]}},{"type":"Feature","id":"14675","properties":{},"geometry":{"type":"Polygon","coordinates":[[[4.56779,51.94766],[4.56778,51.94762],[4.5677,51.94761],[4.56638,51.94679],[4.56624,51.94678],[4.56624,51.94676],[4.56631,51.94676],[4.56631,51.94657],[4.56624,51.94656],[4.56624,51.9465],[4.56591,51.9463],[4.56586,51.94633],[4.56558,51.94619],[4.56449,51.94552],[4.56452,51.9455],[4.56434,51.94539],[4.56326,51.94606],[4.56336,51.94612],[4.56325,51.94619],[4.56335,51.94625],[4.56312,51.9464],[4.56277,51.94635],[4.56272,51.94637],[4.56222,51.9475],[4.56145,51.94779],[4.56143,51.94784],[4.56137,51.94798],[4.56092,51.94815],[4.56083,51.94815],[4.56049,51.94826],[4.56014,51.94821],[4.55948,51.94979],[4.55967,51.94984],[4.55964,51.94993],[4.5596,51.94992],[4.55959,51.94996],[4.55961,51.95006],[4.56065,51.95022],[4.56073,51.95026],[4.56411,51.95077],[4.56719,51.94817],[4.56779,51.94766]]]}},{"type":"Feature","id":"14676","properties":{},"geometry":{"type":"Polygon","coordinates":[[[4.55815,51.94512],[4.55855,51.94499],[4.55857,51.94501],[4.55871,51.94493],[4.55939,51.94472],[4.55943,51.94467],[4.56001,51.9445],[4.55998,51.94447],[4.56021,51.94439],[4.56019,51.94436],[4.56028,51.94433],[4.56027,51.94427],[4.56074,51.94421],[4.56123,51.94425],[4.5616,51.94434],[4.56159,51.94437],[4.56271,51.94456],[4.56311,51.94466],[4.56346,51.94482],[4.56436,51.94538],[4.56434,51.94539],[4.56326,51.94606],[4.56336,51.94612],[4.56325,51.94619],[4.56335,51.94625],[4.56312,51.9464],[4.56277,51.94635],[4.56272,51.94637],[4.56222,51.9475],[4.56145,51.94779],[4.56143,51.94784],[4.56137,51.94798],[4.56092,51.94815],[4.56083,51.94815],[4.56049,51.94826],[4.56014,51.94821],[4.55784,51.94784],[4.55755,51.94781],[4.5575,51.94776],[4.55752,51.9477],[4.55744,51.94769],[4.5578,51.94684],[4.55791,51.94659],[4.55746,51.94613],[4.55746,51.94604],[4.55696,51.94553],[4.55783,51.9452],[4.55815,51.94512]]]}},{"type":"Feature","id":"14680","properties":{},"geometry":{"type":"Polygon","coordinates":[[[4.58163,51.98711],[4.58142,51.9855],[4.58135,51.98545],[4.58115,51.98561],[4.58133,51.98567],[4.58134,51.98569],[4.58125,51.98579],[4.58124,51.98588],[4.58117,51.98594],[4.58105,51.98617],[4.58092,51.98627],[4.58111,51.98634],[4.58098,51.98651],[4.58092,51.98683],[4.58078,51.98693],[4.58089,51.98697],[4.58075,51.98712],[4.58076,51.9873],[4.58068,51.98735],[4.58034,51.98735],[4.58024,51.98739],[4.57979,51.98721],[4.57969,51.98727],[4.57873,51.98855],[4.57974,51.98884],[4.57894,51.98987],[4.58093,51.99044],[4.58338,51.99114],[4.58841,51.99258],[4.59262,51.99378],[4.59437,51.99428],[4.59816,51.98918],[4.59868,51.98842],[4.59876,51.98813],[4.59871,51.98814],[4.5987,51.98821],[4.59817,51.98818],[4.59709,51.98786],[4.59705,51.98786],[4.59701,51.98794],[4.59694,51.98794],[4.59436,51.98713],[4.59385,51.98705],[4.59353,51.98704],[4.58777,51.98731],[4.58775,51.98729],[4.58429,51.98744],[4.58193,51.98758],[4.58169,51.98759],[4.58163,51.98711]]]}},{"type":"Feature","id":"14681","properties":{},"geometry":{"type":"Polygon","coordinates":[[[4.58472,51.97861],[4.58255,51.97783],[4.58188,51.97855],[4.5813,51.97933],[4.58127,51.97946],[4.58137,51.97945],[4.58141,51.97954],[4.58156,51.97956],[4.58158,51.97971],[4.58152,51.97972],[4.58154,51.97983],[4.58132,51.97989],[4.58051,51.97989],[4.58027,51.97967],[4.58011,51.97959],[4.58002,51.97958],[4.58012,51.9798],[4.58032,51.98062],[4.58052,51.9821],[4.58054,51.98325],[4.58048,51.98377],[4.58021,51.98455],[4.57985,51.98514],[4.57931,51.98585],[4.57832,51.98677],[4.57969,51.98727],[4.57979,51.98721],[4.58024,51.98739],[4.58034,51.98735],[4.58068,51.98735],[4.58076,51.9873],[4.58075,51.98712],[4.58089,51.98697],[4.58078,51.98693],[4.58092,51.98683],[4.58098,51.98651],[4.58111,51.98634],[4.58092,51.98627],[4.58105,51.98617],[4.58117,51.98594],[4.58124,51.98588],[4.58125,51.98579],[4.58134,51.98569],[4.58133,51.98567],[4.58115,51.98561],[4.58135,51.98545],[4.58142,51.9855],[4.58163,51.98711],[4.58169,51.98759],[4.58193,51.98758],[4.58429,51.98744],[4.58775,51.98729],[4.58766,51.98695],[4.58763,51.98662],[4.58777,51.98661],[4.58788,51.98661],[4.58769,51.98511],[4.58766,51.98511],[4.58765,51.98497],[4.58755,51.98495],[4.58746,51.98424],[4.58746,51.98392],[4.58754,51.98392],[4.58735,51.98244],[4.58716,51.98245],[4.58717,51.98228],[4.58722,51.98226],[4.58717,51.98221],[4.58725,51.9815],[4.58703,51.9794],[4.58683,51.97932],[4.58672,51.97841],[4.58667,51.97805],[4.58684,51.97805],[4.58683,51.97796],[4.5865,51.97797],[4.58652,51.97813],[4.58565,51.97817],[4.58575,51.97893],[4.58489,51.97862],[4.58475,51.97857],[4.58472,51.97861]]]}},{"type":"Feature","id":"14682","properties":{},"geometry":{"type":"Polygon","coordinates":[[[4.58991,51.98043],[4.58986,51.98045],[4.58892,51.98012],[4.58727,51.97952],[4.5873,51.97949],[4.58703,51.9794],[4.58725,51.9815],[4.58717,51.98221],[4.58722,51.98226],[4.58717,51.98228],[4.58716,51.98245],[4.58735,51.98244],[4.58754,51.98392],[4.58746,51.98392],[4.58746,51.98424],[4.58755,51.98495],[4.58765,51.98497],[4.58766,51.98511],[4.58769,51.98511],[4.58788,51.98661],[4.58777,51.98661],[4.58763,51.98662],[4.58766,51.98695],[4.58775,51.98729],[4.58777,51.98731],[4.59353,51.98704],[4.59385,51.98705],[4.59436,51.98713],[4.59694,51.98794],[4.59701,51.98794],[4.59705,51.98786],[4.59709,51.98786],[4.59817,51.98818],[4.5987,51.98821],[4.59871,51.98814],[4.59876,51.98813],[4.59877,51.98797],[4.5987,51.98797],[4.59847,51.98728],[4.59659,51.9828],[4.59581,51.98176],[4.59497,51.98191],[4.59478,51.98201],[4.5946,51.98224],[4.5945,51.98224],[4.59458,51.98214],[4.59059,51.98071],[4.59047,51.98064],[4.58991,51.98043]]]}},{"type":"Feature","id":"14683","properties":{},"geometry":{"type":"Polygon","coordinates":[[[4.5912,51.97497],[4.59107,51.97498],[4.59109,51.97503],[4.59069,51.97509],[4.58984,51.97515],[4.58978,51.97521],[4.58979,51.97529],[4.58926,51.97531],[4.58918,51.97531],[4.58916,51.97525],[4.58906,51.9752],[4.58646,51.97531],[4.58643,51.97516],[4.58628,51.97517],[4.58619,51.97517],[4.58625,51.97551],[4.5864,51.97619],[4.58669,51.97698],[4.58683,51.97796],[4.58684,51.97805],[4.58667,51.97805],[4.58672,51.97841],[4.58683,51.97932],[4.58703,51.9794],[4.5873,51.97949],[4.58727,51.97952],[4.58892,51.98012],[4.58986,51.98045],[4.58991,51.98043],[4.59047,51.98064],[4.59059,51.98071],[4.59458,51.98214],[4.5945,51.98224],[4.5946,51.98224],[4.59478,51.98201],[4.59497,51.98191],[4.59581,51.98176],[4.59577,51.98164],[4.59497,51.98174],[4.59487,51.98168],[4.59483,51.98159],[4.59463,51.9815],[4.59465,51.98144],[4.59459,51.98144],[4.59337,51.98087],[4.59369,51.98061],[4.59345,51.98051],[4.59341,51.98046],[4.59247,51.97812],[4.5912,51.97497]]]}},{"type":"Feature","id":"14684","properties":{},"geometry":{"type":"Polygon","coordinates":[[[4.59389,51.97589],[4.59402,51.97564],[4.59438,51.97539],[4.59499,51.9751],[4.60175,51.9722],[4.60171,51.97218],[4.60181,51.97214],[4.60085,51.97177],[4.59951,51.97148],[4.59775,51.97073],[4.59717,51.97125],[4.59731,51.97132],[4.59731,51.9714],[4.59561,51.97282],[4.59582,51.97291],[4.59568,51.97303],[4.59586,51.97311],[4.59583,51.97314],[4.59571,51.97324],[4.59423,51.97384],[4.59286,51.97324],[4.59135,51.97449],[4.59132,51.97452],[4.5911,51.97472],[4.5912,51.97497],[4.59247,51.97812],[4.59341,51.98046],[4.59345,51.98051],[4.59369,51.98061],[4.59337,51.98087],[4.59459,51.98144],[4.59465,51.98144],[4.59463,51.9815],[4.59483,51.98159],[4.59487,51.98168],[4.59497,51.98174],[4.59577,51.98164],[4.59478,51.97898],[4.59419,51.97766],[4.59418,51.97755],[4.59429,51.9771],[4.5939,51.97676],[4.59385,51.97664],[4.59373,51.97613],[4.59381,51.9759],[4.59389,51.97589]]]}},{"type":"Feature","id":"14685","properties":{},"geometry":{"type":"Polygon","coordinates":[[[4.58897,51.97024],[4.58888,51.9702],[4.58528,51.96857],[4.5858,51.97176],[4.58568,51.97176],[4.58566,51.97191],[4.58595,51.97273],[4.58628,51.97517],[4.58643,51.97516],[4.58646,51.97531],[4.58906,51.9752],[4.58916,51.97525],[4.58918,51.97531],[4.58926,51.97531],[4.58979,51.97529],[4.58978,51.97521],[4.58984,51.97515],[4.59069,51.97509],[4.59109,51.97503],[4.59107,51.97498],[4.5912,51.97497],[4.5911,51.97472],[4.59132,51.97452],[4.59135,51.97449],[4.59286,51.97324],[4.59423,51.97384],[4.59571,51.97324],[4.59583,51.97314],[4.59565,51.97305],[4.5955,51.97318],[4.59545,51.97316],[4.58958,51.97051],[4.58942,51.97052],[4.58936,51.97057],[4.58895,51.97035],[4.589,51.97031],[4.58897,51.97024]]]}},{"type":"Feature","id":"14686","properties":{},"geometry":{"type":"Polygon","coordinates":[[[4.59066,51.96823],[4.59054,51.96828],[4.59018,51.96857],[4.59002,51.96858],[4.58537,51.96648],[4.58516,51.96632],[4.58485,51.96595],[4.58425,51.96564],[4.58431,51.96551],[4.58399,51.96537],[4.58383,51.9655],[4.58381,51.96549],[4.5825,51.96658],[4.58264,51.96665],[4.58306,51.96629],[4.58368,51.96657],[4.58428,51.96606],[4.58441,51.96614],[4.58466,51.96806],[4.58492,51.96805],[4.58498,51.9685],[4.58513,51.96851],[4.58528,51.96857],[4.58888,51.9702],[4.58897,51.97024],[4.589,51.97031],[4.58895,51.97035],[4.58936,51.97057],[4.58942,51.97052],[4.58958,51.97051],[4.59545,51.97316],[4.5955,51.97318],[4.59565,51.97305],[4.59583,51.97314],[4.59586,51.97311],[4.59568,51.97303],[4.59582,51.97291],[4.59561,51.97282],[4.59731,51.9714],[4.59731,51.97132],[4.59717,51.97125],[4.59775,51.97073],[4.59672,51.97028],[4.59312,51.96896],[4.59233,51.96868],[4.59143,51.96843],[4.59066,51.96823]]]}},{"type":"Feature","id":"14687","properties":{},"geometry":{"type":"Polygon","coordinates":[[[4.58466,51.96806],[4.58441,51.96614],[4.58428,51.96606],[4.58368,51.96657],[4.58306,51.96629],[4.58264,51.96665],[4.5825,51.96658],[4.57974,51.96892],[4.57961,51.96903],[4.57974,51.96909],[4.57968,51.96914],[4.58301,51.97065],[4.58334,51.9708],[4.58318,51.97093],[4.5831,51.97089],[4.58301,51.97096],[4.58309,51.971],[4.58088,51.97287],[4.58108,51.97296],[4.58102,51.97305],[4.58082,51.97318],[4.58087,51.9732],[4.58083,51.97324],[4.58084,51.97321],[4.58078,51.9732],[4.57942,51.97436],[4.57934,51.97443],[4.57966,51.97458],[4.57864,51.97544],[4.57854,51.97554],[4.579,51.97579],[4.57858,51.97614],[4.57986,51.97685],[4.58228,51.97773],[4.58234,51.97771],[4.58244,51.97774],[4.58247,51.9778],[4.58255,51.97783],[4.58472,51.97861],[4.58475,51.97857],[4.58489,51.97862],[4.58575,51.97893],[4.58565,51.97817],[4.58652,51.97813],[4.5865,51.97797],[4.58683,51.97796],[4.58669,51.97698],[4.5864,51.97619],[4.58625,51.97551],[4.58619,51.97517],[4.58628,51.97517],[4.58595,51.97273],[4.58566,51.97191],[4.58568,51.97176],[4.5858,51.97176],[4.58528,51.96857],[4.58513,51.96851],[4.58498,51.9685],[4.58492,51.96805],[4.58466,51.96806]]]}},{"type":"Feature","id":"14688","properties":{},"geometry":{"type":"Polygon","coordinates":[[[4.57394,51.97476],[4.5743,51.97451],[4.57745,51.97625],[4.57792,51.97585],[4.57852,51.97619],[4.57858,51.97614],[4.57986,51.97685],[4.58228,51.97773],[4.58234,51.97771],[4.58244,51.97774],[4.58247,51.9778],[4.58255,51.97783],[4.58188,51.97855],[4.5813,51.97933],[4.58127,51.97946],[4.58137,51.97945],[4.58141,51.97954],[4.58156,51.97956],[4.58158,51.97971],[4.58152,51.97972],[4.58154,51.97983],[4.58132,51.97989],[4.58051,51.97989],[4.58027,51.97967],[4.58011,51.97959],[4.58002,51.97958],[4.57982,51.97949],[4.57435,51.97817],[4.57347,51.97953],[4.57336,51.97954],[4.57302,51.97946],[4.57297,51.9794],[4.57331,51.97887],[4.57365,51.97896],[4.57368,51.97892],[4.57333,51.97883],[4.57368,51.97828],[4.57362,51.97826],[4.5735,51.97845],[4.57347,51.97844],[4.57353,51.97834],[4.57347,51.97833],[4.57341,51.97843],[4.5726,51.97823],[4.57211,51.979],[4.57231,51.97907],[4.57224,51.97917],[4.57227,51.9792],[4.57274,51.97932],[4.5722,51.97919],[4.57197,51.97924],[4.57185,51.97917],[4.57173,51.97904],[4.5717,51.97889],[4.57177,51.97861],[4.57189,51.97848],[4.5726,51.97794],[4.5727,51.97792],[4.57282,51.97776],[4.5729,51.97743],[4.57287,51.97681],[4.57302,51.97637],[4.57316,51.97624],[4.57338,51.97613],[4.5741,51.97558],[4.57405,51.97544],[4.57418,51.97537],[4.57433,51.97518],[4.57407,51.97498],[4.57412,51.97492],[4.57411,51.97484],[4.57394,51.97476]]]}},{"type":"Feature","id":"14689","properties":{},"geometry":{"type":"Polygon","coordinates":[[[4.57394,51.97476],[4.57411,51.97484],[4.57412,51.97492],[4.57407,51.97498],[4.57433,51.97518],[4.57418,51.97537],[4.57405,51.97544],[4.5741,51.97558],[4.57338,51.97613],[4.57316,51.97624],[4.57302,51.97637],[4.57287,51.97681],[4.5729,51.97743],[4.57282,51.97776],[4.5727,51.97792],[4.5726,51.97794],[4.57189,51.97848],[4.57177,51.97861],[4.5717,51.97889],[4.57173,51.97904],[4.57185,51.97917],[4.57197,51.97924],[4.5722,51.97919],[4.57274,51.97932],[4.57227,51.9792],[4.57224,51.97917],[4.57231,51.97907],[4.57211,51.979],[4.5726,51.97823],[4.57341,51.97843],[4.57347,51.97833],[4.57353,51.97834],[4.57347,51.97844],[4.5735,51.97845],[4.57362,51.97826],[4.57368,51.97828],[4.57333,51.97883],[4.57368,51.97892],[4.57365,51.97896],[4.57331,51.97887],[4.57297,51.9794],[4.57302,51.97946],[4.57336,51.97954],[4.57347,51.97953],[4.57435,51.97817],[4.57982,51.97949],[4.58002,51.97958],[4.58012,51.9798],[4.58032,51.98062],[4.58052,51.9821],[4.58054,51.98325],[4.58048,51.98377],[4.58021,51.98455],[4.57985,51.98514],[4.57931,51.98585],[4.57832,51.98677],[4.57731,51.9864],[4.57809,51.98556],[4.57837,51.98519],[4.57879,51.98443],[4.57893,51.98403],[4.57907,51.98343],[4.57911,51.98282],[4.57892,51.98113],[4.57023,51.97903],[4.57353,51.97458],[4.57394,51.97476]]]}},{"type":"Feature","id":"15700","properties":{},"geometry":{"type":"Polygon","coordinates":[[[4.4626,51.8693],[4.46533,51.86854],[4.4653,51.86828],[4.46516,51.86805],[4.46451,51.86744],[4.4644,51.86742],[4.46402,51.86708],[4.4638,51.86686],[4.46365,51.86662],[4.46355,51.86635],[4.4635,51.86598],[4.46356,51.86549],[4.46361,51.86545],[4.4637,51.86543],[4.46371,51.86538],[4.46374,51.86536],[4.46288,51.86534],[4.46248,51.86523],[4.46191,51.86532],[4.46167,51.86538],[4.46135,51.86552],[4.45947,51.86666],[4.45898,51.86699],[4.45886,51.86705],[4.45883,51.86703],[4.45832,51.86737],[4.45781,51.86773],[4.45724,51.86804],[4.45722,51.86807],[4.45733,51.86811],[4.4575,51.868],[4.45755,51.86801],[4.45738,51.86821],[4.45651,51.86878],[4.45601,51.86902],[4.4556,51.86903],[4.4556,51.86911],[4.4552,51.86932],[4.45477,51.86986],[4.45492,51.86989],[4.45478,51.87014],[4.45488,51.87017],[4.45476,51.87025],[4.45461,51.87024],[4.45363,51.86957],[4.45319,51.86936],[4.45256,51.86913],[4.45199,51.86902],[4.45129,51.86894],[4.45125,51.86908],[4.45122,51.86918],[4.45144,51.86932],[4.45142,51.86939],[4.4515,51.86942],[4.45151,51.86946],[4.4516,51.86948],[4.45158,51.86952],[4.45128,51.86948],[4.45111,51.8695],[4.45092,51.87019],[4.45078,51.87027],[4.4519,51.87079],[4.45262,51.87098],[4.45332,51.87109],[4.45442,51.87109],[4.45483,51.87115],[4.4551,51.87126],[4.45549,51.87164],[4.45594,51.87157],[4.45607,51.87171],[4.45645,51.87165],[4.45713,51.87148],[4.45816,51.87115],[4.45943,51.87061],[4.45938,51.87057],[4.4595,51.87052],[4.46143,51.8697],[4.4626,51.8693]]]}},{"type":"Feature","id":"15701","properties":{},"geometry":{"type":"Polygon","coordinates":[[[4.47489,51.865],[4.47271,51.86503],[4.46936,51.86526],[4.46797,51.86526],[4.46755,51.86524],[4.46705,51.86527],[4.46706,51.86526],[4.46465,51.8653],[4.46463,51.86536],[4.46447,51.86537],[4.4639,51.86537],[4.46371,51.86538],[4.4637,51.86543],[4.46361,51.86545],[4.46356,51.86549],[4.4635,51.86598],[4.46355,51.86635],[4.46365,51.86662],[4.4638,51.86686],[4.46402,51.86708],[4.4644,51.86742],[4.46451,51.86744],[4.46516,51.86805],[4.4653,51.86828],[4.46533,51.86854],[4.46533,51.86863],[4.46537,51.86865],[4.46533,51.86901],[4.46868,51.86902],[4.47574,51.86906],[4.47677,51.86907],[4.47677,51.86903],[4.48203,51.86905],[4.48474,51.86905],[4.48501,51.86905],[4.49418,51.86905],[4.49439,51.86908],[4.49439,51.86897],[4.49404,51.86897],[4.49297,51.86858],[4.49187,51.86836],[4.49116,51.8681],[4.48986,51.86771],[4.48957,51.86766],[4.48923,51.86754],[4.48914,51.86747],[4.48875,51.86735],[4.48718,51.86717],[4.48604,51.86674],[4.48567,51.86656],[4.48548,51.86653],[4.4847,51.86626],[4.48354,51.86591],[4.48176,51.86545],[4.48128,51.86541],[4.48095,51.86532],[4.48077,51.86531],[4.48073,51.86527],[4.47992,51.86527],[4.4794,51.86522],[4.47938,51.86525],[4.47924,51.86524],[4.47925,51.86521],[4.47886,51.86521],[4.47796,51.86512],[4.47725,51.86509],[4.47629,51.86512],[4.47524,51.86504],[4.47523,51.86501],[4.47489,51.865]]]}},{"type":"Feature","id":"15702","properties":{},"geometry":{"type":"Polygon","coordinates":[[[4.46447,51.86537],[4.46463,51.86536],[4.46465,51.8653],[4.46706,51.86526],[4.46705,51.86527],[4.46755,51.86524],[4.46797,51.86526],[4.46936,51.86526],[4.47271,51.86503],[4.47489,51.865],[4.47523,51.86501],[4.47524,51.86504],[4.47629,51.86512],[4.47725,51.86509],[4.47796,51.86512],[4.47886,51.86521],[4.47925,51.86521],[4.47924,51.86524],[4.47938,51.86525],[4.4794,51.86522],[4.47992,51.86527],[4.48005,51.86525],[4.48021,51.86507],[4.48033,51.86328],[4.4804,51.86233],[4.47727,51.862],[4.47466,51.86194],[4.47342,51.86174],[4.47186,51.86167],[4.46793,51.8618],[4.4654,51.86206],[4.46523,51.86202],[4.46368,51.86223],[4.46219,51.86248],[4.46059,51.86284],[4.45353,51.86455],[4.44648,51.86605],[4.44496,51.86628],[4.44434,51.86633],[4.44277,51.86631],[4.44222,51.86626],[4.44176,51.86615],[4.44102,51.86591],[4.44024,51.86642],[4.44154,51.86686],[4.44371,51.86774],[4.44463,51.86805],[4.44533,51.86823],[4.44649,51.86847],[4.44875,51.86882],[4.45125,51.86908],[4.45129,51.86894],[4.45199,51.86902],[4.45256,51.86913],[4.45319,51.86936],[4.45363,51.86957],[4.45461,51.87024],[4.45476,51.87025],[4.45488,51.87017],[4.45478,51.87014],[4.45492,51.86989],[4.45477,51.86986],[4.4552,51.86932],[4.4556,51.86911],[4.4556,51.86903],[4.45601,51.86902],[4.45651,51.86878],[4.45738,51.86821],[4.45755,51.86801],[4.4575,51.868],[4.45733,51.86811],[4.45722,51.86807],[4.45724,51.86804],[4.45781,51.86773],[4.45832,51.86737],[4.45883,51.86703],[4.45886,51.86705],[4.45898,51.86699],[4.45947,51.86666],[4.46135,51.86552],[4.46167,51.86538],[4.46191,51.86532],[4.46248,51.86523],[4.46288,51.86534],[4.46374,51.86536],[4.46371,51.86538],[4.4639,51.86537],[4.46447,51.86537]]]}},{"type":"Feature","id":"15710","properties":{},"geometry":{"type":"Polygon","coordinates":[[[4.49548,51.89767],[4.49563,51.89802],[4.49504,51.89808],[4.495,51.89816],[4.49245,51.89917],[4.47662,51.8958],[4.46898,51.89851],[4.46878,51.89881],[4.46695,51.89839],[4.4675,51.89818],[4.4677,51.89763],[4.46861,51.89763],[4.46868,51.89768],[4.46899,51.89768],[4.46944,51.89753],[4.4701,51.89718],[4.47004,51.89714],[4.46937,51.89585],[4.46938,51.89576],[4.4695,51.89565],[4.47148,51.89461],[4.47401,51.89358],[4.47447,51.89347],[4.47498,51.89339],[4.47546,51.89338],[4.47677,51.89364],[4.47692,51.8934],[4.4768,51.89337],[4.4766,51.89325],[4.47664,51.89323],[4.47688,51.89329],[4.47698,51.89319],[4.48097,51.89405],[4.48395,51.89468],[4.48405,51.89466],[4.48406,51.89463],[4.48442,51.89443],[4.48603,51.89521],[4.48657,51.89541],[4.48716,51.89553],[4.48734,51.89553],[4.48733,51.89559],[4.48972,51.8959],[4.49171,51.89632],[4.49224,51.89632],[4.49246,51.89648],[4.49372,51.89675],[4.4945,51.8969],[4.49465,51.89687],[4.49478,51.89698],[4.49481,51.89696],[4.49488,51.897],[4.49514,51.89706],[4.49548,51.89767]]]}},{"type":"Feature","id":"15711","properties":{},"geometry":{"type":"Polygon","coordinates":[[[4.48201,51.89073],[4.48206,51.89081],[4.48183,51.89087],[4.4819,51.89098],[4.48213,51.89093],[4.48251,51.89156],[4.48255,51.89155],[4.48268,51.89163],[4.48274,51.89173],[4.48321,51.89186],[4.4826,51.89267],[4.48133,51.89355],[4.48117,51.89371],[4.48097,51.89405],[4.47698,51.89319],[4.47607,51.8927],[4.47595,51.89267],[4.47518,51.8922],[4.47577,51.8921],[4.47764,51.89169],[4.47763,51.89167],[4.47775,51.89164],[4.47792,51.89144],[4.47789,51.89143],[4.47801,51.89125],[4.47868,51.89151],[4.479,51.89144],[4.4789,51.89141],[4.47945,51.89129],[4.47979,51.89118],[4.48023,51.89112],[4.48201,51.89073]]]}},{"type":"Feature","id":"15712","properties":{},"geometry":{"type":"Polygon","coordinates":[[[4.49044,51.89345],[4.48983,51.89363],[4.48961,51.89384],[4.48886,51.89368],[4.48788,51.89508],[4.4872,51.89495],[4.48716,51.89553],[4.48657,51.89541],[4.48603,51.89521],[4.48442,51.89443],[4.48406,51.89463],[4.48405,51.89466],[4.48395,51.89468],[4.48097,51.89405],[4.48117,51.89371],[4.48133,51.89355],[4.4826,51.89267],[4.48321,51.89186],[4.48446,51.89219],[4.48647,51.89174],[4.48668,51.89198],[4.48884,51.89151],[4.48993,51.89283],[4.48999,51.89296],[4.49004,51.89295],[4.49041,51.89342],[4.49044,51.89345]]]}},{"type":"Feature","id":"15713","properties":{},"geometry":{"type":"Polygon","coordinates":[[[4.49044,51.89345],[4.49389,51.89661],[4.49372,51.89675],[4.49246,51.89648],[4.49224,51.89632],[4.49171,51.89632],[4.48972,51.8959],[4.48733,51.89559],[4.48734,51.89553],[4.48716,51.89553],[4.4872,51.89495],[4.48788,51.89508],[4.48886,51.89368],[4.48961,51.89384],[4.48983,51.89363],[4.49044,51.89345]]]}},{"type":"Feature","id":"15714","properties":{},"geometry":{"type":"Polygon","coordinates":[[[4.48884,51.89151],[4.48668,51.89198],[4.48647,51.89174],[4.48446,51.89219],[4.48321,51.89186],[4.48274,51.89173],[4.48268,51.89163],[4.48255,51.89155],[4.48251,51.89156],[4.48213,51.89093],[4.4819,51.89098],[4.48183,51.89087],[4.48206,51.89081],[4.48201,51.89073],[4.48508,51.89006],[4.48724,51.88958],[4.48747,51.88997],[4.48757,51.88996],[4.488,51.89048],[4.48884,51.89151]]]}},{"type":"Feature","id":"15715","properties":{},"geometry":{"type":"Polygon","coordinates":[[[4.4939,51.8927],[4.49405,51.88989],[4.49151,51.88985],[4.49149,51.88989],[4.49024,51.89027],[4.48983,51.89054],[4.48968,51.89037],[4.48896,51.89054],[4.48891,51.89047],[4.48842,51.8904],[4.48816,51.89042],[4.488,51.89048],[4.48884,51.89151],[4.48993,51.89283],[4.48999,51.89296],[4.49004,51.89295],[4.49041,51.89342],[4.49044,51.89345],[4.49389,51.89661],[4.49372,51.89675],[4.4945,51.8969],[4.49465,51.89687],[4.49478,51.89698],[4.49481,51.89696],[4.49488,51.897],[4.49514,51.89706],[4.49383,51.89431],[4.49389,51.89291],[4.4939,51.8927]]]}},{"type":"Feature","id":"15720","properties":{},"geometry":{"type":"Polygon","coordinates":[[[4.47518,51.8922],[4.47425,51.89168],[4.47333,51.89039],[4.47418,51.89014],[4.47621,51.89007],[4.47678,51.89013],[4.47753,51.89035],[4.47852,51.89045],[4.47842,51.89056],[4.47866,51.89064],[4.47979,51.89118],[4.47945,51.89129],[4.4789,51.89141],[4.479,51.89144],[4.47868,51.89151],[4.47801,51.89125],[4.47789,51.89143],[4.47792,51.89144],[4.47775,51.89164],[4.47763,51.89167],[4.47764,51.89169],[4.47577,51.8921],[4.47518,51.8922]]]}},{"type":"Feature","id":"15721","properties":{},"geometry":{"type":"Polygon","coordinates":[[[4.47741,51.88817],[4.47753,51.89035],[4.47678,51.89013],[4.47621,51.89007],[4.47418,51.89014],[4.47333,51.89039],[4.47258,51.88933],[4.47241,51.88833],[4.47458,51.88819],[4.47503,51.88815],[4.47502,51.88812],[4.4751,51.88812],[4.4751,51.88816],[4.47521,51.88815],[4.4752,51.88811],[4.47547,51.88812],[4.47741,51.88817]]]}},{"type":"Feature","id":"15722","properties":{},"geometry":{"type":"Polygon","coordinates":[[[4.47741,51.88817],[4.47808,51.88818],[4.47903,51.88825],[4.48079,51.88862],[4.4816,51.88879],[4.48154,51.88897],[4.48176,51.88904],[4.48143,51.88989],[4.48154,51.88991],[4.48201,51.89073],[4.48023,51.89112],[4.47979,51.89118],[4.47866,51.89064],[4.47842,51.89056],[4.47852,51.89045],[4.47753,51.89035],[4.47741,51.88817]]]}},{"type":"Feature","id":"15723","properties":{},"geometry":{"type":"Polygon","coordinates":[[[4.48201,51.89073],[4.48154,51.88991],[4.48143,51.88989],[4.48176,51.88904],[4.48154,51.88897],[4.4816,51.88879],[4.48079,51.88862],[4.48164,51.88637],[4.48218,51.88643],[4.48246,51.88633],[4.48248,51.88627],[4.48286,51.88622],[4.48465,51.8884],[4.48387,51.88857],[4.48404,51.88878],[4.48407,51.88877],[4.48406,51.88881],[4.48508,51.89006],[4.48201,51.89073]]]}},{"type":"Feature","id":"15724","properties":{},"geometry":{"type":"Polygon","coordinates":[[[4.47547,51.88812],[4.4752,51.88811],[4.47521,51.88815],[4.4751,51.88816],[4.4751,51.88812],[4.47502,51.88812],[4.47503,51.88815],[4.47458,51.88819],[4.47241,51.88833],[4.47194,51.8858],[4.47202,51.88579],[4.4718,51.88457],[4.47171,51.88458],[4.47166,51.8843],[4.47505,51.88417],[4.47508,51.88442],[4.47499,51.88442],[4.47519,51.8858],[4.47547,51.88812]]]}},{"type":"Feature","id":"15725","properties":{},"geometry":{"type":"Polygon","coordinates":[[[4.48164,51.88637],[4.48079,51.88862],[4.47903,51.88825],[4.47808,51.88818],[4.47741,51.88817],[4.47547,51.88812],[4.47519,51.8858],[4.47595,51.8858],[4.47972,51.88618],[4.47973,51.88624],[4.47973,51.88622],[4.47976,51.88624],[4.48005,51.88625],[4.48005,51.88627],[4.4802,51.88627],[4.48024,51.88629],[4.48024,51.88627],[4.48034,51.88628],[4.48034,51.8863],[4.48049,51.88629],[4.48049,51.88631],[4.48053,51.8863],[4.48101,51.88634],[4.48107,51.88637],[4.48136,51.88638],[4.4814,51.8864],[4.48143,51.88639],[4.48144,51.88641],[4.48146,51.88636],[4.48164,51.88637]]]}},{"type":"Feature","id":"15726","properties":{},"geometry":{"type":"Polygon","coordinates":[[[4.48508,51.89006],[4.48406,51.88881],[4.48407,51.88877],[4.48404,51.88878],[4.48387,51.88857],[4.48465,51.8884],[4.48286,51.88622],[4.48561,51.88557],[4.48574,51.88573],[4.48744,51.88851],[4.48657,51.88874],[4.48726,51.88958],[4.48724,51.88958],[4.48508,51.89006]]]}},{"type":"Feature","id":"15730","properties":{},"geometry":{"type":"Polygon","coordinates":[[[4.47908,51.87359],[4.47906,51.87356],[4.47848,51.87359],[4.47826,51.87359],[4.47826,51.87357],[4.4773,51.87366],[4.47724,51.87368],[4.47735,51.8741],[4.47766,51.87517],[4.47773,51.87516],[4.47834,51.87723],[4.47846,51.87765],[4.47846,51.87765],[4.47857,51.87765],[4.47861,51.8778],[4.4794,51.87772],[4.47942,51.87766],[4.4797,51.8776],[4.48303,51.87727],[4.48337,51.87724],[4.48331,51.87679],[4.48424,51.8746],[4.48452,51.87386],[4.48448,51.87373],[4.48447,51.87323],[4.48284,51.87326],[4.47967,51.87355],[4.47908,51.87359]]]}},{"type":"Feature","id":"15731","properties":{},"geometry":{"type":"Polygon","coordinates":[[[4.48873,51.87455],[4.48859,51.87441],[4.48858,51.87383],[4.48866,51.8737],[4.48868,51.87327],[4.4887,51.8732],[4.48732,51.87321],[4.48732,51.87326],[4.48696,51.87326],[4.48461,51.87324],[4.48447,51.87323],[4.48448,51.87373],[4.48452,51.87386],[4.48424,51.8746],[4.48331,51.87679],[4.48337,51.87724],[4.48498,51.87714],[4.48781,51.87706],[4.48938,51.87714],[4.48949,51.87677],[4.48977,51.87525],[4.48989,51.87526],[4.48991,51.87515],[4.49001,51.87516],[4.49002,51.87506],[4.48944,51.87493],[4.48944,51.87479],[4.48928,51.87479],[4.48928,51.87484],[4.48918,51.87484],[4.48917,51.87479],[4.48901,51.87478],[4.48872,51.8748],[4.48873,51.87455]]]}},{"type":"Feature","id":"15732","properties":{},"geometry":{"type":"Polygon","coordinates":[[[4.4947,51.87414],[4.49461,51.87409],[4.4946,51.87402],[4.49471,51.87401],[4.49483,51.87381],[4.49477,51.8737],[4.49467,51.87359],[4.4946,51.87361],[4.49445,51.87358],[4.49422,51.87359],[4.49036,51.87334],[4.48868,51.87327],[4.48866,51.8737],[4.48858,51.87383],[4.48859,51.87441],[4.48873,51.87455],[4.48872,51.8748],[4.48901,51.87478],[4.48917,51.87479],[4.48918,51.87484],[4.48928,51.87484],[4.48928,51.87479],[4.48944,51.87479],[4.48944,51.87493],[4.49002,51.87506],[4.49001,51.87516],[4.48991,51.87515],[4.48989,51.87526],[4.48977,51.87525],[4.48949,51.87677],[4.48938,51.87714],[4.49019,51.87725],[4.49091,51.87739],[4.49426,51.87819],[4.49489,51.87837],[4.49524,51.87791],[4.49514,51.87771],[4.49507,51.87719],[4.49488,51.87563],[4.49486,51.87511],[4.49483,51.87511],[4.4947,51.87414]]]}},{"type":"Feature","id":"15733","properties":{},"geometry":{"type":"Polygon","coordinates":[[[4.50024,51.87524],[4.50014,51.8752],[4.50029,51.8747],[4.49596,51.87395],[4.49477,51.8737],[4.49483,51.87381],[4.49471,51.87401],[4.4946,51.87402],[4.49461,51.87409],[4.4947,51.87414],[4.49483,51.87511],[4.49486,51.87511],[4.49488,51.87563],[4.49507,51.87719],[4.49514,51.87771],[4.49524,51.87791],[4.49489,51.87837],[4.49715,51.87937],[4.49793,51.87875],[4.49885,51.87777],[4.49897,51.87754],[4.49904,51.87723],[4.49934,51.87672],[4.50024,51.87524]]]}},{"type":"Feature","id":"15734","properties":{},"geometry":{"type":"Polygon","coordinates":[[[4.48524,51.86981],[4.48507,51.8698],[4.48501,51.86905],[4.48474,51.86905],[4.48203,51.86905],[4.47677,51.86903],[4.47677,51.86907],[4.47574,51.86906],[4.47586,51.86924],[4.47619,51.86994],[4.47659,51.87124],[4.47666,51.87147],[4.47668,51.87155],[4.47635,51.87159],[4.4764,51.87176],[4.47648,51.8718],[4.47657,51.87213],[4.4765,51.87214],[4.4768,51.87315],[4.47687,51.87314],[4.47696,51.87348],[4.47691,51.87352],[4.47696,51.8737],[4.47711,51.87368],[4.4773,51.87366],[4.47826,51.87357],[4.47826,51.87359],[4.47848,51.87359],[4.47906,51.87356],[4.47908,51.87359],[4.47967,51.87355],[4.48284,51.87326],[4.48447,51.87323],[4.48461,51.87324],[4.48456,51.8732],[4.4847,51.87264],[4.4852,51.87134],[4.48526,51.87134],[4.48525,51.8711],[4.48524,51.86981]]]}},{"type":"Feature","id":"15735","properties":{},"geometry":{"type":"Polygon","coordinates":[[[4.48525,51.8711],[4.48526,51.87134],[4.4852,51.87134],[4.4847,51.87264],[4.48456,51.8732],[4.48461,51.87324],[4.48696,51.87326],[4.48732,51.87326],[4.48732,51.87321],[4.4887,51.8732],[4.48868,51.87327],[4.49036,51.87334],[4.49422,51.87359],[4.49426,51.87327],[4.49416,51.87252],[4.49408,51.87251],[4.49412,51.87224],[4.49404,51.87223],[4.4941,51.87173],[4.4941,51.87171],[4.49053,51.87148],[4.49052,51.87153],[4.4901,51.87151],[4.4901,51.87148],[4.48983,51.87144],[4.48983,51.87147],[4.48952,51.87145],[4.48951,51.87151],[4.4893,51.87149],[4.48929,51.87145],[4.48898,51.87145],[4.48898,51.87141],[4.48891,51.87141],[4.4889,51.87112],[4.48859,51.87112],[4.48852,51.87105],[4.48829,51.87107],[4.48525,51.8711]]]}},{"type":"Feature","id":"15736","properties":{},"geometry":{"type":"Polygon","coordinates":[[[4.49434,51.86952],[4.49422,51.87009],[4.49427,51.87009],[4.49429,51.87027],[4.4941,51.87171],[4.49053,51.87148],[4.49052,51.87153],[4.4901,51.87151],[4.4901,51.87148],[4.48983,51.87144],[4.48983,51.87147],[4.48952,51.87145],[4.48951,51.87151],[4.4893,51.87149],[4.48929,51.87145],[4.48898,51.87145],[4.48898,51.87141],[4.48891,51.87141],[4.4889,51.87112],[4.48859,51.87112],[4.48852,51.87105],[4.48829,51.87107],[4.48525,51.8711],[4.48524,51.86981],[4.48507,51.8698],[4.48501,51.86905],[4.49418,51.86905],[4.49439,51.86908],[4.49434,51.86952]]]}},{"type":"Feature","id":"15737","properties":{},"geometry":{"type":"Polygon","coordinates":[[[4.50139,51.87074],[4.50143,51.87074],[4.5015,51.87023],[4.5016,51.87022],[4.50172,51.86992],[4.50174,51.86989],[4.50164,51.86977],[4.50159,51.86977],[4.49734,51.86943],[4.49715,51.86957],[4.49642,51.86952],[4.49645,51.86939],[4.49596,51.86933],[4.49562,51.86936],[4.49544,51.8695],[4.49545,51.86953],[4.49525,51.86961],[4.49464,51.86953],[4.49434,51.86952],[4.49422,51.87009],[4.49427,51.87009],[4.49429,51.87027],[4.4941,51.87171],[4.4941,51.87173],[4.49404,51.87223],[4.49412,51.87224],[4.49408,51.87251],[4.49416,51.87252],[4.49426,51.87327],[4.49422,51.87359],[4.49445,51.87358],[4.4946,51.87361],[4.49467,51.87359],[4.49477,51.8737],[4.49596,51.87395],[4.50029,51.8747],[4.5003,51.8745],[4.50051,51.87424],[4.50079,51.87375],[4.50153,51.87282],[4.50155,51.87265],[4.50145,51.87236],[4.50148,51.87229],[4.50107,51.87229],[4.50109,51.87223],[4.50139,51.87074]]]}},{"type":"Feature","id":"15740","properties":{},"geometry":{"type":"Polygon","coordinates":[[[4.4675,51.89818],[4.4677,51.89763],[4.46861,51.89763],[4.46868,51.89768],[4.46899,51.89768],[4.46944,51.89753],[4.4701,51.89718],[4.47004,51.89714],[4.46937,51.89585],[4.46938,51.89576],[4.4695,51.89565],[4.46917,51.8958],[4.46878,51.89584],[4.46838,51.89583],[4.46805,51.89572],[4.46803,51.89574],[4.4674,51.89543],[4.46731,51.89544],[4.4673,51.8954],[4.46717,51.89537],[4.4667,51.89532],[4.46626,51.89523],[4.4631,51.89436],[4.46276,51.89466],[4.46248,51.89479],[4.4622,51.89484],[4.46194,51.89485],[4.4603,51.89513],[4.4603,51.89519],[4.45955,51.89531],[4.45966,51.89923],[4.46128,51.89932],[4.46375,51.89961],[4.46581,51.89994],[4.46776,51.90035],[4.46878,51.89881],[4.46695,51.89839],[4.4675,51.89818]]]}},{"type":"Feature","id":"15741","properties":{},"geometry":{"type":"Polygon","coordinates":[[[4.4667,51.89532],[4.46679,51.89498],[4.46689,51.89485],[4.4666,51.89471],[4.46782,51.89384],[4.46738,51.89355],[4.46813,51.893],[4.46932,51.89224],[4.47021,51.89181],[4.47174,51.8911],[4.47333,51.89039],[4.47425,51.89168],[4.47518,51.8922],[4.47595,51.89267],[4.47607,51.8927],[4.47698,51.89319],[4.47688,51.89329],[4.47664,51.89323],[4.4766,51.89325],[4.4768,51.89337],[4.47692,51.8934],[4.47677,51.89364],[4.47546,51.89338],[4.47498,51.89339],[4.47447,51.89347],[4.47401,51.89358],[4.47148,51.89461],[4.4695,51.89565],[4.46917,51.8958],[4.46878,51.89584],[4.46838,51.89583],[4.46805,51.89572],[4.46803,51.89574],[4.4674,51.89543],[4.46731,51.89544],[4.4673,51.8954],[4.46717,51.89537],[4.4667,51.89532]]]}},{"type":"Feature","id":"15742","properties":{},"geometry":{"type":"Polygon","coordinates":[[[4.46737,51.88939],[4.4665,51.8898],[4.46465,51.89048],[4.46268,51.89095],[4.46253,51.89096],[4.46157,51.89117],[4.46261,51.89284],[4.46262,51.89293],[4.46272,51.89302],[4.46273,51.89309],[4.46261,51.89316],[4.46251,51.89346],[4.46258,51.89361],[4.46287,51.89381],[4.46342,51.89408],[4.4631,51.89436],[4.46626,51.89523],[4.4667,51.89532],[4.46679,51.89498],[4.46689,51.89485],[4.4666,51.89471],[4.46782,51.89384],[4.46738,51.89355],[4.46813,51.893],[4.46932,51.89224],[4.47021,51.89181],[4.46927,51.89099],[4.46737,51.88939]]]}},{"type":"Feature","id":"15743","properties":{},"geometry":{"type":"Polygon","coordinates":[[[4.46756,51.88647],[4.46767,51.88662],[4.46782,51.88662],[4.46784,51.88668],[4.46911,51.88776],[4.46934,51.88771],[4.46949,51.88851],[4.4701,51.88847],[4.47016,51.88884],[4.47033,51.88931],[4.4704,51.8893],[4.47064,51.88974],[4.47055,51.88977],[4.47099,51.89033],[4.47174,51.8911],[4.47021,51.89181],[4.46927,51.89099],[4.46737,51.88939],[4.46626,51.88842],[4.46532,51.88743],[4.46534,51.88733],[4.46546,51.8873],[4.4655,51.88724],[4.46608,51.88714],[4.46756,51.88647]]]}},{"type":"Feature","id":"15744","properties":{},"geometry":{"type":"Polygon","coordinates":[[[4.46737,51.88939],[4.4665,51.8898],[4.46465,51.89048],[4.46268,51.89095],[4.46253,51.89096],[4.46157,51.89117],[4.46093,51.89036],[4.45978,51.88853],[4.46095,51.88825],[4.46175,51.88816],[4.46299,51.88797],[4.46532,51.88743],[4.46626,51.88842],[4.46737,51.88939]]]}},{"type":"Feature","id":"15745","properties":{},"geometry":{"type":"Polygon","coordinates":[[[4.47333,51.89039],[4.47174,51.8911],[4.47099,51.89033],[4.47055,51.88977],[4.47064,51.88974],[4.4704,51.8893],[4.47033,51.88931],[4.47016,51.88884],[4.4701,51.88847],[4.46949,51.88851],[4.46934,51.88771],[4.46911,51.88776],[4.46784,51.88668],[4.46782,51.88662],[4.46767,51.88662],[4.46756,51.88647],[4.46777,51.88639],[4.46857,51.88607],[4.46922,51.88592],[4.46976,51.88587],[4.47061,51.88589],[4.47194,51.8858],[4.47241,51.88833],[4.47258,51.88933],[4.47333,51.89039]]]}},{"type":"Feature","id":"15746","properties":{},"geometry":{"type":"Polygon","coordinates":[[[4.4648,51.88482],[4.46481,51.88467],[4.46481,51.88464],[4.46489,51.88463],[4.46484,51.88433],[4.46466,51.88357],[4.4646,51.88352],[4.46425,51.88353],[4.46326,51.88358],[4.46234,51.88378],[4.461,51.88401],[4.46061,51.88412],[4.45981,51.88435],[4.45994,51.88466],[4.45952,51.88474],[4.45951,51.88471],[4.45938,51.88473],[4.45931,51.88467],[4.45885,51.88475],[4.4588,51.88467],[4.45854,51.88471],[4.45851,51.88466],[4.4578,51.88482],[4.45894,51.88681],[4.45946,51.88772],[4.45953,51.88791],[4.45978,51.88853],[4.46095,51.88825],[4.46175,51.88816],[4.46299,51.88797],[4.46532,51.88743],[4.46534,51.88733],[4.46546,51.8873],[4.4655,51.88724],[4.4654,51.88707],[4.46536,51.88708],[4.46522,51.88675],[4.46495,51.88495],[4.46485,51.88495],[4.4648,51.88482]]]}},{"type":"Feature","id":"15747","properties":{},"geometry":{"type":"Polygon","coordinates":[[[4.46857,51.88607],[4.46922,51.88592],[4.46976,51.88587],[4.47061,51.88589],[4.47194,51.8858],[4.47202,51.88579],[4.4718,51.88457],[4.47171,51.88458],[4.47166,51.8843],[4.47159,51.8841],[4.47144,51.8833],[4.47076,51.88336],[4.47069,51.88325],[4.46965,51.88331],[4.46932,51.88331],[4.46932,51.88329],[4.46929,51.88331],[4.46844,51.88336],[4.4684,51.88338],[4.4682,51.88339],[4.4682,51.88335],[4.46637,51.88344],[4.46572,51.88347],[4.46557,51.8835],[4.4646,51.88352],[4.46466,51.88357],[4.46484,51.88433],[4.46489,51.88463],[4.46481,51.88464],[4.46481,51.88467],[4.4648,51.88482],[4.46485,51.88495],[4.46495,51.88495],[4.46522,51.88675],[4.46536,51.88708],[4.4654,51.88707],[4.4655,51.88724],[4.46608,51.88714],[4.46756,51.88647],[4.46777,51.88639],[4.46857,51.88607]]]}},{"type":"Feature","id":"15750","properties":{},"geometry":{"type":"Polygon","coordinates":[[[4.46368,51.8798],[4.46329,51.87935],[4.46032,51.87658],[4.46022,51.87654],[4.46023,51.87649],[4.45901,51.87661],[4.45912,51.87674],[4.45786,51.87724],[4.45794,51.87732],[4.45803,51.87732],[4.45795,51.87741],[4.45799,51.87787],[4.45837,51.8779],[4.45837,51.87797],[4.45884,51.87803],[4.45876,51.8783],[4.45924,51.87836],[4.45911,51.87889],[4.45947,51.87892],[4.45948,51.87889],[4.45972,51.87912],[4.45974,51.87935],[4.46008,51.87934],[4.46024,51.87981],[4.46053,51.87979],[4.46065,51.88042],[4.45977,51.88047],[4.45965,51.88051],[4.45957,51.88078],[4.45953,51.8815],[4.45906,51.88155],[4.45946,51.88304],[4.45974,51.88346],[4.46005,51.8834],[4.46025,51.88372],[4.46061,51.88412],[4.461,51.88401],[4.46234,51.88378],[4.46326,51.88358],[4.46425,51.88353],[4.46424,51.88345],[4.46416,51.88343],[4.46413,51.88335],[4.46404,51.88278],[4.46411,51.88275],[4.4638,51.88247],[4.46376,51.88202],[4.46386,51.88202],[4.46378,51.88149],[4.46369,51.88149],[4.46371,51.88133],[4.46426,51.8813],[4.46436,51.88123],[4.46417,51.88065],[4.46398,51.88024],[4.46368,51.8798]]]}},{"type":"Feature","id":"15751","properties":{},"geometry":{"type":"Polygon","coordinates":[[[4.45894,51.87435],[4.45784,51.87347],[4.45743,51.87309],[4.45719,51.87281],[4.45707,51.87273],[4.45662,51.87291],[4.45654,51.87288],[4.45593,51.873],[4.45625,51.87342],[4.45628,51.87355],[4.45621,51.87362],[4.4561,51.87395],[4.4561,51.87499],[4.45619,51.87567],[4.4564,51.8763],[4.45671,51.87669],[4.45686,51.87685],[4.457,51.87736],[4.45705,51.8774],[4.45713,51.8774],[4.45786,51.87724],[4.45912,51.87674],[4.45901,51.87661],[4.46023,51.87649],[4.46022,51.87654],[4.46032,51.87658],[4.46329,51.87935],[4.46368,51.8798],[4.46398,51.88024],[4.46417,51.88065],[4.46436,51.88123],[4.46426,51.8813],[4.46371,51.88133],[4.46369,51.88149],[4.46378,51.88149],[4.46386,51.88202],[4.46376,51.88202],[4.4638,51.88247],[4.46411,51.88275],[4.46404,51.88278],[4.46413,51.88335],[4.46416,51.88343],[4.46424,51.88345],[4.46425,51.88353],[4.4646,51.88352],[4.46557,51.8835],[4.46572,51.88347],[4.46637,51.88344],[4.4682,51.88335],[4.4682,51.88339],[4.4684,51.88338],[4.46844,51.88336],[4.46929,51.88331],[4.46932,51.88329],[4.46932,51.88331],[4.46965,51.88331],[4.47069,51.88325],[4.47076,51.88336],[4.47144,51.8833],[4.47141,51.88315],[4.47134,51.88314],[4.4713,51.8831],[4.47111,51.88206],[4.47103,51.88199],[4.47084,51.88178],[4.47079,51.88178],[4.47023,51.88124],[4.46952,51.88087],[4.46722,51.87946],[4.46669,51.87909],[4.46655,51.87913],[4.46594,51.87876],[4.46579,51.87863],[4.46363,51.87734],[4.46316,51.87702],[4.46307,51.877],[4.46214,51.87639],[4.46053,51.87541],[4.45894,51.87435]]]}},{"type":"Feature","id":"15752","properties":{},"geometry":{"type":"Polygon","coordinates":[[[4.45662,51.87291],[4.45707,51.87273],[4.45607,51.87171],[4.45594,51.87157],[4.45549,51.87164],[4.45549,51.87164],[4.45562,51.87177],[4.45548,51.87181],[4.45471,51.87195],[4.45347,51.87211],[4.45311,51.8722],[4.453,51.87228],[4.45295,51.87237],[4.45299,51.87259],[4.45372,51.87312],[4.45395,51.87339],[4.45405,51.87358],[4.45366,51.87671],[4.45364,51.87706],[4.45371,51.87756],[4.45382,51.87793],[4.45391,51.87805],[4.45515,51.88016],[4.45611,51.88187],[4.45649,51.88254],[4.4578,51.88482],[4.45851,51.88466],[4.45854,51.88471],[4.4588,51.88467],[4.45885,51.88475],[4.45931,51.88467],[4.45938,51.88473],[4.45951,51.88471],[4.45952,51.88474],[4.45994,51.88466],[4.45981,51.88435],[4.46061,51.88412],[4.46025,51.88372],[4.46005,51.8834],[4.45974,51.88346],[4.45946,51.88304],[4.45906,51.88155],[4.45953,51.8815],[4.45957,51.88078],[4.45965,51.88051],[4.45977,51.88047],[4.46065,51.88042],[4.46053,51.87979],[4.46024,51.87981],[4.46008,51.87934],[4.45974,51.87935],[4.45972,51.87912],[4.45948,51.87889],[4.45947,51.87892],[4.45911,51.87889],[4.45924,51.87836],[4.45876,51.8783],[4.45884,51.87803],[4.45837,51.87797],[4.45837,51.8779],[4.45799,51.87787],[4.45795,51.87741],[4.45803,51.87732],[4.45794,51.87732],[4.45786,51.87724],[4.45713,51.8774],[4.45705,51.8774],[4.457,51.87736],[4.45686,51.87685],[4.45671,51.87669],[4.4564,51.8763],[4.45619,51.87567],[4.4561,51.87499],[4.4561,51.87395],[4.45621,51.87362],[4.45628,51.87355],[4.45625,51.87342],[4.45593,51.873],[4.45654,51.87288],[4.45662,51.87291]]]}},{"type":"Feature","id":"15760","properties":{},"geometry":{"type":"Polygon","coordinates":[[[4.49405,51.88989],[4.49151,51.88985],[4.49149,51.88989],[4.49024,51.89027],[4.48983,51.89054],[4.48968,51.89037],[4.48896,51.89054],[4.48891,51.89047],[4.48842,51.8904],[4.48816,51.89042],[4.488,51.89048],[4.48757,51.88996],[4.48747,51.88997],[4.48724,51.88958],[4.48726,51.88958],[4.48758,51.88947],[4.48762,51.88946],[4.48764,51.88949],[4.48948,51.889],[4.48964,51.88893],[4.48975,51.88893],[4.48992,51.88889],[4.48993,51.88891],[4.4907,51.88872],[4.49068,51.8887],[4.49074,51.88868],[4.4907,51.8886],[4.49084,51.88856],[4.49126,51.88846],[4.49133,51.88855],[4.49192,51.88841],[4.49209,51.88832],[4.49212,51.8882],[4.49256,51.88816],[4.4926,51.88843],[4.49275,51.8886],[4.49396,51.88933],[4.49407,51.88962],[4.49405,51.88989]]]}},{"type":"Feature","id":"15761","properties":{},"geometry":{"type":"Polygon","coordinates":[[[4.48948,51.889],[4.48764,51.88949],[4.48762,51.88946],[4.48758,51.88947],[4.48726,51.88958],[4.48657,51.88874],[4.48744,51.88851],[4.48574,51.88573],[4.48561,51.88557],[4.48579,51.88553],[4.48586,51.88563],[4.48663,51.88545],[4.48655,51.88531],[4.48707,51.88523],[4.48716,51.88563],[4.48729,51.88583],[4.4874,51.88589],[4.4875,51.8861],[4.48742,51.88615],[4.48858,51.88805],[4.4887,51.88815],[4.48904,51.88827],[4.48934,51.88866],[4.48927,51.88868],[4.48948,51.889]]]}},{"type":"Feature","id":"15762","properties":{},"geometry":{"type":"Polygon","coordinates":[[[4.49256,51.88816],[4.49212,51.8882],[4.49209,51.88832],[4.49192,51.88841],[4.49133,51.88855],[4.49126,51.88846],[4.49084,51.88856],[4.4907,51.8886],[4.49074,51.88868],[4.49068,51.8887],[4.4907,51.88872],[4.48993,51.88891],[4.48992,51.88889],[4.48975,51.88893],[4.48964,51.88893],[4.48948,51.889],[4.48927,51.88868],[4.48934,51.88866],[4.48904,51.88827],[4.4887,51.88815],[4.48858,51.88805],[4.48742,51.88615],[4.4875,51.8861],[4.4874,51.88589],[4.48729,51.88583],[4.48716,51.88563],[4.48707,51.88523],[4.48655,51.88531],[4.48647,51.88519],[4.48669,51.88514],[4.48678,51.8851],[4.48678,51.88474],[4.48674,51.88472],[4.48675,51.88469],[4.48682,51.8847],[4.48689,51.88429],[4.48987,51.88436],[4.49076,51.88444],[4.49174,51.8846],[4.492,51.88461],[4.49226,51.88458],[4.4923,51.88467],[4.4924,51.88476],[4.49196,51.88501],[4.49192,51.88519],[4.49225,51.88679],[4.49237,51.88701],[4.4924,51.88735],[4.49256,51.88816]]]}},{"type":"Feature","id":"15770","properties":{},"geometry":{"type":"Polygon","coordinates":[[[4.46594,51.87876],[4.46655,51.87913],[4.46669,51.87909],[4.46674,51.87907],[4.46669,51.87896],[4.46713,51.87888],[4.46796,51.87877],[4.46807,51.8788],[4.46807,51.87878],[4.46843,51.87869],[4.47002,51.87852],[4.46954,51.87684],[4.4694,51.87638],[4.46925,51.87639],[4.46922,51.87631],[4.46901,51.87633],[4.469,51.8763],[4.46948,51.87625],[4.46911,51.87504],[4.46915,51.87503],[4.46907,51.87496],[4.46902,51.87473],[4.46927,51.8747],[4.46925,51.87464],[4.46923,51.87457],[4.46831,51.87467],[4.46833,51.87474],[4.46663,51.87496],[4.46573,51.87506],[4.46351,51.87531],[4.46349,51.87536],[4.4629,51.87543],[4.46305,51.87596],[4.46251,51.87618],[4.46214,51.87639],[4.46307,51.877],[4.46316,51.87702],[4.46363,51.87734],[4.46579,51.87863],[4.46594,51.87876]]]}},{"type":"Feature","id":"15771","properties":{},"geometry":{"type":"Polygon","coordinates":[[[4.47002,51.87852],[4.46954,51.87684],[4.47021,51.87678],[4.47021,51.8768],[4.47151,51.87666],[4.47158,51.87668],[4.47159,51.87664],[4.47585,51.87616],[4.47612,51.87698],[4.47606,51.87701],[4.4762,51.87699],[4.47633,51.87744],[4.47721,51.87734],[4.47766,51.87734],[4.47834,51.87723],[4.47846,51.87765],[4.47709,51.87773],[4.47469,51.878],[4.47057,51.87846],[4.47002,51.87852]]]}},{"type":"Feature","id":"15772","properties":{},"geometry":{"type":"Polygon","coordinates":[[[4.47724,51.87368],[4.4773,51.87366],[4.47711,51.87368],[4.47712,51.87371],[4.4765,51.87383],[4.47635,51.87388],[4.47594,51.87393],[4.47593,51.8739],[4.47484,51.87402],[4.47483,51.87398],[4.47465,51.874],[4.47457,51.87401],[4.47458,51.87403],[4.47466,51.87402],[4.47468,51.87405],[4.47459,51.87406],[4.47459,51.87408],[4.47394,51.87415],[4.47393,51.87413],[4.47383,51.87415],[4.47382,51.87412],[4.47392,51.87411],[4.47391,51.87408],[4.47378,51.8741],[4.47364,51.87411],[4.47365,51.87415],[4.47256,51.87427],[4.47256,51.87431],[4.47181,51.87439],[4.47145,51.87443],[4.47142,51.87434],[4.47136,51.87434],[4.47138,51.87441],[4.46925,51.87464],[4.46927,51.8747],[4.46902,51.87473],[4.46907,51.87496],[4.46915,51.87503],[4.46911,51.87504],[4.46948,51.87625],[4.469,51.8763],[4.46901,51.87633],[4.46922,51.87631],[4.46925,51.87639],[4.4694,51.87638],[4.46954,51.87684],[4.47021,51.87678],[4.47021,51.8768],[4.47151,51.87666],[4.47158,51.87668],[4.47159,51.87664],[4.47585,51.87616],[4.47612,51.87698],[4.47606,51.87701],[4.4762,51.87699],[4.47633,51.87744],[4.47721,51.87734],[4.47766,51.87734],[4.47834,51.87723],[4.47773,51.87516],[4.47766,51.87517],[4.47735,51.8741],[4.47724,51.87368]]]}},{"type":"Feature","id":"15773","properties":{},"geometry":{"type":"Polygon","coordinates":[[[4.46349,51.87536],[4.46351,51.87531],[4.46573,51.87506],[4.46663,51.87496],[4.46638,51.87409],[4.46624,51.8741],[4.46622,51.87406],[4.46601,51.87408],[4.46599,51.87403],[4.46635,51.87399],[4.46622,51.87332],[4.46595,51.87243],[4.46015,51.87307],[4.46012,51.87307],[4.45916,51.87318],[4.4591,51.87326],[4.45844,51.87334],[4.45841,51.87329],[4.45837,51.8733],[4.45838,51.87334],[4.45795,51.87339],[4.45797,51.87341],[4.45784,51.87347],[4.45894,51.87435],[4.46053,51.87541],[4.46214,51.87639],[4.46251,51.87618],[4.46305,51.87596],[4.4629,51.87543],[4.46349,51.87536]]]}},{"type":"Feature","id":"15774","properties":{},"geometry":{"type":"Polygon","coordinates":[[[4.47181,51.87439],[4.47145,51.87443],[4.47142,51.87434],[4.47136,51.87434],[4.47138,51.87441],[4.46925,51.87464],[4.46923,51.87457],[4.46831,51.87467],[4.46833,51.87474],[4.46663,51.87496],[4.46638,51.87409],[4.46624,51.8741],[4.46622,51.87406],[4.46601,51.87408],[4.46599,51.87403],[4.46635,51.87399],[4.46622,51.87332],[4.46595,51.87243],[4.46977,51.872],[4.46976,51.87198],[4.47115,51.87182],[4.47112,51.87192],[4.4713,51.87249],[4.47117,51.87251],[4.47121,51.87272],[4.47122,51.87274],[4.47134,51.87273],[4.47135,51.87277],[4.47129,51.87278],[4.4713,51.87282],[4.47136,51.87282],[4.47154,51.87342],[4.47088,51.87349],[4.4709,51.87356],[4.47155,51.87349],[4.47181,51.87439]]]}},{"type":"Feature","id":"15775","properties":{},"geometry":{"type":"Polygon","coordinates":[[[4.47711,51.87368],[4.47712,51.87371],[4.4765,51.87383],[4.47635,51.87388],[4.47594,51.87393],[4.47593,51.8739],[4.47484,51.87402],[4.47483,51.87398],[4.47465,51.874],[4.47457,51.87401],[4.47458,51.87403],[4.47466,51.87402],[4.47468,51.87405],[4.47459,51.87406],[4.47459,51.87408],[4.47394,51.87415],[4.47393,51.87413],[4.47383,51.87415],[4.47382,51.87412],[4.47392,51.87411],[4.47391,51.87408],[4.47378,51.8741],[4.47364,51.87411],[4.47365,51.87415],[4.47256,51.87427],[4.47256,51.87431],[4.47181,51.87439],[4.47155,51.87349],[4.4709,51.87356],[4.47088,51.87349],[4.47154,51.87342],[4.47136,51.87282],[4.4713,51.87282],[4.47129,51.87278],[4.47135,51.87277],[4.47134,51.87273],[4.47122,51.87274],[4.47121,51.87272],[4.47117,51.87251],[4.4713,51.87249],[4.47112,51.87192],[4.47115,51.87182],[4.47659,51.87124],[4.47666,51.87147],[4.47668,51.87155],[4.47635,51.87159],[4.4764,51.87176],[4.47648,51.8718],[4.47657,51.87213],[4.4765,51.87214],[4.4768,51.87315],[4.47687,51.87314],[4.47696,51.87348],[4.47691,51.87352],[4.47696,51.8737],[4.47711,51.87368]]]}},{"type":"Feature","id":"15776","properties":{},"geometry":{"type":"Polygon","coordinates":[[[4.4655,51.86992],[4.46547,51.86982],[4.46541,51.86979],[4.46538,51.86966],[4.46555,51.86951],[4.46558,51.86941],[4.46551,51.86933],[4.46533,51.86927],[4.46533,51.86901],[4.46537,51.86865],[4.46533,51.86863],[4.46533,51.86854],[4.4626,51.8693],[4.46143,51.8697],[4.4595,51.87052],[4.45938,51.87057],[4.45943,51.87061],[4.45816,51.87115],[4.45713,51.87148],[4.45645,51.87165],[4.45607,51.87171],[4.45707,51.87273],[4.45719,51.87281],[4.45743,51.87309],[4.45784,51.87347],[4.45797,51.87341],[4.45795,51.87339],[4.45838,51.87334],[4.45837,51.8733],[4.45841,51.87329],[4.45844,51.87334],[4.4591,51.87326],[4.45916,51.87318],[4.46012,51.87307],[4.46015,51.87307],[4.46595,51.87243],[4.46556,51.87115],[4.4656,51.87112],[4.46558,51.87104],[4.46517,51.87108],[4.46513,51.87094],[4.46543,51.87091],[4.46541,51.87085],[4.46553,51.87085],[4.46552,51.87081],[4.46544,51.87082],[4.46521,51.87002],[4.46529,51.87001],[4.46523,51.86995],[4.4655,51.86992]]]}},{"type":"Feature","id":"15777","properties":{},"geometry":{"type":"Polygon","coordinates":[[[4.47068,51.87049],[4.47091,51.87046],[4.47073,51.86979],[4.47426,51.8694],[4.47423,51.86934],[4.47416,51.8693],[4.47416,51.86921],[4.47567,51.86921],[4.47586,51.86924],[4.47574,51.86906],[4.46868,51.86902],[4.46533,51.86901],[4.46533,51.86927],[4.46551,51.86933],[4.46558,51.86941],[4.46555,51.86951],[4.46538,51.86966],[4.46541,51.86979],[4.46547,51.86982],[4.4655,51.86992],[4.46523,51.86995],[4.46529,51.87001],[4.46521,51.87002],[4.46544,51.87082],[4.46552,51.87081],[4.46553,51.87085],[4.46541,51.87085],[4.46543,51.87091],[4.46513,51.87094],[4.46517,51.87108],[4.46558,51.87104],[4.4656,51.87112],[4.46556,51.87115],[4.46595,51.87243],[4.46977,51.872],[4.46976,51.87198],[4.47115,51.87182],[4.47109,51.87161],[4.47066,51.87165],[4.47066,51.87163],[4.47092,51.8716],[4.47077,51.87106],[4.47082,51.87106],[4.4707,51.87062],[4.47068,51.87049]]]}},{"type":"Feature","id":"15778","properties":{},"geometry":{"type":"Polygon","coordinates":[[[4.47659,51.87124],[4.47115,51.87182],[4.47109,51.87161],[4.47066,51.87165],[4.47066,51.87163],[4.47092,51.8716],[4.47077,51.87106],[4.47082,51.87106],[4.4707,51.87062],[4.47068,51.87049],[4.47091,51.87046],[4.47073,51.86979],[4.47426,51.8694],[4.47423,51.86934],[4.47416,51.8693],[4.47416,51.86921],[4.47567,51.86921],[4.47586,51.86924],[4.47619,51.86994],[4.47659,51.87124]]]}},{"type":"Feature","id":"15781","properties":{},"geometry":{"type":"Polygon","coordinates":[[[4.47057,51.87846],[4.4706,51.87858],[4.47066,51.87857],[4.47069,51.87864],[4.47077,51.87862],[4.47095,51.87911],[4.47106,51.87969],[4.47114,51.87989],[4.4711,51.88005],[4.47124,51.88101],[4.47144,51.88099],[4.47147,51.88111],[4.47119,51.88112],[4.47112,51.88134],[4.4708,51.88163],[4.47079,51.88178],[4.47023,51.88124],[4.46952,51.88087],[4.46722,51.87946],[4.46669,51.87909],[4.46674,51.87907],[4.46669,51.87896],[4.46713,51.87888],[4.46796,51.87877],[4.46807,51.8788],[4.46807,51.87878],[4.46843,51.87869],[4.47002,51.87852],[4.47057,51.87846]]]}},{"type":"Feature","id":"15782","properties":{},"geometry":{"type":"Polygon","coordinates":[[[4.47902,51.87956],[4.47846,51.87765],[4.47846,51.87765],[4.47709,51.87773],[4.47469,51.878],[4.47057,51.87846],[4.4706,51.87858],[4.47066,51.87857],[4.47069,51.87864],[4.47077,51.87862],[4.47095,51.87911],[4.47106,51.87969],[4.47114,51.87989],[4.4711,51.88005],[4.47124,51.88101],[4.47144,51.88099],[4.47147,51.88111],[4.47119,51.88112],[4.47112,51.88134],[4.4708,51.88163],[4.47079,51.88178],[4.47084,51.88178],[4.47103,51.88199],[4.47111,51.88206],[4.4713,51.8831],[4.47134,51.88314],[4.47141,51.88315],[4.47144,51.8833],[4.47159,51.8841],[4.47166,51.8843],[4.47505,51.88417],[4.47508,51.88442],[4.47499,51.88442],[4.47519,51.8858],[4.47595,51.8858],[4.47972,51.88618],[4.47973,51.88624],[4.47973,51.88622],[4.47976,51.88624],[4.48005,51.88625],[4.48005,51.88627],[4.4802,51.88627],[4.48024,51.88629],[4.48024,51.88627],[4.48034,51.88628],[4.48034,51.8863],[4.48049,51.88629],[4.48049,51.88631],[4.48053,51.8863],[4.48101,51.88634],[4.48107,51.88637],[4.48136,51.88638],[4.4814,51.8864],[4.48143,51.88639],[4.48144,51.88641],[4.48146,51.88636],[4.48164,51.88637],[4.48218,51.88643],[4.48246,51.88633],[4.48248,51.88627],[4.48286,51.88622],[4.48561,51.88557],[4.48579,51.88553],[4.48586,51.88563],[4.48663,51.88545],[4.48655,51.88531],[4.48647,51.88519],[4.48669,51.88514],[4.48609,51.88486],[4.48348,51.88392],[4.48272,51.88358],[4.48206,51.88321],[4.48174,51.88301],[4.48115,51.88258],[4.48066,51.88215],[4.4803,51.88177],[4.47982,51.88113],[4.47954,51.88067],[4.47922,51.88005],[4.47902,51.87956]]]}},{"type":"Feature","id":"15783","properties":{},"geometry":{"type":"Polygon","coordinates":[[[4.49766,51.87956],[4.49715,51.87937],[4.49489,51.87837],[4.49426,51.87819],[4.49091,51.87739],[4.49019,51.87725],[4.48938,51.87714],[4.48781,51.87706],[4.48498,51.87714],[4.48337,51.87724],[4.48303,51.87727],[4.4797,51.8776],[4.47942,51.87766],[4.4794,51.87772],[4.47861,51.8778],[4.47857,51.87765],[4.47846,51.87765],[4.47902,51.87956],[4.47922,51.88005],[4.47954,51.88067],[4.47982,51.88113],[4.4803,51.88177],[4.48066,51.88215],[4.48115,51.88258],[4.48174,51.88301],[4.48206,51.88321],[4.48272,51.88358],[4.48348,51.88392],[4.48609,51.88486],[4.48669,51.88514],[4.48678,51.8851],[4.48678,51.88474],[4.48674,51.88472],[4.48675,51.88469],[4.48682,51.8847],[4.48689,51.88429],[4.48987,51.88436],[4.49076,51.88444],[4.49174,51.8846],[4.492,51.88461],[4.49226,51.88458],[4.4923,51.88467],[4.4924,51.88476],[4.49317,51.88443],[4.49398,51.88413],[4.49651,51.88339],[4.49751,51.88307],[4.49825,51.88271],[4.49981,51.88165],[4.50066,51.88102],[4.50028,51.88084],[4.50032,51.88077],[4.50009,51.88063],[4.49775,51.8796],[4.49771,51.87962],[4.49763,51.87959],[4.49766,51.87956]]]}},{"type":"Feature","id":"15784","properties":{},"geometry":{"type":"Polygon","coordinates":[[[4.49464,51.86953],[4.49525,51.86961],[4.49545,51.86953],[4.49544,51.8695],[4.49562,51.86936],[4.49596,51.86933],[4.49645,51.86939],[4.49642,51.86952],[4.49715,51.86957],[4.49734,51.86943],[4.50159,51.86977],[4.50164,51.86977],[4.50174,51.86989],[4.50172,51.86992],[4.5016,51.87022],[4.5015,51.87023],[4.50143,51.87074],[4.50139,51.87074],[4.50109,51.87223],[4.50107,51.87229],[4.50148,51.87229],[4.50145,51.87236],[4.50155,51.87265],[4.50153,51.87282],[4.50079,51.87375],[4.50051,51.87424],[4.5003,51.8745],[4.50029,51.8747],[4.50014,51.8752],[4.50024,51.87524],[4.49934,51.87672],[4.49904,51.87723],[4.49897,51.87754],[4.49885,51.87777],[4.49793,51.87875],[4.49715,51.87937],[4.49766,51.87956],[4.49763,51.87959],[4.49771,51.87962],[4.49775,51.8796],[4.50009,51.88063],[4.50032,51.88077],[4.50028,51.88084],[4.50066,51.88102],[4.50106,51.88068],[4.50354,51.87888],[4.50468,51.87818],[4.50598,51.87754],[4.50637,51.87736],[4.50863,51.8763],[4.5105,51.87549],[4.51074,51.87544],[4.51107,51.87522],[4.51105,51.87521],[4.51116,51.87507],[4.51351,51.87284],[4.51416,51.87214],[4.51449,51.8717],[4.51475,51.87123],[4.51504,51.87046],[4.5152,51.8694],[4.51524,51.86904],[4.5089,51.86901],[4.50212,51.869],[4.49612,51.86897],[4.49614,51.86902],[4.49548,51.86902],[4.49549,51.86897],[4.49439,51.86897],[4.49439,51.86908],[4.49434,51.86952],[4.49464,51.86953]]]}},{"type":"Feature","id":"15931","properties":{},"geometry":{"type":"Polygon","coordinates":[[[4.4159,51.89119],[4.41555,51.89127],[4.41557,51.89132],[4.41562,51.89133],[4.4155,51.89138],[4.41557,51.8914],[4.42001,51.89285],[4.4203,51.89297],[4.42043,51.89315],[4.42039,51.89333],[4.42016,51.89358],[4.42212,51.89421],[4.42544,51.89028],[4.42558,51.89027],[4.42544,51.88986],[4.42529,51.88966],[4.4247,51.88928],[4.42417,51.889],[4.42364,51.88937],[4.42331,51.8895],[4.42298,51.88958],[4.42284,51.88957],[4.42275,51.88954],[4.42162,51.8898],[4.42164,51.88983],[4.42148,51.8898],[4.42157,51.88997],[4.42146,51.88999],[4.4159,51.89119]]]}},{"type":"Feature","id":"15932","properties":{},"geometry":{"type":"Polygon","coordinates":[[[4.42417,51.889],[4.42364,51.88937],[4.42331,51.8895],[4.42298,51.88958],[4.42284,51.88957],[4.42275,51.88954],[4.42162,51.8898],[4.42164,51.88983],[4.42148,51.8898],[4.42087,51.88873],[4.41997,51.88716],[4.42012,51.88708],[4.42062,51.88692],[4.42546,51.88586],[4.42589,51.88588],[4.42625,51.88598],[4.42622,51.88602],[4.42536,51.88713],[4.42392,51.88885],[4.42417,51.889]]]}},{"type":"Feature","id":"15933","properties":{},"geometry":{"type":"Polygon","coordinates":[[[4.42016,51.89358],[4.42212,51.89421],[4.42176,51.89465],[4.42163,51.89505],[4.42169,51.89544],[4.42183,51.8957],[4.42201,51.89592],[4.42203,51.89603],[4.42231,51.89628],[4.42249,51.89638],[4.42393,51.89679],[4.42384,51.897],[4.42038,51.89644],[4.41876,51.89631],[4.41911,51.89467],[4.41983,51.8938],[4.42016,51.89358]]]}},{"type":"Feature","id":"15935","properties":{},"geometry":{"type":"Polygon","coordinates":[[[4.42241,51.89537],[4.42201,51.89592],[4.42183,51.8957],[4.42169,51.89544],[4.42163,51.89505],[4.42176,51.89465],[4.42212,51.89421],[4.42544,51.89028],[4.42558,51.89027],[4.42565,51.89042],[4.42588,51.89112],[4.42583,51.89142],[4.42363,51.89407],[4.42323,51.89453],[4.42269,51.89502],[4.42241,51.89537]]]}},{"type":"Feature","id":"16920","properties":{},"geometry":{"type":"Polygon","coordinates":[[[4.34906,51.86714],[4.34997,51.86666],[4.35042,51.86632],[4.35116,51.86618],[4.35165,51.86595],[4.35164,51.86584],[4.35186,51.86571],[4.35214,51.86568],[4.35198,51.86544],[4.35194,51.86519],[4.35201,51.86495],[4.35228,51.86445],[4.35232,51.86445],[4.35236,51.86438],[4.35243,51.86425],[4.35249,51.86427],[4.35251,51.86422],[4.35245,51.86421],[4.35252,51.8641],[4.35248,51.86409],[4.35293,51.86328],[4.35301,51.86328],[4.35322,51.86288],[4.3533,51.86271],[4.35256,51.86255],[4.35253,51.86261],[4.35215,51.86257],[4.35063,51.86225],[4.34981,51.86193],[4.34908,51.86176],[4.34714,51.8615],[4.3465,51.86138],[4.34517,51.86099],[4.34445,51.86075],[4.3437,51.86054],[4.34282,51.86036],[4.34266,51.86038],[4.34255,51.86045],[4.34267,51.86051],[4.34253,51.86064],[4.3424,51.86059],[4.33965,51.85946],[4.33707,51.86249],[4.33554,51.8643],[4.33455,51.86555],[4.33363,51.86689],[4.33061,51.87179],[4.33385,51.87247],[4.33395,51.87229],[4.33432,51.87237],[4.33466,51.87195],[4.33427,51.8717],[4.33423,51.87163],[4.33424,51.87155],[4.33442,51.87129],[4.33454,51.87118],[4.33479,51.8711],[4.33504,51.87112],[4.33647,51.87143],[4.33659,51.87144],[4.3367,51.87141],[4.33758,51.87087],[4.34021,51.86967],[4.34057,51.86952],[4.34114,51.86937],[4.34129,51.86933],[4.34174,51.86928],[4.34306,51.86927],[4.34306,51.86923],[4.34333,51.86924],[4.34434,51.86919],[4.34437,51.86914],[4.34447,51.86916],[4.34546,51.86896],[4.34647,51.86856],[4.34805,51.86775],[4.34821,51.86765],[4.34906,51.86714]]]}},{"type":"Feature","id":"16921","properties":{},"geometry":{"type":"Polygon","coordinates":[[[4.35343,51.86751],[4.35336,51.86742],[4.35339,51.86742],[4.35344,51.8673],[4.35329,51.86712],[4.35302,51.86705],[4.35292,51.86692],[4.35306,51.867],[4.35293,51.86684],[4.353,51.86682],[4.35275,51.86651],[4.35278,51.86649],[4.35242,51.86604],[4.35243,51.86599],[4.35255,51.86592],[4.3524,51.86573],[4.35229,51.86573],[4.35218,51.86567],[4.35214,51.86568],[4.35186,51.86571],[4.35164,51.86584],[4.35165,51.86595],[4.35116,51.86618],[4.35042,51.86632],[4.34997,51.86666],[4.34906,51.86714],[4.34821,51.86765],[4.34805,51.86775],[4.34647,51.86856],[4.34546,51.86896],[4.34447,51.86916],[4.34437,51.86914],[4.34434,51.86919],[4.34333,51.86924],[4.34306,51.86923],[4.34306,51.86927],[4.34174,51.86928],[4.34129,51.86933],[4.34114,51.86937],[4.34057,51.86952],[4.34021,51.86967],[4.33758,51.87087],[4.3367,51.87141],[4.33659,51.87144],[4.33647,51.87143],[4.33504,51.87112],[4.33479,51.8711],[4.33454,51.87118],[4.33442,51.87129],[4.33424,51.87155],[4.33423,51.87163],[4.33427,51.8717],[4.33466,51.87195],[4.33474,51.87185],[4.33578,51.87221],[4.33682,51.87251],[4.33832,51.87282],[4.33841,51.87294],[4.3386,51.87293],[4.339,51.873],[4.34027,51.87325],[4.34021,51.87368],[4.34225,51.87386],[4.34361,51.87412],[4.34515,51.87449],[4.34773,51.87505],[4.34872,51.87523],[4.34989,51.8754],[4.35698,51.87616],[4.35701,51.87599],[4.35857,51.87611],[4.35874,51.87536],[4.35895,51.87511],[4.35896,51.87491],[4.35885,51.87458],[4.35873,51.87439],[4.35818,51.87376],[4.35818,51.87374],[4.35809,51.87373],[4.35804,51.87366],[4.35701,51.87175],[4.3571,51.87157],[4.35687,51.87114],[4.35662,51.87104],[4.35618,51.87027],[4.35612,51.87009],[4.35603,51.87001],[4.35604,51.86997],[4.35595,51.86994],[4.35591,51.86987],[4.35582,51.8699],[4.35435,51.86838],[4.35439,51.86837],[4.35428,51.86825],[4.35437,51.86821],[4.35431,51.86807],[4.3542,51.86796],[4.35407,51.86789],[4.35384,51.86789],[4.35349,51.86751],[4.35343,51.86751]]]}},{"type":"Feature","id":"16922","properties":{},"geometry":{"type":"Polygon","coordinates":[[[4.36819,51.87168],[4.36941,51.87161],[4.37131,51.87139],[4.37125,51.87123],[4.37085,51.87096],[4.37068,51.87074],[4.37056,51.87078],[4.3702,51.87028],[4.36998,51.87006],[4.36984,51.86999],[4.3695,51.87008],[4.36924,51.86976],[4.36932,51.86971],[4.36919,51.86955],[4.36784,51.86834],[4.36765,51.86838],[4.36658,51.86732],[4.36557,51.86632],[4.36512,51.86563],[4.36549,51.86554],[4.36523,51.86513],[4.3652,51.86513],[4.36466,51.86518],[4.36419,51.86509],[4.36377,51.86509],[4.36355,51.86507],[4.36347,51.86518],[4.3638,51.86528],[4.36388,51.86535],[4.36387,51.86542],[4.36368,51.86555],[4.36325,51.86564],[4.36319,51.86554],[4.36005,51.86629],[4.35997,51.86628],[4.3599,51.8663],[4.35626,51.86721],[4.35497,51.86755],[4.35418,51.86771],[4.35407,51.86789],[4.3542,51.86796],[4.35431,51.86807],[4.35437,51.86821],[4.35428,51.86825],[4.35439,51.86837],[4.35435,51.86838],[4.35582,51.8699],[4.35591,51.86987],[4.35595,51.86994],[4.35604,51.86997],[4.35603,51.87001],[4.35612,51.87009],[4.35618,51.87027],[4.35662,51.87104],[4.35687,51.87114],[4.3571,51.87157],[4.35701,51.87175],[4.35804,51.87366],[4.35809,51.87373],[4.35818,51.87374],[4.35818,51.87376],[4.35935,51.87377],[4.36014,51.87372],[4.36035,51.87367],[4.36037,51.87371],[4.36046,51.87371],[4.36208,51.87328],[4.36382,51.87283],[4.36378,51.87278],[4.36417,51.87267],[4.3642,51.87272],[4.36622,51.8722],[4.36619,51.87215],[4.36657,51.87204],[4.3666,51.87209],[4.36791,51.87176],[4.36819,51.87168]]]}},{"type":"Feature","id":"16923","properties":{},"geometry":{"type":"Polygon","coordinates":[[[4.3866,51.87056],[4.38652,51.86987],[4.38631,51.86884],[4.38623,51.86794],[4.38526,51.8675],[4.38526,51.86743],[4.38518,51.86739],[4.38505,51.86744],[4.38502,51.86752],[4.38378,51.86749],[4.38372,51.86805],[4.38296,51.86975],[4.38293,51.8699],[4.38297,51.8699],[4.38298,51.87006],[4.38285,51.87015],[4.38274,51.87014],[4.3829,51.87035],[4.38287,51.87054],[4.38232,51.87129],[4.38216,51.87143],[4.38115,51.87205],[4.38054,51.87228],[4.38057,51.87231],[4.37948,51.87276],[4.37881,51.87312],[4.37844,51.87328],[4.37749,51.87361],[4.37641,51.87389],[4.3764,51.87386],[4.37645,51.87384],[4.37637,51.87376],[4.37558,51.87396],[4.3744,51.87417],[4.37237,51.87479],[4.37206,51.87463],[4.37174,51.87452],[4.37176,51.87448],[4.37082,51.87455],[4.37058,51.87318],[4.37129,51.87283],[4.37105,51.87265],[4.3716,51.87238],[4.37128,51.87213],[4.37134,51.8721],[4.3713,51.87207],[4.37234,51.87156],[4.37219,51.87144],[4.37207,51.87141],[4.37199,51.8713],[4.37131,51.87139],[4.36941,51.87161],[4.36819,51.87168],[4.36791,51.87176],[4.3666,51.87209],[4.36657,51.87204],[4.36619,51.87215],[4.36622,51.8722],[4.3642,51.87272],[4.36417,51.87267],[4.36378,51.87278],[4.36382,51.87283],[4.36208,51.87328],[4.36046,51.87371],[4.36037,51.87371],[4.36035,51.87367],[4.36014,51.87372],[4.35935,51.87377],[4.35818,51.87376],[4.35873,51.87439],[4.35885,51.87458],[4.35896,51.87491],[4.35895,51.87511],[4.35874,51.87536],[4.35857,51.87611],[4.36161,51.87626],[4.36419,51.87644],[4.36421,51.87659],[4.36821,51.87649],[4.36861,51.87645],[4.3693,51.87663],[4.36966,51.87663],[4.36997,51.87659],[4.37016,51.8765],[4.37021,51.87639],[4.37019,51.87621],[4.37088,51.87613],[4.37089,51.87616],[4.37249,51.87592],[4.37682,51.87504],[4.37684,51.87508],[4.37636,51.87531],[4.37614,51.87554],[4.3757,51.8763],[4.37577,51.87674],[4.3757,51.8768],[4.37687,51.87683],[4.37692,51.87652],[4.37713,51.87601],[4.37731,51.87578],[4.37759,51.87557],[4.37794,51.87539],[4.37841,51.87526],[4.37938,51.87515],[4.37986,51.87517],[4.38036,51.87522],[4.38083,51.87531],[4.38136,51.87548],[4.38185,51.87569],[4.38228,51.87595],[4.38265,51.87627],[4.38361,51.87733],[4.38542,51.87738],[4.3858,51.87653],[4.38631,51.87507],[4.38652,51.87412],[4.38663,51.87339],[4.3867,51.87214],[4.3866,51.87056]]]}},{"type":"Feature","id":"16924","properties":{},"geometry":{"type":"Polygon","coordinates":[[[4.37896,51.86605],[4.36994,51.8679],[4.36784,51.86834],[4.36919,51.86955],[4.36932,51.86971],[4.36924,51.86976],[4.3695,51.87008],[4.36984,51.86999],[4.36998,51.87006],[4.3702,51.87028],[4.37056,51.87078],[4.37068,51.87074],[4.37085,51.87096],[4.37125,51.87123],[4.37131,51.87139],[4.37199,51.8713],[4.37207,51.87141],[4.37219,51.87144],[4.37234,51.87156],[4.3713,51.87207],[4.37134,51.8721],[4.37128,51.87213],[4.3716,51.87238],[4.37105,51.87265],[4.37129,51.87283],[4.37058,51.87318],[4.37082,51.87455],[4.37176,51.87448],[4.37174,51.87452],[4.37206,51.87463],[4.37237,51.87479],[4.3744,51.87417],[4.37558,51.87396],[4.37637,51.87376],[4.37645,51.87384],[4.3764,51.87386],[4.37641,51.87389],[4.37749,51.87361],[4.37844,51.87328],[4.37881,51.87312],[4.37948,51.87276],[4.38057,51.87231],[4.38054,51.87228],[4.38115,51.87205],[4.38216,51.87143],[4.38232,51.87129],[4.38287,51.87054],[4.3829,51.87035],[4.38274,51.87014],[4.38285,51.87015],[4.38298,51.87006],[4.38297,51.8699],[4.38293,51.8699],[4.38296,51.86975],[4.38372,51.86805],[4.38378,51.86749],[4.38382,51.86674],[4.3839,51.86651],[4.38372,51.8662],[4.38374,51.86615],[4.38356,51.8659],[4.38264,51.86613],[4.38267,51.86625],[4.38273,51.86748],[4.38256,51.86839],[4.38249,51.86843],[4.38096,51.86852],[4.38048,51.86855],[4.37918,51.86871],[4.37806,51.86907],[4.37864,51.8692],[4.37867,51.86923],[4.37863,51.86926],[4.37823,51.86921],[4.37792,51.86913],[4.37784,51.86915],[4.37775,51.86902],[4.37781,51.86901],[4.37698,51.86744],[4.37915,51.867],[4.37914,51.86697],[4.37953,51.86689],[4.37906,51.86603],[4.37896,51.86605]]]}},{"type":"Feature","id":"16925","properties":{},"geometry":{"type":"Polygon","coordinates":[[[4.38264,51.86613],[4.38356,51.8659],[4.38374,51.86615],[4.38372,51.8662],[4.3839,51.86651],[4.38382,51.86674],[4.38378,51.86749],[4.38502,51.86752],[4.38505,51.86744],[4.38518,51.86739],[4.38526,51.86743],[4.38526,51.8675],[4.38623,51.86794],[4.38729,51.86844],[4.38747,51.86848],[4.38787,51.86847],[4.38795,51.86843],[4.38802,51.86825],[4.38622,51.86622],[4.38602,51.86586],[4.38488,51.86272],[4.38549,51.86177],[4.3845,51.86173],[4.38435,51.86124],[4.38405,51.86128],[4.38385,51.86122],[4.38353,51.86126],[4.38346,51.86132],[4.38246,51.86144],[4.38229,51.8615],[4.38034,51.86174],[4.37716,51.86212],[4.37535,51.86229],[4.3754,51.8625],[4.37568,51.86248],[4.37573,51.86259],[4.3755,51.86263],[4.37567,51.86305],[4.37787,51.86265],[4.37789,51.86268],[4.37758,51.86274],[4.37761,51.8628],[4.37759,51.86315],[4.37753,51.86319],[4.37758,51.86347],[4.37896,51.86605],[4.37906,51.86603],[4.37953,51.86689],[4.37914,51.86697],[4.37915,51.867],[4.37698,51.86744],[4.37781,51.86901],[4.37775,51.86902],[4.37784,51.86915],[4.37792,51.86913],[4.37823,51.86921],[4.37863,51.86926],[4.37867,51.86923],[4.37864,51.8692],[4.37806,51.86907],[4.37918,51.86871],[4.38048,51.86855],[4.38096,51.86852],[4.38249,51.86843],[4.38256,51.86839],[4.38273,51.86748],[4.38267,51.86625],[4.38264,51.86613]]]}},{"type":"Feature","id":"16926","properties":{},"geometry":{"type":"Polygon","coordinates":[[[4.37535,51.86229],[4.37344,51.86249],[4.37233,51.86272],[4.37145,51.863],[4.37048,51.86341],[4.36886,51.86412],[4.36803,51.86443],[4.36802,51.86443],[4.36523,51.86513],[4.36549,51.86554],[4.36512,51.86563],[4.36557,51.86632],[4.36658,51.86732],[4.36765,51.86838],[4.36784,51.86834],[4.36994,51.8679],[4.37896,51.86605],[4.37758,51.86347],[4.37753,51.86319],[4.37759,51.86315],[4.37761,51.8628],[4.37758,51.86274],[4.37789,51.86268],[4.37787,51.86265],[4.37567,51.86305],[4.3755,51.86263],[4.37573,51.86259],[4.37568,51.86248],[4.3754,51.8625],[4.37535,51.86229]]]}},{"type":"Feature","id":"16990","properties":{},"geometry":{"type":"Polygon","coordinates":[[[4.35646,51.84962],[4.3566,51.84955],[4.35658,51.84953],[4.35691,51.84939],[4.35556,51.84826],[4.35493,51.84849],[4.35258,51.8495],[4.35047,51.85063],[4.34832,51.85196],[4.34617,51.85336],[4.34851,51.85442],[4.34857,51.85442],[4.3491,51.85465],[4.34916,51.85465],[4.34981,51.85493],[4.34966,51.85507],[4.34982,51.85513],[4.34985,51.85511],[4.35026,51.85543],[4.35002,51.85555],[4.35125,51.85652],[4.3522,51.85607],[4.35232,51.8561],[4.35278,51.8565],[4.35294,51.85643],[4.35303,51.85651],[4.35359,51.85625],[4.35366,51.85631],[4.35372,51.85632],[4.35396,51.8565],[4.35409,51.85645],[4.35451,51.85679],[4.3545,51.85682],[4.35385,51.85715],[4.35448,51.85765],[4.35461,51.85759],[4.35544,51.85826],[4.35649,51.8591],[4.35496,51.85983],[4.35524,51.85999],[4.35485,51.86017],[4.35495,51.86034],[4.35506,51.86043],[4.35532,51.86051],[4.35564,51.86032],[4.35569,51.86034],[4.36006,51.85824],[4.36004,51.85822],[4.36034,51.85805],[4.36043,51.85803],[4.36039,51.85793],[4.36067,51.85784],[4.36211,51.85718],[4.36262,51.85705],[4.36374,51.85689],[4.36379,51.857],[4.36385,51.85699],[4.3638,51.85688],[4.36401,51.85685],[4.36378,51.85654],[4.36367,51.85654],[4.36356,51.85649],[4.36318,51.85596],[4.36283,51.85564],[4.36276,51.85566],[4.36258,51.85547],[4.36271,51.85542],[4.36218,51.85484],[4.3623,51.8548],[4.36221,51.85469],[4.3624,51.85463],[4.36238,51.85461],[4.36246,51.85458],[4.36235,51.85436],[4.36199,51.8539],[4.36219,51.8538],[4.36172,51.85343],[4.36074,51.85233],[4.36061,51.8521],[4.36038,51.85191],[4.36029,51.85195],[4.36018,51.85184],[4.36012,51.85187],[4.3597,51.85153],[4.35962,51.85157],[4.35875,51.85088],[4.35802,51.85029],[4.35795,51.85029],[4.35781,51.85041],[4.35761,51.85031],[4.35688,51.84992],[4.35646,51.84962]]]}},{"type":"Feature","id":"16991","properties":{},"geometry":{"type":"Polygon","coordinates":[[[4.35998,51.84671],[4.35556,51.84826],[4.35691,51.84939],[4.35658,51.84953],[4.3566,51.84955],[4.35646,51.84962],[4.35688,51.84992],[4.35761,51.85031],[4.35781,51.85041],[4.35795,51.85029],[4.35802,51.85029],[4.35875,51.85088],[4.35962,51.85157],[4.3597,51.85153],[4.36012,51.85187],[4.36018,51.85184],[4.36029,51.85195],[4.36038,51.85191],[4.36061,51.8521],[4.36074,51.85233],[4.36172,51.85343],[4.36219,51.8538],[4.36199,51.8539],[4.36235,51.85436],[4.36246,51.85458],[4.36238,51.85461],[4.3624,51.85463],[4.36221,51.85469],[4.3623,51.8548],[4.36218,51.85484],[4.36271,51.85542],[4.36258,51.85547],[4.36276,51.85566],[4.36283,51.85564],[4.36318,51.85596],[4.36356,51.85649],[4.36367,51.85654],[4.36378,51.85654],[4.36401,51.85685],[4.36572,51.85666],[4.3658,51.8567],[4.36593,51.85669],[4.36625,51.85664],[4.36626,51.85658],[4.3665,51.85657],[4.36654,51.85666],[4.37054,51.85582],[4.37059,51.85578],[4.37273,51.85534],[4.37269,51.85527],[4.37385,51.85503],[4.37485,51.85482],[4.37481,51.85478],[4.37477,51.8546],[4.37471,51.85461],[4.37462,51.85455],[4.37435,51.8543],[4.37384,51.8533],[4.37331,51.85212],[4.37208,51.8494],[4.37205,51.84936],[4.37193,51.84931],[4.37192,51.84924],[4.37198,51.84923],[4.3716,51.84855],[4.37132,51.84832],[4.37164,51.84819],[4.37129,51.84825],[4.37111,51.84788],[4.37095,51.84791],[4.37093,51.84788],[4.37068,51.84793],[4.37067,51.8479],[4.37004,51.84801],[4.37005,51.84805],[4.3695,51.84816],[4.36932,51.84777],[4.36923,51.84778],[4.36899,51.84729],[4.36877,51.84733],[4.3687,51.84717],[4.36864,51.84719],[4.3686,51.84715],[4.36797,51.84727],[4.36783,51.84704],[4.36667,51.84465],[4.3649,51.84515],[4.35998,51.84671]]]}},{"type":"Feature","id":"16992","properties":{},"geometry":{"type":"Polygon","coordinates":[[[4.37933,51.84237],[4.37649,51.84262],[4.37446,51.84287],[4.37137,51.8435],[4.3676,51.84438],[4.36667,51.84465],[4.36783,51.84704],[4.36797,51.84727],[4.3686,51.84715],[4.36864,51.84719],[4.3687,51.84717],[4.36877,51.84733],[4.36899,51.84729],[4.36923,51.84778],[4.36932,51.84777],[4.3695,51.84816],[4.37005,51.84805],[4.37004,51.84801],[4.37067,51.8479],[4.37068,51.84793],[4.37093,51.84788],[4.37095,51.84791],[4.37111,51.84788],[4.37129,51.84825],[4.37164,51.84819],[4.37132,51.84832],[4.3716,51.84855],[4.37198,51.84923],[4.37192,51.84924],[4.37193,51.84931],[4.37205,51.84936],[4.37208,51.8494],[4.37331,51.85212],[4.37384,51.8533],[4.37435,51.8543],[4.37462,51.85455],[4.37471,51.85461],[4.37477,51.8546],[4.37481,51.85478],[4.37485,51.85482],[4.37737,51.8543],[4.37712,51.85388],[4.37822,51.85369],[4.37961,51.85344],[4.37951,51.85312],[4.38098,51.85286],[4.38103,51.8528],[4.38092,51.85251],[4.38217,51.85229],[4.38221,51.85226],[4.38276,51.85238],[4.3834,51.85273],[4.38354,51.85262],[4.38323,51.8524],[4.38323,51.85234],[4.38335,51.84654],[4.38357,51.84648],[4.38358,51.84612],[4.3836,51.84512],[4.38366,51.84212],[4.38102,51.84225],[4.37933,51.84237]]]}},{"type":"Feature","id":"16993","properties":{},"geometry":{"type":"Polygon","coordinates":[[[4.37237,51.85612],[4.37393,51.85561],[4.37465,51.8554],[4.37467,51.85542],[4.37504,51.85528],[4.37611,51.85501],[4.37665,51.85495],[4.37733,51.85494],[4.37801,51.85497],[4.37884,51.85505],[4.37897,51.85504],[4.37902,51.85507],[4.37907,51.85507],[4.37919,51.85524],[4.37943,51.85515],[4.37991,51.85518],[4.38016,51.85513],[4.38181,51.85409],[4.38185,51.85411],[4.38194,51.85401],[4.38342,51.85309],[4.38357,51.85302],[4.38381,51.85299],[4.38414,51.85304],[4.38354,51.85262],[4.3834,51.85273],[4.38276,51.85238],[4.38221,51.85226],[4.38217,51.85229],[4.38092,51.85251],[4.38103,51.8528],[4.38098,51.85286],[4.37951,51.85312],[4.37961,51.85344],[4.37822,51.85369],[4.37712,51.85388],[4.37737,51.8543],[4.37485,51.85482],[4.37385,51.85503],[4.37269,51.85527],[4.37273,51.85534],[4.37059,51.85578],[4.37054,51.85582],[4.36654,51.85666],[4.3665,51.85657],[4.36626,51.85658],[4.36625,51.85664],[4.36593,51.85669],[4.3658,51.8567],[4.36572,51.85666],[4.36401,51.85685],[4.36408,51.85695],[4.36431,51.85693],[4.36448,51.857],[4.36497,51.85763],[4.36518,51.85758],[4.36539,51.85787],[4.36518,51.85793],[4.36593,51.85895],[4.36596,51.85914],[4.3659,51.85921],[4.36574,51.85926],[4.36577,51.8593],[4.36605,51.85922],[4.36621,51.8591],[4.36644,51.85869],[4.36639,51.85845],[4.36657,51.85838],[4.36693,51.85836],[4.36722,51.85831],[4.36764,51.85829],[4.36767,51.85832],[4.36929,51.85756],[4.37132,51.85664],[4.3722,51.85621],[4.37237,51.85612]]]}},{"type":"Feature","id":"16994","properties":{},"geometry":{"type":"Polygon","coordinates":[[[4.37733,51.85494],[4.37665,51.85495],[4.37611,51.85501],[4.37504,51.85528],[4.37467,51.85542],[4.37465,51.8554],[4.37393,51.85561],[4.37237,51.85612],[4.37243,51.85612],[4.37263,51.85627],[4.37281,51.85616],[4.37297,51.85628],[4.37285,51.8563],[4.37292,51.85648],[4.37306,51.85668],[4.37312,51.85667],[4.37325,51.85678],[4.3737,51.85669],[4.37369,51.85666],[4.37388,51.85663],[4.37362,51.85685],[4.37358,51.85701],[4.37363,51.85707],[4.37372,51.85706],[4.37386,51.8572],[4.37381,51.85721],[4.37391,51.85732],[4.37373,51.85735],[4.37383,51.85748],[4.3739,51.85747],[4.37394,51.8575],[4.37447,51.85807],[4.37506,51.85847],[4.37557,51.85877],[4.37585,51.85897],[4.37614,51.85918],[4.37657,51.86048],[4.37661,51.86048],[4.37658,51.8605],[4.37666,51.86072],[4.37659,51.86072],[4.37662,51.86081],[4.37667,51.86099],[4.37673,51.86097],[4.37674,51.86099],[4.37693,51.86162],[4.377,51.86167],[4.37716,51.86212],[4.38034,51.86174],[4.38229,51.8615],[4.38246,51.86144],[4.38346,51.86132],[4.38353,51.86126],[4.38385,51.86122],[4.38405,51.86128],[4.38435,51.86124],[4.3835,51.85776],[4.38352,51.85721],[4.38372,51.85671],[4.38502,51.85553],[4.38516,51.85376],[4.38491,51.8536],[4.38507,51.85343],[4.38424,51.85311],[4.38414,51.85304],[4.38381,51.85299],[4.38357,51.85302],[4.38342,51.85309],[4.38194,51.85401],[4.38185,51.85411],[4.38181,51.85409],[4.38016,51.85513],[4.37991,51.85518],[4.37943,51.85515],[4.37919,51.85524],[4.37907,51.85507],[4.37902,51.85507],[4.37897,51.85504],[4.37884,51.85505],[4.37801,51.85497],[4.37733,51.85494]]]}},{"type":"Feature","id":"16995","properties":{},"geometry":{"type":"Polygon","coordinates":[[[4.35829,51.86379],[4.35824,51.86377],[4.35814,51.8638],[4.35793,51.86376],[4.35771,51.8638],[4.35482,51.86328],[4.35322,51.86288],[4.35301,51.86328],[4.35293,51.86328],[4.35248,51.86409],[4.35252,51.8641],[4.35245,51.86421],[4.35251,51.86422],[4.35249,51.86427],[4.35243,51.86425],[4.35236,51.86438],[4.35232,51.86445],[4.35228,51.86445],[4.35201,51.86495],[4.35194,51.86519],[4.35198,51.86544],[4.35214,51.86568],[4.35218,51.86567],[4.35229,51.86573],[4.3524,51.86573],[4.35255,51.86592],[4.35243,51.86599],[4.35242,51.86604],[4.35278,51.86649],[4.35275,51.86651],[4.353,51.86682],[4.35293,51.86684],[4.35306,51.867],[4.35292,51.86692],[4.35302,51.86705],[4.35329,51.86712],[4.35344,51.8673],[4.35339,51.86742],[4.35336,51.86742],[4.35343,51.86751],[4.35349,51.86751],[4.35384,51.86789],[4.35407,51.86789],[4.35418,51.86771],[4.35497,51.86755],[4.35626,51.86721],[4.3599,51.8663],[4.35997,51.86628],[4.36005,51.86629],[4.36319,51.86554],[4.36325,51.86564],[4.36368,51.86555],[4.36387,51.86542],[4.36388,51.86535],[4.3638,51.86528],[4.36347,51.86518],[4.36355,51.86507],[4.36286,51.86491],[4.36239,51.86483],[4.35869,51.86399],[4.35831,51.86392],[4.35829,51.86379]]]}},{"type":"Feature","id":"16996","properties":{},"geometry":{"type":"Polygon","coordinates":[[[4.3659,51.85921],[4.36596,51.85914],[4.36593,51.85895],[4.36518,51.85793],[4.36539,51.85787],[4.36518,51.85758],[4.36497,51.85763],[4.36448,51.857],[4.36431,51.85693],[4.36408,51.85695],[4.36401,51.85685],[4.3638,51.85688],[4.36385,51.85699],[4.36379,51.857],[4.36374,51.85689],[4.36262,51.85705],[4.36211,51.85718],[4.36067,51.85784],[4.36039,51.85793],[4.36043,51.85803],[4.36034,51.85805],[4.36004,51.85822],[4.36006,51.85824],[4.35569,51.86034],[4.35564,51.86032],[4.35532,51.86051],[4.3554,51.86058],[4.35466,51.86095],[4.35452,51.86111],[4.35441,51.86108],[4.35439,51.86111],[4.35435,51.8611],[4.35424,51.8613],[4.35413,51.86127],[4.35407,51.86134],[4.35374,51.86179],[4.3533,51.86271],[4.35322,51.86288],[4.35482,51.86328],[4.35771,51.8638],[4.35793,51.86376],[4.35814,51.8638],[4.35824,51.86377],[4.35829,51.86379],[4.35831,51.86392],[4.35869,51.86399],[4.36239,51.86483],[4.36286,51.86491],[4.36355,51.86507],[4.36377,51.86509],[4.36419,51.86509],[4.36466,51.86518],[4.3652,51.86513],[4.36523,51.86513],[4.36802,51.86443],[4.36803,51.86443],[4.36795,51.86436],[4.36804,51.86434],[4.36773,51.86383],[4.36754,51.86353],[4.3674,51.86344],[4.36668,51.86228],[4.36605,51.86127],[4.36587,51.86126],[4.36546,51.86062],[4.36542,51.86055],[4.36546,51.86054],[4.36493,51.85968],[4.36585,51.85942],[4.36577,51.8593],[4.36574,51.85926],[4.3659,51.85921]]]}},{"type":"Feature","id":"16997","properties":{},"geometry":{"type":"Polygon","coordinates":[[[4.35524,51.85999],[4.35496,51.85983],[4.35649,51.8591],[4.35544,51.85826],[4.35461,51.85759],[4.35448,51.85765],[4.35385,51.85715],[4.3545,51.85682],[4.35451,51.85679],[4.35409,51.85645],[4.35396,51.8565],[4.35372,51.85632],[4.35366,51.85631],[4.35359,51.85625],[4.35303,51.85651],[4.35294,51.85643],[4.35278,51.8565],[4.35232,51.8561],[4.3522,51.85607],[4.35125,51.85652],[4.35002,51.85555],[4.35026,51.85543],[4.34985,51.85511],[4.34982,51.85513],[4.34966,51.85507],[4.34981,51.85493],[4.34916,51.85465],[4.3491,51.85465],[4.34857,51.85442],[4.34851,51.85442],[4.34617,51.85336],[4.34444,51.85453],[4.34268,51.8559],[4.34127,51.85741],[4.33965,51.85946],[4.3424,51.86059],[4.34253,51.86064],[4.34267,51.86051],[4.34255,51.86045],[4.34266,51.86038],[4.34282,51.86036],[4.3437,51.86054],[4.34445,51.86075],[4.34517,51.86099],[4.3465,51.86138],[4.34714,51.8615],[4.34908,51.86176],[4.34981,51.86193],[4.35063,51.86225],[4.35215,51.86257],[4.35253,51.86261],[4.35256,51.86255],[4.3533,51.86271],[4.35374,51.86179],[4.35407,51.86134],[4.35413,51.86127],[4.35424,51.8613],[4.35435,51.8611],[4.35439,51.86111],[4.35441,51.86108],[4.35452,51.86111],[4.35466,51.86095],[4.3554,51.86058],[4.35532,51.86051],[4.35506,51.86043],[4.35495,51.86034],[4.35485,51.86017],[4.35524,51.85999]]]}},{"type":"Feature","id":"16998","properties":{},"geometry":{"type":"Polygon","coordinates":[[[4.37386,51.8572],[4.37372,51.85706],[4.37363,51.85707],[4.37358,51.85701],[4.37362,51.85685],[4.37388,51.85663],[4.37369,51.85666],[4.3737,51.85669],[4.37325,51.85678],[4.37312,51.85667],[4.37306,51.85668],[4.37292,51.85648],[4.37285,51.8563],[4.37297,51.85628],[4.37281,51.85616],[4.37263,51.85627],[4.37243,51.85612],[4.37237,51.85612],[4.3722,51.85621],[4.37132,51.85664],[4.36929,51.85756],[4.36767,51.85832],[4.36764,51.85829],[4.36722,51.85831],[4.36693,51.85836],[4.36657,51.85838],[4.36639,51.85845],[4.36644,51.85869],[4.36621,51.8591],[4.36605,51.85922],[4.36577,51.8593],[4.36585,51.85942],[4.36493,51.85968],[4.36546,51.86054],[4.36542,51.86055],[4.36546,51.86062],[4.36587,51.86126],[4.36605,51.86127],[4.36668,51.86228],[4.3674,51.86344],[4.36754,51.86353],[4.36773,51.86383],[4.36804,51.86434],[4.36795,51.86436],[4.36803,51.86443],[4.36886,51.86412],[4.37048,51.86341],[4.37145,51.863],[4.37233,51.86272],[4.37344,51.86249],[4.37535,51.86229],[4.37716,51.86212],[4.377,51.86167],[4.37693,51.86162],[4.37674,51.86099],[4.37673,51.86097],[4.37667,51.86099],[4.37662,51.86081],[4.37659,51.86072],[4.37666,51.86072],[4.37658,51.8605],[4.37661,51.86048],[4.37657,51.86048],[4.37614,51.85918],[4.37585,51.85897],[4.37557,51.85877],[4.37506,51.85847],[4.37447,51.85807],[4.37394,51.8575],[4.3739,51.85747],[4.37383,51.85748],[4.37373,51.85735],[4.37391,51.85732],[4.37381,51.85721],[4.37386,51.8572]]]}},{"type":"Feature","id":"17010","properties":{},"geometry":{"type":"Polygon","coordinates":[[[4.12801,51.98969],[4.12786,51.98966],[4.12807,51.98932],[4.12812,51.98901],[4.12802,51.98881],[4.1274,51.98821],[4.12755,51.98817],[4.12753,51.98815],[4.12714,51.98825],[4.12721,51.98824],[4.12724,51.98828],[4.12482,51.98902],[4.1248,51.98899],[4.12475,51.98899],[4.12372,51.98926],[4.1225,51.98948],[4.12178,51.98968],[4.12176,51.98966],[4.12135,51.98974],[4.12137,51.98977],[4.12146,51.98987],[4.12135,51.98992],[4.11734,51.99143],[4.11699,51.99159],[4.11649,51.99191],[4.11549,51.99231],[4.11542,51.99228],[4.11523,51.99242],[4.1152,51.9924],[4.11506,51.99254],[4.11354,51.99347],[4.11336,51.99359],[4.1134,51.99361],[4.11407,51.99319],[4.11691,51.99516],[4.11688,51.99518],[4.11715,51.99537],[4.11718,51.99535],[4.1196,51.99702],[4.1199,51.99684],[4.11998,51.99693],[4.1232,51.99915],[4.1244,52.00011],[4.12484,51.99992],[4.12546,51.99976],[4.12684,52.00098],[4.13252,51.99854],[4.13099,51.99718],[4.13104,51.99712],[4.13034,51.99653],[4.13022,51.99651],[4.12987,51.99622],[4.12967,51.99601],[4.12977,51.99586],[4.13069,51.99442],[4.13152,51.99375],[4.13124,51.9935],[4.13121,51.99352],[4.1311,51.99342],[4.1293,51.99172],[4.12845,51.99035],[4.1282,51.99002],[4.12825,51.99],[4.12821,51.98995],[4.1281,51.98986],[4.12795,51.98982],[4.12801,51.98976],[4.12801,51.98969]]]}},{"type":"Feature","id":"17011","properties":{},"geometry":{"type":"Polygon","coordinates":[[[4.13108,51.98715],[4.13066,51.98732],[4.1299,51.98738],[4.12926,51.98751],[4.12798,51.98795],[4.12778,51.98804],[4.1278,51.98807],[4.12753,51.98815],[4.12755,51.98817],[4.1274,51.98821],[4.12802,51.98881],[4.12812,51.98901],[4.12807,51.98932],[4.12786,51.98966],[4.12801,51.98969],[4.12801,51.98976],[4.12795,51.98982],[4.1281,51.98986],[4.12821,51.98995],[4.12825,51.99],[4.1282,51.99002],[4.12845,51.99035],[4.1293,51.99172],[4.1311,51.99342],[4.13121,51.99352],[4.13124,51.9935],[4.13152,51.99375],[4.13069,51.99442],[4.12977,51.99586],[4.12967,51.99601],[4.12987,51.99622],[4.13022,51.99651],[4.13034,51.99653],[4.13104,51.99712],[4.13239,51.99542],[4.13387,51.99414],[4.13405,51.99398],[4.1354,51.99284],[4.13569,51.99264],[4.13601,51.9925],[4.13861,51.99165],[4.13654,51.98939],[4.13623,51.98914],[4.13604,51.98905],[4.13592,51.98892],[4.13582,51.98889],[4.13574,51.98891],[4.13532,51.9888],[4.1345,51.98866],[4.13409,51.98854],[4.13361,51.98831],[4.1328,51.98774],[4.13331,51.98751],[4.13251,51.98683],[4.13225,51.987],[4.13207,51.98707],[4.13189,51.9871],[4.13176,51.98707],[4.1317,51.9871],[4.13176,51.98715],[4.13166,51.9872],[4.13171,51.98724],[4.13168,51.98729],[4.13152,51.98737],[4.13126,51.98718],[4.13108,51.98715]]]}},{"type":"Feature","id":"17012","properties":{},"geometry":{"type":"Polygon","coordinates":[[[4.11634,51.9871],[4.1162,51.98698],[4.1161,51.98653],[4.11246,51.98361],[4.11252,51.98358],[4.11246,51.98354],[4.11234,51.98355],[4.11212,51.98341],[4.11204,51.98357],[4.11008,51.98447],[4.10838,51.98526],[4.10841,51.98528],[4.10813,51.98541],[4.10795,51.98546],[4.10735,51.98572],[4.10672,51.98582],[4.10644,51.98595],[4.10622,51.98613],[4.10578,51.98596],[4.10546,51.98649],[4.10518,51.98669],[4.1047,51.98678],[4.10418,51.98717],[4.10434,51.98725],[4.1043,51.98729],[4.10329,51.98835],[4.10884,51.99113],[4.11354,51.99347],[4.11506,51.99254],[4.1152,51.9924],[4.11523,51.99242],[4.11542,51.99228],[4.11549,51.99231],[4.11649,51.99191],[4.11699,51.99159],[4.11734,51.99143],[4.12135,51.98992],[4.12146,51.98987],[4.12137,51.98977],[4.1212,51.98978],[4.12078,51.98972],[4.12053,51.98965],[4.12024,51.98951],[4.12031,51.98962],[4.12026,51.98972],[4.1201,51.98977],[4.11995,51.98974],[4.11665,51.98733],[4.11659,51.98735],[4.11634,51.98717],[4.11628,51.9872],[4.11624,51.98718],[4.11634,51.9871]]]}},{"type":"Feature","id":"17013","properties":{},"geometry":{"type":"Polygon","coordinates":[[[4.11894,51.98206],[4.11889,51.98202],[4.11873,51.982],[4.11549,51.98197],[4.11467,51.98183],[4.11466,51.98187],[4.11398,51.98167],[4.11376,51.98164],[4.11313,51.98168],[4.1126,51.98182],[4.11297,51.98259],[4.11215,51.9833],[4.11212,51.98341],[4.11234,51.98355],[4.11246,51.98354],[4.11252,51.98358],[4.11246,51.98361],[4.1161,51.98653],[4.1162,51.98698],[4.11634,51.9871],[4.11624,51.98718],[4.11628,51.9872],[4.11634,51.98717],[4.11659,51.98735],[4.11665,51.98733],[4.11995,51.98974],[4.1201,51.98977],[4.12026,51.98972],[4.12031,51.98962],[4.12024,51.98951],[4.12053,51.98965],[4.12078,51.98972],[4.1212,51.98978],[4.12137,51.98977],[4.12135,51.98974],[4.12176,51.98966],[4.12178,51.98968],[4.1225,51.98948],[4.12372,51.98926],[4.12475,51.98899],[4.1248,51.98899],[4.12482,51.98902],[4.12724,51.98828],[4.12721,51.98824],[4.12714,51.98825],[4.12753,51.98815],[4.1273,51.98787],[4.12747,51.98782],[4.12591,51.98632],[4.12291,51.98345],[4.12207,51.98267],[4.12172,51.9825],[4.12123,51.9824],[4.1212,51.98239],[4.1212,51.98221],[4.12132,51.98218],[4.12138,51.98223],[4.12141,51.98221],[4.12135,51.98216],[4.12117,51.98219],[4.12108,51.98203],[4.1211,51.98197],[4.12024,51.98214],[4.11981,51.98219],[4.1193,51.98222],[4.11874,51.98221],[4.11857,51.98222],[4.11894,51.98206]]]}},{"type":"Feature","id":"17014","properties":{},"geometry":{"type":"Polygon","coordinates":[[[4.13152,51.98737],[4.13126,51.98718],[4.13108,51.98715],[4.13066,51.98732],[4.1299,51.98738],[4.12926,51.98751],[4.12798,51.98795],[4.12778,51.98804],[4.1278,51.98807],[4.12753,51.98815],[4.1273,51.98787],[4.12747,51.98782],[4.12591,51.98632],[4.12291,51.98345],[4.12316,51.98332],[4.12366,51.98366],[4.1243,51.9839],[4.1247,51.98398],[4.12755,51.98433],[4.12797,51.98444],[4.12915,51.98485],[4.12912,51.98487],[4.12937,51.98496],[4.12964,51.9854],[4.13068,51.9863],[4.13076,51.98632],[4.13088,51.98644],[4.13098,51.98639],[4.13101,51.98641],[4.13176,51.98707],[4.1317,51.9871],[4.13176,51.98715],[4.13166,51.9872],[4.13171,51.98724],[4.13168,51.98729],[4.13152,51.98737]]]}},{"type":"Feature","id":"17015","properties":{},"geometry":{"type":"Polygon","coordinates":[[[4.13086,51.98032],[4.13089,51.9803],[4.13072,51.98018],[4.12938,51.97956],[4.12832,51.97892],[4.12792,51.97875],[4.12785,51.97883],[4.12752,51.97888],[4.12657,51.97919],[4.12274,51.98106],[4.12233,51.98131],[4.12202,51.98156],[4.12181,51.98179],[4.12182,51.98189],[4.12151,51.982],[4.12125,51.98195],[4.1211,51.98197],[4.12108,51.98203],[4.12117,51.98219],[4.12135,51.98216],[4.12141,51.98221],[4.12138,51.98223],[4.12132,51.98218],[4.1212,51.98221],[4.1212,51.98239],[4.12123,51.9824],[4.12172,51.9825],[4.12207,51.98267],[4.12291,51.98345],[4.12316,51.98332],[4.12366,51.98366],[4.1243,51.9839],[4.1247,51.98398],[4.12755,51.98433],[4.12797,51.98444],[4.12915,51.98485],[4.1296,51.98451],[4.12959,51.98447],[4.12971,51.98437],[4.12967,51.98435],[4.131,51.98335],[4.13122,51.98308],[4.13129,51.98306],[4.13136,51.98272],[4.13132,51.98272],[4.1312,51.98192],[4.13104,51.98084],[4.1311,51.98084],[4.13107,51.9806],[4.1309,51.98036],[4.13086,51.98032]]]}},{"type":"Feature","id":"17016","properties":{},"geometry":{"type":"Polygon","coordinates":[[[4.12652,51.97699],[4.12627,51.97707],[4.12521,51.97591],[4.12524,51.9759],[4.1233,51.97367],[4.12088,51.97451],[4.11837,51.9753],[4.11532,51.97621],[4.1134,51.97674],[4.11102,51.97734],[4.1137,51.98044],[4.11347,51.98051],[4.11349,51.98058],[4.11327,51.98067],[4.11329,51.9807],[4.11334,51.98068],[4.11342,51.98074],[4.11243,51.98119],[4.11232,51.98126],[4.1123,51.98139],[4.11249,51.98162],[4.11238,51.98166],[4.1124,51.98168],[4.11245,51.98166],[4.1126,51.98182],[4.11313,51.98168],[4.11376,51.98164],[4.11398,51.98167],[4.11466,51.98187],[4.11467,51.98183],[4.11549,51.98197],[4.11873,51.982],[4.11889,51.98202],[4.11894,51.98206],[4.11857,51.98222],[4.11874,51.98221],[4.1193,51.98222],[4.11981,51.98219],[4.12024,51.98214],[4.1211,51.98197],[4.12125,51.98195],[4.12151,51.982],[4.12182,51.98189],[4.12181,51.98179],[4.12202,51.98156],[4.12233,51.98131],[4.12274,51.98106],[4.12657,51.97919],[4.12752,51.97888],[4.12785,51.97883],[4.12792,51.97875],[4.12651,51.97828],[4.12692,51.97776],[4.12713,51.97742],[4.12687,51.9773],[4.1266,51.97706],[4.12652,51.97699]]]}},{"type":"Feature","id":"17017","properties":{},"geometry":{"type":"Polygon","coordinates":[[[4.11212,51.98341],[4.11215,51.9833],[4.11297,51.98259],[4.1126,51.98182],[4.11245,51.98166],[4.1124,51.98168],[4.11238,51.98166],[4.11249,51.98162],[4.1123,51.98139],[4.11232,51.98126],[4.11243,51.98119],[4.11342,51.98074],[4.11334,51.98068],[4.11329,51.9807],[4.11327,51.98067],[4.11349,51.98058],[4.11347,51.98051],[4.1137,51.98044],[4.11102,51.97734],[4.10837,51.9781],[4.10275,51.97953],[4.093,51.98184],[4.09075,51.98233],[4.08541,51.9835],[4.08233,51.98413],[4.01,51.99945],[4.03278,52.00357],[4.11859,52.00453],[4.12684,52.00098],[4.12546,51.99976],[4.12484,51.99992],[4.1244,52.00011],[4.1232,51.99915],[4.11998,51.99693],[4.1199,51.99684],[4.1196,51.99702],[4.11718,51.99535],[4.11715,51.99537],[4.11688,51.99518],[4.11691,51.99516],[4.11407,51.99319],[4.1134,51.99361],[4.11336,51.99359],[4.11354,51.99347],[4.10884,51.99113],[4.10329,51.98835],[4.1043,51.98729],[4.10434,51.98725],[4.10418,51.98717],[4.1047,51.98678],[4.10518,51.98669],[4.10546,51.98649],[4.10578,51.98596],[4.10622,51.98613],[4.10644,51.98595],[4.10672,51.98582],[4.10735,51.98572],[4.10795,51.98546],[4.10813,51.98541],[4.10841,51.98528],[4.10838,51.98526],[4.11008,51.98447],[4.11204,51.98357],[4.11212,51.98341]]]}},{"type":"Feature","id":"17020","properties":{},"geometry":{"type":"Polygon","coordinates":[[[4.13899,51.9732],[4.13896,51.97317],[4.14184,51.97186],[4.1418,51.97176],[4.14137,51.97134],[4.14146,51.9713],[4.14133,51.97118],[4.1412,51.97124],[4.14061,51.97065],[4.14055,51.97068],[4.1405,51.97065],[4.14033,51.97049],[4.13995,51.97007],[4.13704,51.96772],[4.13398,51.96928],[4.13186,51.97025],[4.13058,51.9708],[4.12814,51.97183],[4.12561,51.97281],[4.1233,51.97367],[4.12524,51.9759],[4.12521,51.97591],[4.12627,51.97707],[4.12652,51.97699],[4.1266,51.97706],[4.12687,51.9773],[4.12713,51.97742],[4.12692,51.97776],[4.12651,51.97828],[4.12792,51.97875],[4.12832,51.97892],[4.12938,51.97956],[4.13072,51.98018],[4.13089,51.9803],[4.13086,51.98032],[4.1309,51.98036],[4.13107,51.9806],[4.1311,51.98084],[4.13104,51.98084],[4.1312,51.98192],[4.13292,51.98181],[4.1355,51.98177],[4.13576,51.98185],[4.1359,51.982],[4.13572,51.97755],[4.13567,51.97741],[4.13521,51.97722],[4.13474,51.97692],[4.13565,51.97651],[4.13723,51.97563],[4.13718,51.97552],[4.13752,51.97546],[4.13782,51.97529],[4.13777,51.97518],[4.13811,51.97513],[4.13841,51.97496],[4.13836,51.97485],[4.1387,51.97479],[4.13901,51.97462],[4.13896,51.97451],[4.1393,51.97445],[4.13959,51.97425],[4.1396,51.97414],[4.13937,51.97367],[4.13913,51.97339],[4.13899,51.97336],[4.13891,51.97325],[4.13899,51.9732]]]}},{"type":"Feature","id":"17021","properties":{},"geometry":{"type":"Polygon","coordinates":[[[4.144,51.97375],[4.14384,51.97364],[4.1421,51.97204],[4.14204,51.97204],[4.14184,51.97186],[4.13896,51.97317],[4.13899,51.9732],[4.13891,51.97325],[4.13899,51.97336],[4.13913,51.97339],[4.13937,51.97367],[4.1396,51.97414],[4.13959,51.97425],[4.1393,51.97445],[4.13896,51.97451],[4.13901,51.97462],[4.1387,51.97479],[4.13836,51.97485],[4.13841,51.97496],[4.13811,51.97513],[4.13777,51.97518],[4.13782,51.97529],[4.13752,51.97546],[4.13718,51.97552],[4.13723,51.97563],[4.13565,51.97651],[4.13474,51.97692],[4.13521,51.97722],[4.13567,51.97741],[4.1359,51.97747],[4.13605,51.97748],[4.13605,51.97754],[4.13847,51.97748],[4.13849,51.97787],[4.13851,51.97794],[4.13859,51.97794],[4.13865,51.97914],[4.13943,51.97991],[4.13932,51.97995],[4.1396,51.98022],[4.1397,51.98018],[4.14026,51.98073],[4.14031,51.98073],[4.14042,51.98066],[4.14048,51.98073],[4.14084,51.98046],[4.14127,51.98069],[4.14158,51.9809],[4.14191,51.98124],[4.14193,51.98134],[4.14247,51.98117],[4.14262,51.98121],[4.14377,51.98082],[4.14423,51.98071],[4.1448,51.98061],[4.14489,51.98065],[4.1451,51.98064],[4.14527,51.98068],[4.14579,51.98095],[4.14599,51.98114],[4.14611,51.98122],[4.14623,51.98117],[4.14629,51.98108],[4.14632,51.98021],[4.14628,51.97972],[4.14624,51.97966],[4.14593,51.97682],[4.14588,51.97625],[4.14594,51.9761],[4.14587,51.97546],[4.14558,51.97513],[4.144,51.97375]]]}},{"type":"Feature","id":"17022","properties":{},"geometry":{"type":"Polygon","coordinates":[[[4.14031,51.98073],[4.14026,51.98073],[4.1397,51.98018],[4.1396,51.98022],[4.13932,51.97995],[4.13943,51.97991],[4.13865,51.97914],[4.13859,51.97794],[4.13851,51.97794],[4.13849,51.97787],[4.13847,51.97748],[4.13605,51.97754],[4.13605,51.97748],[4.1359,51.97747],[4.13567,51.97741],[4.13572,51.97755],[4.1359,51.982],[4.13576,51.98185],[4.1355,51.98177],[4.13292,51.98181],[4.1312,51.98192],[4.13132,51.98272],[4.13136,51.98272],[4.13129,51.98306],[4.13122,51.98308],[4.131,51.98335],[4.12967,51.98435],[4.12971,51.98437],[4.12959,51.98447],[4.1296,51.98451],[4.12915,51.98485],[4.12912,51.98487],[4.12937,51.98496],[4.12964,51.9854],[4.13068,51.9863],[4.13076,51.98632],[4.13088,51.98644],[4.13098,51.98639],[4.13101,51.98641],[4.13176,51.98707],[4.13189,51.9871],[4.13207,51.98707],[4.13225,51.987],[4.13251,51.98683],[4.13385,51.986],[4.13445,51.98567],[4.135,51.98543],[4.13613,51.98496],[4.1378,51.98441],[4.13942,51.98378],[4.13968,51.98369],[4.13971,51.98372],[4.13976,51.98371],[4.14514,51.98205],[4.14577,51.98183],[4.14611,51.98176],[4.14614,51.98172],[4.14622,51.98171],[4.14615,51.9816],[4.14619,51.98159],[4.14614,51.98153],[4.14643,51.98141],[4.14644,51.98131],[4.14611,51.98122],[4.14599,51.98114],[4.14579,51.98095],[4.14527,51.98068],[4.1451,51.98064],[4.14489,51.98065],[4.1448,51.98061],[4.14423,51.98071],[4.14377,51.98082],[4.14262,51.98121],[4.14247,51.98117],[4.14193,51.98134],[4.14191,51.98124],[4.14158,51.9809],[4.14127,51.98069],[4.14084,51.98046],[4.14048,51.98073],[4.14042,51.98066],[4.14031,51.98073]]]}},{"type":"Feature","id":"17023","properties":{},"geometry":{"type":"Polygon","coordinates":[[[4.13861,51.99165],[4.13654,51.98939],[4.13623,51.98914],[4.13604,51.98905],[4.13592,51.98892],[4.13582,51.98889],[4.13574,51.98891],[4.13532,51.9888],[4.1345,51.98866],[4.13409,51.98854],[4.13361,51.98831],[4.1328,51.98774],[4.13331,51.98751],[4.13251,51.98683],[4.13385,51.986],[4.13445,51.98567],[4.135,51.98543],[4.13613,51.98496],[4.1378,51.98441],[4.13942,51.98378],[4.13968,51.98369],[4.13971,51.98372],[4.13976,51.98371],[4.14214,51.98681],[4.14441,51.98966],[4.14441,51.98976],[4.13861,51.99165]]]}},{"type":"Feature","id":"17024","properties":{},"geometry":{"type":"Polygon","coordinates":[[[4.1473,51.98142],[4.14995,51.98481],[4.14897,51.9851],[4.15097,51.98764],[4.14441,51.98976],[4.14441,51.98966],[4.14214,51.98681],[4.13976,51.98371],[4.14514,51.98205],[4.14577,51.98183],[4.14611,51.98176],[4.14614,51.98172],[4.14622,51.98171],[4.14615,51.9816],[4.14619,51.98159],[4.1463,51.98168],[4.14703,51.98142],[4.14711,51.98148],[4.1473,51.98142]]]}},{"type":"Feature","id":"17025","properties":{},"geometry":{"type":"Polygon","coordinates":[[[4.15167,51.97805],[4.15158,51.97759],[4.15161,51.97756],[4.15155,51.97746],[4.15077,51.97416],[4.14833,51.97513],[4.14888,51.9757],[4.14593,51.97682],[4.14624,51.97966],[4.14628,51.97972],[4.14632,51.98021],[4.14629,51.98108],[4.14623,51.98117],[4.14611,51.98122],[4.14644,51.98131],[4.14643,51.98141],[4.14614,51.98153],[4.14619,51.98159],[4.1463,51.98168],[4.14703,51.98142],[4.14711,51.98148],[4.1473,51.98142],[4.14728,51.98139],[4.14847,51.98105],[4.1525,51.98001],[4.15414,51.9797],[4.15535,51.97971],[4.15506,51.97784],[4.15502,51.97783],[4.1551,51.97752],[4.1551,51.97729],[4.15506,51.9772],[4.15502,51.9772],[4.15497,51.97719],[4.15476,51.97727],[4.15477,51.97734],[4.15467,51.97738],[4.15174,51.97818],[4.15167,51.97805]]]}},{"type":"Feature","id":"17026","properties":{},"geometry":{"type":"Polygon","coordinates":[[[4.14864,51.96917],[4.14844,51.96927],[4.14836,51.9692],[4.14766,51.9696],[4.14768,51.96964],[4.14637,51.97036],[4.14418,51.97151],[4.14366,51.97165],[4.14345,51.97167],[4.14344,51.97164],[4.14337,51.97164],[4.14219,51.97175],[4.14184,51.97186],[4.14204,51.97204],[4.1421,51.97204],[4.14384,51.97364],[4.144,51.97375],[4.14558,51.97513],[4.14587,51.97546],[4.14594,51.9761],[4.14588,51.97625],[4.14593,51.97682],[4.14888,51.9757],[4.14833,51.97513],[4.15077,51.97416],[4.15155,51.97746],[4.15161,51.97756],[4.15158,51.97759],[4.15167,51.97805],[4.15174,51.97818],[4.15467,51.97738],[4.15477,51.97734],[4.15476,51.97727],[4.15497,51.97719],[4.15502,51.9772],[4.155,51.97691],[4.15442,51.97485],[4.15371,51.97252],[4.1535,51.97208],[4.15344,51.97201],[4.15335,51.97203],[4.15109,51.97069],[4.1506,51.97041],[4.15057,51.97043],[4.14864,51.96917]]]}},{"type":"Feature","id":"17027","properties":{},"geometry":{"type":"Polygon","coordinates":[[[4.14864,51.96917],[4.14844,51.96927],[4.14836,51.9692],[4.14766,51.9696],[4.14768,51.96964],[4.14637,51.97036],[4.14418,51.97151],[4.14366,51.97165],[4.14345,51.97167],[4.14344,51.97164],[4.14337,51.97164],[4.14219,51.97175],[4.14184,51.97186],[4.1418,51.97176],[4.14137,51.97134],[4.14146,51.9713],[4.14133,51.97118],[4.1412,51.97124],[4.14061,51.97065],[4.14055,51.97068],[4.1405,51.97065],[4.14033,51.97049],[4.13995,51.97007],[4.13704,51.96772],[4.14366,51.96434],[4.1469,51.96682],[4.14743,51.96732],[4.14741,51.96745],[4.14757,51.96747],[4.14776,51.96758],[4.14788,51.9677],[4.14811,51.96791],[4.14825,51.96785],[4.14833,51.96791],[4.14844,51.96792],[4.14859,51.9679],[4.14876,51.96802],[4.14869,51.96819],[4.14852,51.96833],[4.14834,51.96856],[4.14829,51.96869],[4.14835,51.96892],[4.14864,51.96917]]]}},{"type":"Feature","id":"17030","properties":{},"geometry":{"type":"Polygon","coordinates":[[[4.15506,51.97784],[4.15502,51.97783],[4.1551,51.97752],[4.1551,51.97729],[4.15506,51.9772],[4.15502,51.9772],[4.155,51.97691],[4.15442,51.97485],[4.15371,51.97252],[4.1535,51.97208],[4.15362,51.97207],[4.1536,51.97204],[4.15454,51.97184],[4.15759,51.97127],[4.1651,51.96825],[4.16656,51.9695],[4.16662,51.96959],[4.16672,51.96964],[4.16664,51.96974],[4.17029,51.97361],[4.17073,51.97342],[4.17077,51.97342],[4.17082,51.97351],[4.17034,51.97367],[4.17025,51.97376],[4.16961,51.97397],[4.16595,51.975],[4.16571,51.975],[4.16356,51.97565],[4.15964,51.97674],[4.15931,51.97678],[4.15506,51.97784]]]}},{"type":"Feature","id":"17031","properties":{},"geometry":{"type":"Polygon","coordinates":[[[4.1583,51.96308],[4.15849,51.96296],[4.1581,51.96267],[4.15906,51.96217],[4.1544,51.95887],[4.14366,51.96434],[4.1469,51.96682],[4.14743,51.96732],[4.14741,51.96745],[4.14757,51.96747],[4.14776,51.96758],[4.14788,51.9677],[4.14811,51.96791],[4.14825,51.96785],[4.14833,51.96791],[4.14844,51.96792],[4.14859,51.9679],[4.14876,51.96802],[4.14869,51.96819],[4.14852,51.96833],[4.14834,51.96856],[4.14829,51.96869],[4.14835,51.96892],[4.14864,51.96917],[4.15057,51.97043],[4.1506,51.97041],[4.15109,51.97069],[4.15335,51.97203],[4.15344,51.97201],[4.1535,51.97208],[4.15362,51.97207],[4.1536,51.97204],[4.15454,51.97184],[4.15759,51.97127],[4.1651,51.96825],[4.16441,51.96766],[4.16193,51.96555],[4.15966,51.96365],[4.15968,51.96358],[4.15957,51.96349],[4.16039,51.96306],[4.15991,51.96267],[4.15864,51.96333],[4.1583,51.96308]]]}},{"type":"Feature","id":"17032","properties":{},"geometry":{"type":"Polygon","coordinates":[[[4.18086,51.95952],[4.18094,51.95958],[4.18109,51.95989],[4.18675,51.96411],[4.18699,51.96419],[4.1876,51.96465],[4.18762,51.96474],[4.1884,51.96528],[4.18807,51.96543],[4.18801,51.96539],[4.18792,51.96539],[4.18658,51.96587],[4.18749,51.96684],[4.18389,51.96837],[4.18121,51.96955],[4.17881,51.97049],[4.1759,51.97169],[4.1751,51.97199],[4.17281,51.97275],[4.17224,51.97296],[4.17217,51.97306],[4.17082,51.97351],[4.17077,51.97342],[4.17073,51.97342],[4.17029,51.97361],[4.16664,51.96974],[4.16672,51.96964],[4.16662,51.96959],[4.16656,51.9695],[4.1651,51.96825],[4.16441,51.96766],[4.16486,51.96746],[4.16697,51.96371],[4.16869,51.96072],[4.16879,51.96063],[4.17052,51.95977],[4.17072,51.95971],[4.17734,51.95954],[4.17783,51.95948],[4.17859,51.96004],[4.17884,51.96018],[4.17892,51.96014],[4.17942,51.96009],[4.17964,51.96002],[4.18016,51.95974],[4.18035,51.95949],[4.18047,51.95947],[4.18064,51.95952],[4.18074,51.95948],[4.1808,51.95952],[4.18084,51.9595],[4.18086,51.95952]]]}},{"type":"Feature","id":"17033","properties":{},"geometry":{"type":"Polygon","coordinates":[[[4.17859,51.96004],[4.17884,51.96018],[4.17892,51.96014],[4.17942,51.96009],[4.17964,51.96002],[4.18016,51.95974],[4.18035,51.95949],[4.18047,51.95947],[4.18064,51.95952],[4.18074,51.95948],[4.1808,51.95952],[4.18084,51.9595],[4.18086,51.95952],[4.18109,51.9594],[4.17509,51.9549],[4.17468,51.95453],[4.17461,51.95456],[4.17468,51.95462],[4.17467,51.95469],[4.17453,51.9547],[4.17438,51.95459],[4.17429,51.95453],[4.17434,51.9545],[4.17424,51.95441],[4.17428,51.95438],[4.17445,51.95441],[4.17452,51.95438],[4.17448,51.95435],[4.17412,51.9543],[4.17352,51.95386],[4.17353,51.9538],[4.1729,51.95331],[4.17274,51.95326],[4.17281,51.95316],[4.17302,51.95304],[4.1695,51.95131],[4.1544,51.95887],[4.15906,51.96217],[4.1581,51.96267],[4.15849,51.96296],[4.1583,51.96308],[4.15864,51.96333],[4.15991,51.96267],[4.16039,51.96306],[4.15957,51.96349],[4.15968,51.96358],[4.15966,51.96365],[4.16193,51.96555],[4.16441,51.96766],[4.16486,51.96746],[4.16697,51.96371],[4.16869,51.96072],[4.16879,51.96063],[4.17052,51.95977],[4.17072,51.95971],[4.17734,51.95954],[4.17783,51.95948],[4.17859,51.96004]]]}},{"type":"Feature","id":"17034","properties":{},"geometry":{"type":"Polygon","coordinates":[[[4.1885,51.94683],[4.18856,51.94678],[4.1885,51.94674],[4.18903,51.94633],[4.18901,51.94617],[4.18833,51.94563],[4.18623,51.94381],[4.18191,51.9456],[4.17766,51.94746],[4.1738,51.94923],[4.1695,51.95131],[4.17302,51.95304],[4.17281,51.95316],[4.17274,51.95326],[4.1729,51.95331],[4.17353,51.9538],[4.17352,51.95386],[4.17412,51.9543],[4.17448,51.95435],[4.17452,51.95438],[4.17445,51.95441],[4.17428,51.95438],[4.17424,51.95441],[4.17434,51.9545],[4.17429,51.95453],[4.17438,51.95459],[4.17453,51.9547],[4.17467,51.95469],[4.17468,51.95462],[4.17461,51.95456],[4.17468,51.95453],[4.17509,51.9549],[4.18109,51.9594],[4.18122,51.95946],[4.18293,51.95941],[4.18418,51.95868],[4.18421,51.95865],[4.18332,51.95821],[4.18328,51.95816],[4.18304,51.95804],[4.18587,51.95588],[4.1867,51.95526],[4.18673,51.95528],[4.18677,51.95525],[4.18675,51.95521],[4.18542,51.95457],[4.18378,51.95328],[4.18346,51.953],[4.18349,51.95299],[4.18498,51.95211],[4.1872,51.95072],[4.19145,51.94828],[4.18909,51.94725],[4.18871,51.94698],[4.18869,51.94696],[4.1885,51.94683]]]}},{"type":"Feature","id":"17035","properties":{},"geometry":{"type":"Polygon","coordinates":[[[4.18109,51.9594],[4.18122,51.95946],[4.18293,51.95941],[4.18418,51.95868],[4.18421,51.95865],[4.18332,51.95821],[4.18328,51.95816],[4.18304,51.95804],[4.18587,51.95588],[4.1867,51.95526],[4.18673,51.95528],[4.18677,51.95525],[4.18675,51.95521],[4.18542,51.95457],[4.18378,51.95328],[4.18346,51.953],[4.18349,51.95299],[4.18498,51.95211],[4.1872,51.95072],[4.19145,51.94828],[4.19411,51.94676],[4.19743,51.94577],[4.19769,51.94578],[4.19791,51.94586],[4.19818,51.94604],[4.19858,51.94645],[4.19904,51.94672],[4.19915,51.94683],[4.19925,51.94683],[4.19925,51.94686],[4.19943,51.94688],[4.19957,51.94722],[4.20101,51.94975],[4.2011,51.94987],[4.20118,51.94985],[4.20138,51.94999],[4.20139,51.95007],[4.20136,51.95008],[4.2014,51.95015],[4.1924,51.95481],[4.19177,51.95553],[4.18672,51.96269],[4.18675,51.96275],[4.18937,51.96476],[4.1912,51.96544],[4.19061,51.96598],[4.19056,51.96596],[4.19051,51.96601],[4.18885,51.96542],[4.18853,51.96522],[4.1884,51.96528],[4.18762,51.96474],[4.1876,51.96465],[4.18699,51.96419],[4.18675,51.96411],[4.18109,51.95989],[4.18094,51.95958],[4.18086,51.95952],[4.18109,51.9594]]]}},{"type":"Feature","id":"17036","properties":{},"geometry":{"type":"Polygon","coordinates":[[[4.20139,51.95007],[4.20138,51.94999],[4.20118,51.94985],[4.2011,51.94987],[4.20101,51.94975],[4.19957,51.94722],[4.19943,51.94688],[4.19925,51.94686],[4.19925,51.94683],[4.19944,51.94681],[4.19957,51.94652],[4.19964,51.9462],[4.19975,51.94607],[4.2023,51.94453],[4.20026,51.94269],[4.20535,51.9408],[4.20591,51.94074],[4.20651,51.94045],[4.20678,51.94073],[4.20679,51.94086],[4.20675,51.94141],[4.20651,51.94147],[4.20654,51.9415],[4.20672,51.94149],[4.20685,51.94202],[4.2073,51.9421],[4.21124,51.94505],[4.20153,51.95008],[4.20145,51.95009],[4.20139,51.95007]]]}},{"type":"Feature","id":"17037","properties":{},"geometry":{"type":"Polygon","coordinates":[[[4.20535,51.9408],[4.20591,51.94074],[4.20651,51.94045],[4.20646,51.94027],[4.20603,51.94043],[4.20586,51.94026],[4.2045,51.94075],[4.20446,51.94071],[4.20361,51.94095],[4.20181,51.94135],[4.20153,51.94145],[4.20147,51.94155],[4.20142,51.94155],[4.20118,51.94131],[4.20098,51.94138],[4.20079,51.94119],[4.20131,51.94101],[4.20123,51.94091],[4.20161,51.94078],[4.19963,51.93868],[4.19127,51.94175],[4.18623,51.94381],[4.18833,51.94563],[4.18901,51.94617],[4.18903,51.94633],[4.1885,51.94674],[4.18856,51.94678],[4.1885,51.94683],[4.18869,51.94696],[4.18871,51.94698],[4.18909,51.94725],[4.19145,51.94828],[4.19411,51.94676],[4.19743,51.94577],[4.19769,51.94578],[4.19791,51.94586],[4.19818,51.94604],[4.19858,51.94645],[4.19904,51.94672],[4.19915,51.94683],[4.19925,51.94683],[4.19944,51.94681],[4.19957,51.94652],[4.19964,51.9462],[4.19975,51.94607],[4.2023,51.94453],[4.20026,51.94269],[4.20535,51.9408]]]}},{"type":"Feature","id":"17038","properties":{},"geometry":{"type":"Polygon","coordinates":[[[4.21534,51.93672],[4.2153,51.9366],[4.21518,51.93648],[4.21514,51.9365],[4.21272,51.93373],[4.20935,51.93511],[4.19963,51.93868],[4.20161,51.94078],[4.20123,51.94091],[4.20131,51.94101],[4.20079,51.94119],[4.20098,51.94138],[4.20118,51.94131],[4.20142,51.94155],[4.20147,51.94155],[4.20153,51.94145],[4.20181,51.94135],[4.20361,51.94095],[4.20446,51.94071],[4.2045,51.94075],[4.20586,51.94026],[4.20603,51.94043],[4.20646,51.94027],[4.20651,51.94045],[4.20678,51.94073],[4.20679,51.94086],[4.20675,51.94141],[4.20651,51.94147],[4.20654,51.9415],[4.20672,51.94149],[4.20685,51.94202],[4.2073,51.9421],[4.21124,51.94505],[4.21782,51.94164],[4.21969,51.94152],[4.21953,51.9414],[4.21945,51.9414],[4.21567,51.93709],[4.21534,51.93672]]]}},{"type":"Feature","id":"18530","properties":{},"geometry":{"type":"Polygon","coordinates":[[[4.41066,51.93247],[4.41074,51.93191],[4.41086,51.9316],[4.41113,51.93119],[4.41112,51.93111],[4.41104,51.93103],[4.4116,51.93055],[4.41107,51.93032],[4.4112,51.9302],[4.41191,51.93048],[4.41233,51.93013],[4.41168,51.93007],[4.41037,51.92969],[4.41064,51.92933],[4.4105,51.92929],[4.40987,51.92911],[4.40967,51.9295],[4.40912,51.93012],[4.40867,51.93052],[4.40827,51.93111],[4.40817,51.93147],[4.40817,51.93204],[4.40824,51.93262],[4.40845,51.93341],[4.40876,51.93439],[4.40885,51.93512],[4.4088,51.93513],[4.4088,51.93518],[4.40885,51.93519],[4.40901,51.93568],[4.40914,51.93586],[4.40955,51.93621],[4.41002,51.93642],[4.41069,51.93657],[4.41158,51.93662],[4.41164,51.93579],[4.41161,51.93541],[4.41147,51.93482],[4.41158,51.93481],[4.41151,51.93455],[4.41103,51.93459],[4.41092,51.93454],[4.41087,51.93445],[4.4109,51.93445],[4.41075,51.93329],[4.41066,51.93247]]]}},{"type":"Feature","id":"18531","properties":{},"geometry":{"type":"Polygon","coordinates":[[[4.41346,51.93043],[4.41312,51.93025],[4.41282,51.93016],[4.4124,51.9301],[4.41233,51.93013],[4.41191,51.93048],[4.4112,51.9302],[4.41107,51.93032],[4.4116,51.93055],[4.41104,51.93103],[4.41112,51.93111],[4.41113,51.93119],[4.41086,51.9316],[4.41074,51.93191],[4.41066,51.93247],[4.41075,51.93329],[4.4109,51.93445],[4.41087,51.93445],[4.41092,51.93454],[4.41103,51.93459],[4.41151,51.93455],[4.41158,51.93481],[4.41147,51.93482],[4.41161,51.93541],[4.41164,51.93579],[4.41158,51.93662],[4.41265,51.93664],[4.41316,51.9367],[4.41349,51.93681],[4.41476,51.93737],[4.41483,51.9373],[4.41513,51.93737],[4.41561,51.93741],[4.41561,51.93739],[4.41586,51.93741],[4.41594,51.93733],[4.41621,51.93742],[4.41627,51.93736],[4.41722,51.9375],[4.41713,51.93762],[4.41744,51.93775],[4.41813,51.93709],[4.42007,51.93551],[4.4207,51.93489],[4.42166,51.93411],[4.42139,51.93397],[4.42166,51.93375],[4.42083,51.93341],[4.42081,51.93343],[4.42063,51.93336],[4.41648,51.93164],[4.41635,51.93161],[4.41346,51.93043]]]}},{"type":"Feature","id":"18532","properties":{},"geometry":{"type":"Polygon","coordinates":[[[4.41368,51.92504],[4.4105,51.92929],[4.41064,51.92933],[4.41037,51.92969],[4.41168,51.93007],[4.41233,51.93013],[4.4124,51.9301],[4.41282,51.93016],[4.41312,51.93025],[4.41394,51.92942],[4.41468,51.9286],[4.41617,51.92716],[4.41729,51.92606],[4.41812,51.9252],[4.41841,51.92483],[4.41931,51.92398],[4.4192,51.92395],[4.41932,51.9238],[4.41909,51.92373],[4.41915,51.92364],[4.41897,51.92358],[4.41889,51.92366],[4.41885,51.92354],[4.41851,51.92343],[4.41861,51.92332],[4.41768,51.92306],[4.41684,51.92292],[4.41683,51.9231],[4.41619,51.92303],[4.41523,51.92297],[4.41368,51.92504]]]}},{"type":"Feature","id":"18533","properties":{},"geometry":{"type":"Polygon","coordinates":[[[4.41883,51.92954],[4.41714,51.93095],[4.41683,51.93116],[4.41635,51.93161],[4.41346,51.93043],[4.41312,51.93025],[4.41394,51.92942],[4.41468,51.9286],[4.41617,51.92716],[4.41986,51.92869],[4.41883,51.92954]]]}},{"type":"Feature","id":"18534","properties":{},"geometry":{"type":"Polygon","coordinates":[[[4.42493,51.93141],[4.42647,51.93023],[4.42079,51.92792],[4.41986,51.92869],[4.41883,51.92954],[4.41714,51.93095],[4.41683,51.93116],[4.41635,51.93161],[4.41648,51.93164],[4.42063,51.93336],[4.42081,51.93343],[4.42083,51.93341],[4.42166,51.93375],[4.42139,51.93397],[4.42166,51.93411],[4.42453,51.93175],[4.42493,51.93141]]]}},{"type":"Feature","id":"18535","properties":{},"geometry":{"type":"Polygon","coordinates":[[[4.41931,51.92398],[4.42065,51.92437],[4.42362,51.92558],[4.42079,51.92792],[4.41986,51.92869],[4.41617,51.92716],[4.41729,51.92606],[4.41812,51.9252],[4.41841,51.92483],[4.41931,51.92398]]]}},{"type":"Feature","id":"18536","properties":{},"geometry":{"type":"Polygon","coordinates":[[[4.42647,51.93023],[4.42079,51.92792],[4.42362,51.92558],[4.42372,51.92563],[4.42368,51.92566],[4.42371,51.92568],[4.42375,51.92564],[4.42383,51.92567],[4.42924,51.92788],[4.42932,51.92782],[4.42958,51.92792],[4.42957,51.92793],[4.4282,51.92898],[4.42647,51.93023]]]}},{"type":"Feature","id":"18537","properties":{},"geometry":{"type":"Polygon","coordinates":[[[4.43552,51.92354],[4.43654,51.92274],[4.43698,51.92224],[4.43725,51.92203],[4.43727,51.92201],[4.43724,51.92197],[4.43718,51.922],[4.43651,51.92194],[4.42859,51.92129],[4.42853,51.92125],[4.42789,51.92119],[4.42663,51.92113],[4.4229,51.92083],[4.42287,51.92086],[4.4227,51.92085],[4.42247,51.92106],[4.42193,51.92172],[4.42156,51.92226],[4.42096,51.92267],[4.42042,51.92287],[4.42,51.92318],[4.42001,51.92322],[4.41978,51.92337],[4.41932,51.9238],[4.4192,51.92395],[4.41931,51.92398],[4.42065,51.92437],[4.42362,51.92558],[4.42372,51.92563],[4.42368,51.92566],[4.42371,51.92568],[4.42375,51.92564],[4.42383,51.92567],[4.42924,51.92788],[4.42932,51.92782],[4.42958,51.92792],[4.4296,51.92793],[4.43002,51.92765],[4.42999,51.92764],[4.43234,51.92608],[4.43543,51.9236],[4.43552,51.92354]]]}},{"type":"Feature","id":"18538","properties":{},"geometry":{"type":"Polygon","coordinates":[[[4.4227,51.92085],[4.42247,51.92106],[4.42193,51.92172],[4.42156,51.92226],[4.42096,51.92267],[4.42042,51.92287],[4.42,51.92318],[4.42001,51.92322],[4.41978,51.92337],[4.41932,51.9238],[4.41909,51.92373],[4.41915,51.92364],[4.41897,51.92358],[4.41889,51.92366],[4.41885,51.92354],[4.41851,51.92343],[4.41861,51.92332],[4.41768,51.92306],[4.41684,51.92292],[4.41684,51.92262],[4.41701,51.92252],[4.41706,51.92042],[4.41871,51.92047],[4.42221,51.92074],[4.42215,51.9208],[4.4227,51.92085]]]}},{"type":"Feature","id":"19260","properties":{},"geometry":{"type":"Polygon","coordinates":[[[4.43026,51.91303],[4.42661,51.91317],[4.42649,51.91321],[4.42405,51.91336],[4.41506,51.91392],[4.41351,51.91395],[4.4135,51.91391],[4.41279,51.91392],[4.41269,51.9139],[4.41252,51.91368],[4.41239,51.9133],[4.41226,51.91328],[4.41264,51.91313],[4.41267,51.91316],[4.41287,51.91306],[4.41318,51.91301],[4.41572,51.91287],[4.42418,51.91235],[4.42518,51.91229],[4.42495,51.91204],[4.42537,51.91187],[4.42546,51.91196],[4.42668,51.91217],[4.43039,51.91243],[4.43032,51.91296],[4.43026,51.91303]]]}},{"type":"Feature","id":"19261","properties":{},"geometry":{"type":"Polygon","coordinates":[[[4.41572,51.91287],[4.41318,51.91301],[4.41287,51.91306],[4.41267,51.91316],[4.41264,51.91313],[4.41226,51.91328],[4.41205,51.91314],[4.40908,51.91205],[4.40954,51.91041],[4.41,51.90985],[4.41135,51.91027],[4.41345,51.90768],[4.4133,51.90728],[4.41362,51.90688],[4.41518,51.90549],[4.41569,51.9059],[4.41582,51.90595],[4.41625,51.90659],[4.41709,51.90765],[4.41679,51.90767],[4.41601,51.90918],[4.41491,51.91012],[4.41462,51.91013],[4.41404,51.9112],[4.41572,51.91287]]]}},{"type":"Feature","id":"19262","properties":{},"geometry":{"type":"Polygon","coordinates":[[[4.42418,51.91235],[4.41572,51.91287],[4.41404,51.9112],[4.41462,51.91013],[4.41491,51.91012],[4.41601,51.90918],[4.41679,51.90767],[4.41709,51.90765],[4.41935,51.90701],[4.42029,51.90851],[4.4242,51.91233],[4.42418,51.91235]]]}},{"type":"Feature","id":"19263","properties":{},"geometry":{"type":"Polygon","coordinates":[[[4.42537,51.91187],[4.42495,51.91204],[4.42518,51.91229],[4.42418,51.91235],[4.4242,51.91233],[4.42029,51.90851],[4.41935,51.90701],[4.41709,51.90765],[4.41625,51.90659],[4.41582,51.90595],[4.41569,51.9059],[4.41518,51.90549],[4.41568,51.90502],[4.41234,51.90242],[4.41371,51.90075],[4.41753,51.90148],[4.42047,51.90196],[4.42219,51.90471],[4.42225,51.90471],[4.42279,51.90493],[4.42275,51.90497],[4.42299,51.90537],[4.42297,51.90551],[4.42278,51.90569],[4.42263,51.90566],[4.42148,51.90593],[4.4218,51.9063],[4.42233,51.90714],[4.42256,51.90759],[4.42253,51.90761],[4.42275,51.90798],[4.42275,51.90819],[4.42241,51.90885],[4.4227,51.90889],[4.42257,51.90915],[4.42537,51.91187]]]}},{"type":"Feature","id":"19264","properties":{},"geometry":{"type":"Polygon","coordinates":[[[4.43596,51.90899],[4.43599,51.90902],[4.43402,51.91033],[4.43395,51.91035],[4.43378,51.91031],[4.43356,51.9105],[4.4334,51.91079],[4.43355,51.91082],[4.43343,51.91104],[4.43294,51.91186],[4.43279,51.91191],[4.43261,51.91223],[4.43245,51.91235],[4.43215,51.91247],[4.43179,51.91253],[4.43039,51.91243],[4.42668,51.91217],[4.42546,51.91196],[4.42537,51.91187],[4.42257,51.90915],[4.4227,51.90889],[4.42241,51.90885],[4.42275,51.90819],[4.42275,51.90798],[4.42253,51.90761],[4.42256,51.90759],[4.42233,51.90714],[4.4218,51.9063],[4.42148,51.90593],[4.42263,51.90566],[4.42278,51.90569],[4.42297,51.90551],[4.42299,51.90537],[4.42275,51.90497],[4.42279,51.90493],[4.42225,51.90471],[4.42219,51.90471],[4.42047,51.90196],[4.4221,51.90214],[4.42478,51.90234],[4.42525,51.90445],[4.4253,51.9045],[4.42525,51.90456],[4.42543,51.90535],[4.43058,51.90743],[4.43053,51.90749],[4.4315,51.90788],[4.43161,51.90778],[4.43173,51.90783],[4.43213,51.90746],[4.43596,51.90899]]]}},{"type":"Feature","id":"19265","properties":{},"geometry":{"type":"Polygon","coordinates":[[[4.43596,51.90899],[4.43213,51.90746],[4.43173,51.90783],[4.43161,51.90778],[4.4315,51.90788],[4.43053,51.90749],[4.43058,51.90743],[4.42543,51.90535],[4.42525,51.90456],[4.4253,51.9045],[4.42525,51.90445],[4.42478,51.90234],[4.42626,51.90241],[4.42721,51.90242],[4.42982,51.90237],[4.43123,51.90231],[4.43329,51.90218],[4.43551,51.90196],[4.43578,51.90287],[4.43615,51.90375],[4.4363,51.90384],[4.43776,51.90443],[4.43771,51.90447],[4.44078,51.90571],[4.44084,51.90578],[4.44065,51.90597],[4.43663,51.9086],[4.4366,51.90858],[4.43596,51.90899]]]}},{"type":"Feature","id":"21940","properties":{},"geometry":{"type":"Polygon","coordinates":[[[4.45053,51.89961],[4.45241,51.89945],[4.45192,51.89666],[4.45185,51.89663],[4.45122,51.89519],[4.45062,51.8953],[4.4504,51.89481],[4.44572,51.89561],[4.44034,51.89654],[4.43828,51.89949],[4.43914,51.90143],[4.4464,51.90021],[4.44875,51.89985],[4.45053,51.89961]]]}},{"type":"Feature","id":"21941","properties":{},"geometry":{"type":"Polygon","coordinates":[[[4.4603,51.89519],[4.4603,51.89513],[4.46194,51.89485],[4.4622,51.89484],[4.46248,51.89479],[4.46276,51.89466],[4.4631,51.89436],[4.46342,51.89408],[4.46287,51.89381],[4.46258,51.89361],[4.46251,51.89346],[4.46261,51.89316],[4.46273,51.89309],[4.46272,51.89302],[4.46159,51.89333],[4.4614,51.89297],[4.46116,51.89303],[4.46112,51.89296],[4.46065,51.89304],[4.45612,51.89382],[4.4504,51.89481],[4.45062,51.8953],[4.45122,51.89519],[4.45185,51.89663],[4.45192,51.89666],[4.45241,51.89945],[4.4543,51.89929],[4.4554,51.89926],[4.45638,51.89919],[4.45837,51.89917],[4.45966,51.89923],[4.45955,51.89531],[4.4603,51.89519]]]}},{"type":"Feature","id":"21942","properties":{},"geometry":{"type":"Polygon","coordinates":[[[4.46112,51.89296],[4.46116,51.89303],[4.4614,51.89297],[4.46159,51.89333],[4.46272,51.89302],[4.46262,51.89293],[4.46261,51.89284],[4.46157,51.89117],[4.46048,51.89139],[4.46001,51.89044],[4.45993,51.89045],[4.45994,51.89047],[4.45935,51.89057],[4.45927,51.89042],[4.44712,51.89252],[4.4414,51.89349],[4.44076,51.89438],[4.44034,51.89654],[4.44572,51.89561],[4.4504,51.89481],[4.45612,51.89382],[4.46065,51.89304],[4.46112,51.89296]]]}},{"type":"Feature","id":"21943","properties":{},"geometry":{"type":"Polygon","coordinates":[[[4.45946,51.88772],[4.45894,51.88681],[4.4578,51.88482],[4.45728,51.88492],[4.4576,51.88549],[4.45723,51.88556],[4.45715,51.88543],[4.45703,51.88545],[4.45691,51.88532],[4.45675,51.88537],[4.45507,51.88572],[4.44709,51.88707],[4.44564,51.88735],[4.44414,51.88975],[4.44354,51.89057],[4.44357,51.89063],[4.4414,51.89349],[4.44712,51.89252],[4.45927,51.89042],[4.45935,51.89057],[4.45994,51.89047],[4.45993,51.89045],[4.46001,51.89044],[4.46048,51.89139],[4.46157,51.89117],[4.46093,51.89036],[4.45978,51.88853],[4.45953,51.88791],[4.45946,51.88772]]]}},{"type":"Feature","id":"21944","properties":{},"geometry":{"type":"Polygon","coordinates":[[[4.45611,51.88187],[4.45515,51.88016],[4.45421,51.88038],[4.45394,51.88037],[4.45366,51.88028],[4.44974,51.88096],[4.44981,51.8811],[4.44975,51.88117],[4.44957,51.88112],[4.44879,51.88218],[4.44857,51.88212],[4.44773,51.88327],[4.44814,51.88339],[4.44816,51.88344],[4.44824,51.88345],[4.44564,51.88735],[4.44709,51.88707],[4.45507,51.88572],[4.45675,51.88537],[4.45691,51.88532],[4.45703,51.88545],[4.45715,51.88543],[4.45723,51.88556],[4.4576,51.88549],[4.45728,51.88492],[4.4578,51.88482],[4.45649,51.88254],[4.45611,51.88187]]]}},{"type":"Feature","id":"21945","properties":{},"geometry":{"type":"Polygon","coordinates":[[[4.44857,51.88212],[4.44879,51.88218],[4.44957,51.88112],[4.44975,51.88117],[4.44981,51.8811],[4.44974,51.88096],[4.45366,51.88028],[4.45394,51.88037],[4.45421,51.88038],[4.45515,51.88016],[4.45391,51.87805],[4.45377,51.87813],[4.45284,51.87824],[4.45268,51.8782],[4.45219,51.87826],[4.45226,51.87847],[4.45223,51.87852],[4.45219,51.87851],[4.45237,51.87914],[4.45234,51.87922],[4.45223,51.87926],[4.44806,51.87973],[4.44796,51.8797],[4.4479,51.87964],[4.44766,51.87886],[4.43753,51.88002],[4.43749,51.88015],[4.43509,51.8809],[4.43478,51.8808],[4.43444,51.88105],[4.43469,51.88118],[4.43734,51.88202],[4.43721,51.88221],[4.43754,51.88234],[4.43759,51.88241],[4.43758,51.88252],[4.43648,51.88386],[4.43638,51.88394],[4.43615,51.88403],[4.43596,51.88403],[4.43304,51.88308],[4.4328,51.88306],[4.43268,51.8831],[4.43187,51.88401],[4.43173,51.8842],[4.4317,51.88434],[4.43175,51.88445],[4.43191,51.88455],[4.43428,51.88527],[4.43435,51.8853],[4.43432,51.88533],[4.43999,51.88717],[4.44021,51.88726],[4.44043,51.8875],[4.44047,51.88758],[4.44042,51.88775],[4.44033,51.88791],[4.44021,51.88799],[4.44012,51.88823],[4.43968,51.89003],[4.43973,51.8901],[4.43863,51.89159],[4.43852,51.89162],[4.43831,51.8919],[4.43723,51.89341],[4.44076,51.89438],[4.4414,51.89349],[4.44357,51.89063],[4.44354,51.89057],[4.44414,51.88975],[4.44564,51.88735],[4.44824,51.88345],[4.44816,51.88344],[4.44814,51.88339],[4.44773,51.88327],[4.44857,51.88212]]]}},{"type":"Feature","id":"21946","properties":{},"geometry":{"type":"Polygon","coordinates":[[[4.44012,51.88823],[4.44021,51.88799],[4.44033,51.88791],[4.44042,51.88775],[4.44047,51.88758],[4.44043,51.8875],[4.44021,51.88726],[4.43999,51.88717],[4.43432,51.88533],[4.43435,51.8853],[4.43428,51.88527],[4.43191,51.88455],[4.43175,51.88445],[4.4317,51.88434],[4.43173,51.8842],[4.43187,51.88401],[4.43174,51.88399],[4.43113,51.88476],[4.43107,51.88474],[4.43088,51.88493],[4.43078,51.88494],[4.43126,51.88519],[4.43161,51.88531],[4.43138,51.88558],[4.43075,51.88538],[4.43049,51.88568],[4.4307,51.88575],[4.43071,51.88577],[4.43054,51.88598],[4.43028,51.88591],[4.42972,51.88657],[4.42999,51.88665],[4.42979,51.88689],[4.42949,51.8868],[4.42909,51.88726],[4.42913,51.88732],[4.42994,51.8876],[4.42984,51.88771],[4.42976,51.88769],[4.42955,51.88793],[4.42899,51.88775],[4.42882,51.88795],[4.42875,51.8881],[4.42828,51.88866],[4.42794,51.88855],[4.42681,51.88986],[4.42706,51.89012],[4.42704,51.89016],[4.42721,51.89021],[4.42723,51.89019],[4.43723,51.89341],[4.43831,51.8919],[4.43852,51.89162],[4.43863,51.89159],[4.43973,51.8901],[4.43968,51.89003],[4.44012,51.88823]]]}},{"type":"Feature","id":"21947","properties":{},"geometry":{"type":"Polygon","coordinates":[[[4.43417,51.89639],[4.43428,51.89639],[4.43641,51.89463],[4.43698,51.89385],[4.43692,51.89377],[4.43723,51.89341],[4.42723,51.89019],[4.42721,51.89021],[4.42704,51.89016],[4.42706,51.89012],[4.42681,51.88986],[4.42672,51.88982],[4.42654,51.88988],[4.42623,51.89005],[4.4258,51.89],[4.4258,51.89047],[4.4257,51.89042],[4.42565,51.89042],[4.42588,51.89112],[4.42583,51.89142],[4.42363,51.89407],[4.42323,51.89453],[4.42269,51.89502],[4.42241,51.89537],[4.42279,51.89559],[4.43339,51.89865],[4.43373,51.89675],[4.43417,51.89639]]]}},{"type":"Feature","id":"21948","properties":{},"geometry":{"type":"Polygon","coordinates":[[[4.42038,51.89644],[4.41876,51.89631],[4.41911,51.89467],[4.41983,51.8938],[4.42016,51.89358],[4.42039,51.89333],[4.42043,51.89315],[4.4203,51.89297],[4.42001,51.89285],[4.41557,51.8914],[4.41545,51.89154],[4.41534,51.89154],[4.41481,51.89167],[4.41139,51.89573],[4.41179,51.89678],[4.41115,51.89779],[4.41095,51.898],[4.40971,51.89986],[4.41371,51.90075],[4.41753,51.90148],[4.42047,51.90196],[4.4221,51.90214],[4.42478,51.90234],[4.42626,51.90241],[4.42721,51.90242],[4.42982,51.90237],[4.43123,51.90231],[4.43329,51.90218],[4.43551,51.90196],[4.43914,51.90143],[4.43828,51.89949],[4.44034,51.89654],[4.44076,51.89438],[4.43723,51.89341],[4.43692,51.89377],[4.43698,51.89385],[4.43641,51.89463],[4.43428,51.89639],[4.43417,51.89639],[4.43373,51.89675],[4.43339,51.89865],[4.42279,51.89559],[4.42241,51.89537],[4.42201,51.89592],[4.42203,51.89603],[4.42231,51.89628],[4.42249,51.89638],[4.42393,51.89679],[4.42384,51.897],[4.42038,51.89644]]]}},{"type":"Feature","id":"21949","properties":{},"geometry":{"type":"Polygon","coordinates":[[[4.43088,51.88493],[4.43107,51.88474],[4.43113,51.88476],[4.43174,51.88399],[4.43187,51.88401],[4.43268,51.8831],[4.4328,51.88306],[4.43304,51.88308],[4.43596,51.88403],[4.43615,51.88403],[4.43638,51.88394],[4.43648,51.88386],[4.43758,51.88252],[4.43759,51.88241],[4.43754,51.88234],[4.43721,51.88221],[4.43734,51.88202],[4.43469,51.88118],[4.43444,51.88105],[4.43478,51.8808],[4.43509,51.8809],[4.43749,51.88015],[4.43753,51.88002],[4.43755,51.87995],[4.43793,51.8799],[4.43786,51.87976],[4.43713,51.87959],[4.43718,51.87954],[4.43605,51.87917],[4.43498,51.87882],[4.43425,51.8788],[4.4336,51.87891],[4.43318,51.8785],[4.43222,51.87822],[4.4306,51.88014],[4.43001,51.88024],[4.43021,51.88058],[4.43012,51.88068],[4.4304,51.88062],[4.43045,51.8807],[4.42862,51.88287],[4.42882,51.88294],[4.4279,51.884],[4.42681,51.88528],[4.42663,51.88522],[4.42638,51.88551],[4.42583,51.88563],[4.42582,51.88568],[4.42623,51.88567],[4.42625,51.88574],[4.42646,51.8858],[4.42631,51.88605],[4.42622,51.88602],[4.42536,51.88713],[4.42392,51.88885],[4.42417,51.889],[4.4247,51.88928],[4.42529,51.88966],[4.42544,51.88986],[4.42558,51.89027],[4.42565,51.89042],[4.4257,51.89042],[4.4258,51.89047],[4.4258,51.89],[4.42623,51.89005],[4.42654,51.88988],[4.42672,51.88982],[4.42681,51.88986],[4.42794,51.88855],[4.42828,51.88866],[4.42875,51.8881],[4.42882,51.88795],[4.42899,51.88775],[4.42955,51.88793],[4.42976,51.88769],[4.42984,51.88771],[4.42994,51.8876],[4.42913,51.88732],[4.42909,51.88726],[4.42949,51.8868],[4.42979,51.88689],[4.42999,51.88665],[4.42972,51.88657],[4.43028,51.88591],[4.43054,51.88598],[4.43071,51.88577],[4.4307,51.88575],[4.43049,51.88568],[4.43075,51.88538],[4.43138,51.88558],[4.43161,51.88531],[4.43126,51.88519],[4.43078,51.88494],[4.43088,51.88493]]]}},{"type":"Feature","id":"21960","properties":{},"geometry":{"type":"Polygon","coordinates":[[[4.41562,51.89133],[4.41557,51.89132],[4.41555,51.89127],[4.4159,51.89119],[4.42146,51.88999],[4.42157,51.88997],[4.42148,51.8898],[4.42087,51.88873],[4.42071,51.88875],[4.42061,51.88872],[4.41247,51.8905],[4.40133,51.89293],[4.40128,51.89295],[4.39942,51.89514],[4.39944,51.89519],[4.3994,51.8952],[4.39944,51.89526],[4.39794,51.89722],[4.39903,51.89742],[4.40214,51.89816],[4.40971,51.89986],[4.41095,51.898],[4.41115,51.89779],[4.41179,51.89678],[4.41139,51.89573],[4.41481,51.89167],[4.41534,51.89154],[4.41545,51.89154],[4.41557,51.8914],[4.4155,51.89138],[4.41562,51.89133]]]}},{"type":"Feature","id":"21961","properties":{},"geometry":{"type":"Polygon","coordinates":[[[4.39944,51.89519],[4.39942,51.89514],[4.40128,51.89295],[4.40133,51.89293],[4.40302,51.89092],[4.40302,51.89088],[4.40521,51.88829],[4.40526,51.88826],[4.40689,51.88629],[4.40754,51.88553],[4.40501,51.88487],[4.40481,51.88488],[4.40464,51.88481],[4.40083,51.88452],[4.40082,51.88455],[4.40069,51.88454],[4.40069,51.88451],[4.40024,51.88447],[4.40008,51.8845],[4.39937,51.88444],[4.39939,51.88432],[4.3967,51.88409],[4.39638,51.8841],[4.39656,51.88446],[4.39651,51.88447],[4.3974,51.88624],[4.3974,51.88645],[4.39797,51.88659],[4.39624,51.88864],[4.39639,51.88895],[4.39775,51.89162],[4.39868,51.89167],[4.39866,51.89171],[4.39462,51.89317],[4.39337,51.89357],[4.39335,51.89354],[4.39326,51.89357],[4.39329,51.8936],[4.3926,51.8938],[4.39115,51.89419],[4.39023,51.8944],[4.38929,51.89456],[4.38627,51.89485],[4.38488,51.89501],[4.38468,51.89477],[4.3843,51.8939],[4.38419,51.89333],[4.38402,51.89313],[4.38382,51.89302],[4.38382,51.89275],[4.38219,51.89273],[4.38175,51.89279],[4.37946,51.89315],[4.37894,51.89314],[4.3789,51.89302],[4.37859,51.89305],[4.37834,51.89313],[4.37803,51.89306],[4.37752,51.89382],[4.37656,51.89488],[4.3762,51.89522],[4.37606,51.89528],[4.37611,51.89532],[4.37575,51.89562],[4.37557,51.89576],[4.37552,51.89573],[4.37429,51.89673],[4.37341,51.89756],[4.37262,51.89849],[4.37214,51.89919],[4.3738,51.89896],[4.38482,51.89718],[4.38834,51.89678],[4.38976,51.89671],[4.39101,51.89668],[4.39342,51.89674],[4.39576,51.89693],[4.39794,51.89722],[4.39944,51.89526],[4.3994,51.8952],[4.39944,51.89519]]]}},{"type":"Feature","id":"21962","properties":{},"geometry":{"type":"Polygon","coordinates":[[[4.42087,51.88873],[4.42071,51.88875],[4.42061,51.88872],[4.41247,51.8905],[4.40133,51.89293],[4.40302,51.89092],[4.40302,51.89088],[4.40521,51.88829],[4.40526,51.88826],[4.41306,51.88655],[4.41292,51.88631],[4.41518,51.88582],[4.41532,51.88605],[4.42531,51.88389],[4.42533,51.88391],[4.42553,51.88387],[4.42552,51.88384],[4.42574,51.88379],[4.42566,51.88364],[4.42571,51.88359],[4.42775,51.88314],[4.42808,51.88312],[4.4282,51.88306],[4.42824,51.88297],[4.42821,51.88288],[4.42808,51.88275],[4.42818,51.88273],[4.42862,51.88287],[4.42882,51.88294],[4.4279,51.884],[4.42681,51.88528],[4.42663,51.88522],[4.42638,51.88551],[4.42583,51.88563],[4.42582,51.88568],[4.42623,51.88567],[4.42625,51.88574],[4.42646,51.8858],[4.42631,51.88605],[4.42622,51.88602],[4.42625,51.88598],[4.42589,51.88588],[4.42546,51.88586],[4.42062,51.88692],[4.42012,51.88708],[4.41997,51.88716],[4.42087,51.88873]]]}},{"type":"Feature","id":"21963","properties":{},"geometry":{"type":"Polygon","coordinates":[[[4.41422,51.87773],[4.42442,51.8755],[4.4243,51.87527],[4.42459,51.87522],[4.42522,51.87519],[4.42961,51.87422],[4.4298,51.87412],[4.42987,51.87396],[4.43,51.87394],[4.42928,51.87268],[4.42939,51.87263],[4.42899,51.87193],[4.42723,51.87218],[4.41528,51.87448],[4.41405,51.87472],[4.4141,51.87482],[4.41227,51.87517],[4.41015,51.87557],[4.41015,51.87562],[4.40948,51.8757],[4.39693,51.87811],[4.39595,51.87828],[4.3946,51.8784],[4.39312,51.87843],[4.39042,51.87832],[4.38912,51.87825],[4.38904,51.87821],[4.38877,51.87819],[4.38873,51.87903],[4.38892,51.87995],[4.3892,51.88069],[4.38949,51.88063],[4.38957,51.88051],[4.38957,51.88044],[4.38978,51.88047],[4.38992,51.88055],[4.3904,51.88099],[4.39093,51.88172],[4.39112,51.8819],[4.39145,51.88211],[4.39186,51.88228],[4.39566,51.88352],[4.39592,51.88364],[4.39612,51.88378],[4.39638,51.8841],[4.3967,51.88409],[4.39939,51.88432],[4.39937,51.88444],[4.40008,51.8845],[4.40024,51.88447],[4.40069,51.88451],[4.40069,51.88454],[4.40082,51.88455],[4.40083,51.88452],[4.40464,51.88481],[4.40481,51.88488],[4.40501,51.88487],[4.40754,51.88553],[4.40689,51.88629],[4.40915,51.88582],[4.40907,51.88568],[4.40897,51.88566],[4.40866,51.88512],[4.40879,51.88493],[4.40835,51.88503],[4.40894,51.88432],[4.40872,51.88425],[4.40972,51.88306],[4.41388,51.87813],[4.41422,51.87773]]]}},{"type":"Feature","id":"21964","properties":{},"geometry":{"type":"Polygon","coordinates":[[[4.40689,51.88629],[4.40915,51.88582],[4.40907,51.88568],[4.40897,51.88566],[4.40866,51.88512],[4.40879,51.88493],[4.40835,51.88503],[4.40894,51.88432],[4.40872,51.88425],[4.40972,51.88306],[4.4275,51.87918],[4.42752,51.8792],[4.43113,51.87842],[4.43125,51.87847],[4.43144,51.87848],[4.43181,51.8784],[4.43215,51.87813],[4.43222,51.87822],[4.4306,51.88014],[4.43001,51.88024],[4.43021,51.88058],[4.43012,51.88068],[4.4304,51.88062],[4.43045,51.8807],[4.42862,51.88287],[4.42818,51.88273],[4.42808,51.88275],[4.42821,51.88288],[4.42824,51.88297],[4.4282,51.88306],[4.42808,51.88312],[4.42775,51.88314],[4.42571,51.88359],[4.42566,51.88364],[4.42574,51.88379],[4.42552,51.88384],[4.42553,51.88387],[4.42533,51.88391],[4.42531,51.88389],[4.41532,51.88605],[4.41518,51.88582],[4.41292,51.88631],[4.41306,51.88655],[4.40526,51.88826],[4.40689,51.88629]]]}},{"type":"Feature","id":"21965","properties":{},"geometry":{"type":"Polygon","coordinates":[[[4.43222,51.87822],[4.43215,51.87813],[4.43181,51.8784],[4.43144,51.87848],[4.43125,51.87847],[4.43113,51.87842],[4.42752,51.8792],[4.4275,51.87918],[4.40972,51.88306],[4.41388,51.87813],[4.41422,51.87773],[4.42442,51.8755],[4.4243,51.87527],[4.42459,51.87522],[4.42522,51.87519],[4.42961,51.87422],[4.4298,51.87412],[4.42987,51.87396],[4.43,51.87394],[4.43093,51.87556],[4.43073,51.8756],[4.43222,51.87822]]]}},{"type":"Feature","id":"21969","properties":{},"geometry":{"type":"Polygon","coordinates":[[[4.4141,51.87482],[4.41405,51.87472],[4.41528,51.87448],[4.42723,51.87218],[4.42899,51.87193],[4.42886,51.87174],[4.42875,51.87159],[4.4286,51.87151],[4.42851,51.87147],[4.4284,51.87126],[4.42867,51.8712],[4.42872,51.8711],[4.42844,51.87043],[4.42837,51.87038],[4.42793,51.8706],[4.42726,51.8708],[4.42337,51.87152],[4.42029,51.87205],[4.41815,51.87237],[4.41762,51.87242],[4.41695,51.87245],[4.41582,51.87244],[4.415,51.87174],[4.41463,51.87189],[4.4137,51.87174],[4.41252,51.87169],[4.41225,51.87143],[4.41154,51.87162],[4.41126,51.8717],[4.41124,51.87185],[4.41084,51.87182],[4.40961,51.8718],[4.40962,51.87221],[4.40902,51.87242],[4.40836,51.87261],[4.40719,51.87279],[4.40623,51.8728],[4.40635,51.87312],[4.40577,51.8732],[4.40563,51.87282],[4.40447,51.87286],[4.40332,51.87285],[4.40197,51.87277],[4.40134,51.8727],[4.39922,51.8722],[4.39586,51.87234],[4.39485,51.87233],[4.39497,51.8723],[4.39338,51.87197],[4.39284,51.87181],[4.39178,51.87133],[4.39043,51.87058],[4.38987,51.87013],[4.38853,51.86882],[4.38802,51.86825],[4.38795,51.86843],[4.38787,51.86847],[4.38747,51.86848],[4.38729,51.86844],[4.38623,51.86794],[4.38631,51.86884],[4.38652,51.86987],[4.3866,51.87056],[4.3867,51.87214],[4.38663,51.87339],[4.38652,51.87412],[4.38631,51.87507],[4.3858,51.87653],[4.38542,51.87738],[4.38513,51.87794],[4.38619,51.87797],[4.38583,51.87834],[4.38714,51.87839],[4.38715,51.87827],[4.38703,51.87822],[4.38692,51.87822],[4.38698,51.87813],[4.38749,51.87817],[4.38787,51.87823],[4.38786,51.87815],[4.38877,51.87819],[4.38904,51.87821],[4.38912,51.87825],[4.39042,51.87832],[4.39312,51.87843],[4.3946,51.8784],[4.39595,51.87828],[4.39693,51.87811],[4.40948,51.8757],[4.41015,51.87562],[4.41015,51.87557],[4.41227,51.87517],[4.4141,51.87482]]]}},{"type":"Feature","id":"21980","properties":{},"geometry":{"type":"Polygon","coordinates":[[[4.42939,51.87263],[4.42988,51.87253],[4.43006,51.87286],[4.43035,51.87281],[4.43031,51.87268],[4.43057,51.8726],[4.43109,51.87249],[4.43113,51.87254],[4.43273,51.87218],[4.4335,51.87207],[4.43425,51.87204],[4.4352,51.87207],[4.43537,51.87216],[4.43566,51.87204],[4.43578,51.87206],[4.43594,51.87201],[4.43605,51.87208],[4.43627,51.87202],[4.43627,51.87205],[4.43663,51.87204],[4.43662,51.87206],[4.43669,51.87206],[4.43669,51.87204],[4.43756,51.87208],[4.43739,51.87478],[4.43756,51.87482],[4.43732,51.87837],[4.43725,51.87833],[4.4368,51.87832],[4.43605,51.87917],[4.43498,51.87882],[4.43425,51.8788],[4.4336,51.87891],[4.43318,51.8785],[4.43222,51.87822],[4.43073,51.8756],[4.43093,51.87556],[4.43,51.87394],[4.42928,51.87268],[4.42939,51.87263]]]}},{"type":"Feature","id":"21981","properties":{},"geometry":{"type":"Polygon","coordinates":[[[4.44794,51.87509],[4.44368,51.87498],[4.44143,51.87492],[4.43756,51.87482],[4.43732,51.87837],[4.43725,51.87833],[4.4368,51.87832],[4.43605,51.87917],[4.43718,51.87954],[4.43713,51.87959],[4.43786,51.87976],[4.43793,51.8799],[4.43755,51.87995],[4.43753,51.88002],[4.44766,51.87886],[4.4479,51.87964],[4.44796,51.8797],[4.44806,51.87973],[4.45223,51.87926],[4.45234,51.87922],[4.45237,51.87914],[4.45219,51.87851],[4.45223,51.87852],[4.45226,51.87847],[4.45219,51.87826],[4.45268,51.8782],[4.45284,51.87824],[4.45377,51.87813],[4.45391,51.87805],[4.45382,51.87793],[4.45371,51.87756],[4.45357,51.87759],[4.45354,51.87748],[4.4533,51.87751],[4.45284,51.8775],[4.45281,51.87765],[4.45271,51.87772],[4.44772,51.87829],[4.44788,51.87599],[4.44794,51.87509]]]}},{"type":"Feature","id":"21982","properties":{},"geometry":{"type":"Polygon","coordinates":[[[4.44096,51.87221],[4.44096,51.87216],[4.43969,51.87213],[4.43966,51.87218],[4.43959,51.87218],[4.43943,51.87217],[4.43936,51.87212],[4.43756,51.87208],[4.43739,51.87478],[4.43756,51.87482],[4.44143,51.87492],[4.44368,51.87498],[4.44794,51.87509],[4.44799,51.87429],[4.44812,51.8724],[4.44161,51.87223],[4.44096,51.87221]]]}},{"type":"Feature","id":"21983","properties":{},"geometry":{"type":"Polygon","coordinates":[[[4.45292,51.87325],[4.45268,51.873],[4.45232,51.87276],[4.45203,51.87265],[4.45204,51.8726],[4.45193,51.87256],[4.4519,51.87257],[4.45147,51.87253],[4.45143,51.8725],[4.4508,51.87247],[4.44812,51.8724],[4.44799,51.87429],[4.44794,51.87509],[4.44788,51.87599],[4.44772,51.87829],[4.45271,51.87772],[4.45281,51.87765],[4.45284,51.8775],[4.4533,51.87751],[4.45354,51.87748],[4.45357,51.87759],[4.45371,51.87756],[4.45364,51.87706],[4.45366,51.87671],[4.45405,51.87358],[4.45395,51.87339],[4.45371,51.8735],[4.45356,51.87353],[4.45352,51.87344],[4.45309,51.87356],[4.45292,51.87325]]]}},{"type":"Feature","id":"21984","properties":{},"geometry":{"type":"Polygon","coordinates":[[[4.44649,51.86847],[4.44533,51.86823],[4.44463,51.86805],[4.44371,51.86774],[4.44154,51.86686],[4.44024,51.86642],[4.43904,51.8672],[4.43821,51.86761],[4.43814,51.86762],[4.43705,51.86806],[4.43749,51.86823],[4.43653,51.86857],[4.43432,51.86922],[4.43174,51.86981],[4.43023,51.86941],[4.42837,51.87038],[4.42844,51.87043],[4.42872,51.8711],[4.42867,51.8712],[4.4284,51.87126],[4.42851,51.87147],[4.4286,51.87151],[4.42875,51.87159],[4.42886,51.87174],[4.42899,51.87193],[4.42939,51.87263],[4.42988,51.87253],[4.43006,51.87286],[4.43035,51.87281],[4.43031,51.87268],[4.43057,51.8726],[4.43109,51.87249],[4.43113,51.87254],[4.43273,51.87218],[4.4335,51.87207],[4.43425,51.87204],[4.4352,51.87207],[4.43537,51.87216],[4.43566,51.87204],[4.43578,51.87206],[4.43594,51.87201],[4.43605,51.87208],[4.43627,51.87202],[4.43627,51.87205],[4.43663,51.87204],[4.43662,51.87206],[4.43669,51.87206],[4.43669,51.87204],[4.43756,51.87208],[4.43936,51.87212],[4.43943,51.87217],[4.43959,51.87218],[4.43966,51.87218],[4.43969,51.87213],[4.44096,51.87216],[4.44096,51.87221],[4.44161,51.87223],[4.44812,51.8724],[4.4508,51.87247],[4.45143,51.8725],[4.45147,51.87253],[4.4519,51.87257],[4.45193,51.87256],[4.45204,51.8726],[4.45203,51.87265],[4.45232,51.87276],[4.45268,51.873],[4.45292,51.87325],[4.45309,51.87356],[4.45352,51.87344],[4.45356,51.87353],[4.45371,51.8735],[4.45395,51.87339],[4.45372,51.87312],[4.45299,51.87259],[4.45295,51.87237],[4.453,51.87228],[4.45311,51.8722],[4.45347,51.87211],[4.45471,51.87195],[4.45548,51.87181],[4.45562,51.87177],[4.45549,51.87164],[4.45549,51.87164],[4.4551,51.87126],[4.45483,51.87115],[4.45442,51.87109],[4.45332,51.87109],[4.45262,51.87098],[4.4519,51.87079],[4.45078,51.87027],[4.45092,51.87019],[4.45111,51.8695],[4.45128,51.86948],[4.45158,51.86952],[4.4516,51.86948],[4.45151,51.86946],[4.4515,51.86942],[4.45142,51.86939],[4.45144,51.86932],[4.45122,51.86918],[4.45125,51.86908],[4.44875,51.86882],[4.44649,51.86847]]]}},{"type":"Feature","id":"22950","properties":{},"geometry":{"type":"Polygon","coordinates":[[[4.33025,51.87858],[4.33055,51.87812],[4.33078,51.87788],[4.33113,51.8776],[4.33248,51.87679],[4.33772,51.87455],[4.3382,51.8744],[4.33888,51.8743],[4.33932,51.87429],[4.33972,51.87433],[4.34289,51.87504],[4.34331,51.87439],[4.34361,51.87412],[4.34225,51.87386],[4.34021,51.87368],[4.34027,51.87325],[4.339,51.873],[4.3386,51.87293],[4.33841,51.87294],[4.33832,51.87282],[4.33682,51.87251],[4.33578,51.87221],[4.33474,51.87185],[4.33466,51.87195],[4.33432,51.87237],[4.33395,51.87229],[4.33385,51.87247],[4.33061,51.87179],[4.32974,51.87313],[4.32838,51.87585],[4.32649,51.87986],[4.32599,51.88104],[4.32542,51.88292],[4.32515,51.8836],[4.32248,51.88889],[4.32122,51.89129],[4.3196,51.89457],[4.32085,51.89445],[4.32225,51.89428],[4.32372,51.89417],[4.32516,51.8941],[4.32799,51.89404],[4.33096,51.8941],[4.33384,51.89428],[4.33528,51.89443],[4.33761,51.89474],[4.33838,51.89267],[4.34113,51.89149],[4.34126,51.89161],[4.34134,51.89161],[4.34138,51.89156],[4.34134,51.89152],[4.34327,51.8907],[4.34312,51.89057],[4.34332,51.89048],[4.33043,51.88545],[4.32984,51.88518],[4.32934,51.88486],[4.32894,51.88448],[4.32867,51.88409],[4.32852,51.88365],[4.32849,51.88326],[4.32856,51.88285],[4.32962,51.88017],[4.33025,51.87858]]]}},{"type":"Feature","id":"22951","properties":{},"geometry":{"type":"Polygon","coordinates":[[[4.35857,51.87611],[4.3585,51.87631],[4.35785,51.87623],[4.35777,51.87648],[4.35772,51.87647],[4.35773,51.87649],[4.35811,51.87656],[4.35798,51.87697],[4.3575,51.87693],[4.35692,51.878],[4.35671,51.87871],[4.35678,51.87877],[4.35677,51.8788],[4.35685,51.87894],[4.35681,51.87911],[4.35702,51.87914],[4.35452,51.88758],[4.35262,51.88725],[4.35259,51.88737],[4.3524,51.88735],[4.35223,51.88748],[4.35108,51.88863],[4.34946,51.89399],[4.34931,51.89468],[4.34924,51.89468],[4.34918,51.89471],[4.3492,51.89501],[4.34848,51.89729],[4.34638,51.89666],[4.34348,51.89587],[4.34111,51.89535],[4.33974,51.89508],[4.33761,51.89474],[4.33838,51.89267],[4.34113,51.89149],[4.34126,51.89161],[4.34134,51.89161],[4.34138,51.89156],[4.34134,51.89152],[4.34327,51.8907],[4.34312,51.89057],[4.34332,51.89048],[4.33043,51.88545],[4.32984,51.88518],[4.32934,51.88486],[4.32894,51.88448],[4.32867,51.88409],[4.32852,51.88365],[4.32849,51.88326],[4.32856,51.88285],[4.32962,51.88017],[4.33025,51.87858],[4.33055,51.87812],[4.33078,51.87788],[4.33113,51.8776],[4.33248,51.87679],[4.33772,51.87455],[4.3382,51.8744],[4.33888,51.8743],[4.33932,51.87429],[4.33972,51.87433],[4.34289,51.87504],[4.34331,51.87439],[4.34361,51.87412],[4.34515,51.87449],[4.34773,51.87505],[4.34872,51.87523],[4.34989,51.8754],[4.35698,51.87616],[4.35701,51.87599],[4.35857,51.87611]]]}},{"type":"Feature","id":"22952","properties":{},"geometry":{"type":"Polygon","coordinates":[[[4.36356,51.89019],[4.36555,51.89485],[4.36552,51.89492],[4.36544,51.89495],[4.36605,51.89633],[4.36535,51.89739],[4.36527,51.89963],[4.36267,51.89959],[4.36138,51.89953],[4.35856,51.89929],[4.35663,51.89906],[4.35421,51.89867],[4.35233,51.89829],[4.35,51.89773],[4.34848,51.89729],[4.3492,51.89501],[4.34918,51.89471],[4.34924,51.89468],[4.34931,51.89468],[4.34946,51.89399],[4.35108,51.88863],[4.35223,51.88748],[4.3524,51.88735],[4.35259,51.88737],[4.35262,51.88725],[4.35452,51.88758],[4.35499,51.88764],[4.35515,51.88769],[4.35518,51.88775],[4.35695,51.88828],[4.35707,51.88826],[4.36356,51.89019]]]}},{"type":"Feature","id":"22953","properties":{},"geometry":{"type":"Polygon","coordinates":[[[4.37803,51.89306],[4.37752,51.89382],[4.37656,51.89488],[4.3762,51.89522],[4.37606,51.89528],[4.37611,51.89532],[4.37575,51.89562],[4.37557,51.89576],[4.37552,51.89573],[4.37429,51.89673],[4.37341,51.89756],[4.37262,51.89849],[4.37214,51.89919],[4.37068,51.89935],[4.36889,51.8995],[4.3672,51.89959],[4.36527,51.89963],[4.36535,51.89739],[4.36605,51.89633],[4.36544,51.89495],[4.36552,51.89492],[4.36555,51.89485],[4.36356,51.89019],[4.36845,51.88931],[4.37826,51.88769],[4.37981,51.88792],[4.37952,51.88857],[4.37914,51.88962],[4.37868,51.89131],[4.37847,51.89194],[4.37856,51.89194],[4.37853,51.89201],[4.37831,51.89255],[4.37803,51.89306]]]}},{"type":"Feature","id":"22954","properties":{},"geometry":{"type":"Polygon","coordinates":[[[4.35857,51.87611],[4.36161,51.87626],[4.36419,51.87644],[4.36421,51.87659],[4.36821,51.87649],[4.36861,51.87645],[4.3693,51.87663],[4.36966,51.87663],[4.36997,51.87659],[4.37016,51.8765],[4.37021,51.87639],[4.37019,51.87621],[4.37088,51.87613],[4.37089,51.87616],[4.37249,51.87592],[4.37682,51.87504],[4.37684,51.87508],[4.37636,51.87531],[4.37614,51.87554],[4.3757,51.8763],[4.37577,51.87674],[4.3757,51.8768],[4.37687,51.87683],[4.37692,51.87652],[4.37713,51.87601],[4.37731,51.87578],[4.37759,51.87557],[4.37794,51.87539],[4.37841,51.87526],[4.37938,51.87515],[4.37986,51.87517],[4.38036,51.87522],[4.38083,51.87531],[4.38136,51.87548],[4.38185,51.87569],[4.38228,51.87595],[4.38265,51.87627],[4.38361,51.87733],[4.38542,51.87738],[4.38513,51.87794],[4.38619,51.87797],[4.38583,51.87834],[4.38489,51.87935],[4.38395,51.88068],[4.38319,51.88181],[4.38323,51.88182],[4.38172,51.88431],[4.38062,51.88633],[4.38058,51.88633],[4.37981,51.88792],[4.37826,51.88769],[4.36845,51.88931],[4.36356,51.89019],[4.35707,51.88826],[4.35695,51.88828],[4.35518,51.88775],[4.35515,51.88769],[4.35499,51.88764],[4.35452,51.88758],[4.35702,51.87914],[4.35681,51.87911],[4.35685,51.87894],[4.35677,51.8788],[4.35678,51.87877],[4.35671,51.87871],[4.35692,51.878],[4.3575,51.87693],[4.35798,51.87697],[4.35811,51.87656],[4.35773,51.87649],[4.35772,51.87647],[4.35777,51.87648],[4.35785,51.87623],[4.3585,51.87631],[4.35857,51.87611]]]}},{"type":"Feature","id":"23060","properties":{},"geometry":{"type":"Polygon","coordinates":[[[4.32266,51.87156],[4.31906,51.87099],[4.31774,51.87083],[4.31564,51.87064],[4.31431,51.8706],[4.31418,51.87089],[4.31404,51.87091],[4.31334,51.87246],[4.31324,51.87245],[4.313,51.87298],[4.3131,51.87299],[4.3128,51.87363],[4.31248,51.87358],[4.31292,51.87367],[4.31088,51.87815],[4.31078,51.87814],[4.30966,51.88046],[4.31154,51.88682],[4.31165,51.8872],[4.31222,51.88911],[4.31224,51.88933],[4.3122,51.88965],[4.31165,51.89069],[4.31155,51.8907],[4.31149,51.89075],[4.31145,51.891],[4.31151,51.89126],[4.31163,51.89147],[4.31186,51.89165],[4.31218,51.89181],[4.31245,51.89529],[4.3196,51.89457],[4.32122,51.89129],[4.32248,51.88889],[4.32515,51.8836],[4.32542,51.88292],[4.32599,51.88104],[4.32649,51.87986],[4.32838,51.87585],[4.32974,51.87313],[4.33061,51.87179],[4.32879,51.8714],[4.32838,51.87215],[4.3278,51.87202],[4.32775,51.87208],[4.32762,51.87205],[4.32762,51.872],[4.32755,51.87196],[4.32582,51.8717],[4.32435,51.87153],[4.32449,51.87158],[4.32456,51.87165],[4.32451,51.87188],[4.32361,51.87171],[4.32346,51.87173],[4.32266,51.87156]]]}},{"type":"Feature","id":"23061","properties":{},"geometry":{"type":"Polygon","coordinates":[[[4.27729,51.86634],[4.27726,51.86658],[4.27753,51.86663],[4.2779,51.86683],[4.27799,51.86682],[4.27791,51.86684],[4.27818,51.86703],[4.27827,51.86703],[4.27821,51.86704],[4.27823,51.86708],[4.2786,51.86706],[4.27862,51.86725],[4.27752,51.86732],[4.27764,51.86789],[4.27793,51.86887],[4.27798,51.86929],[4.27809,51.86957],[4.27882,51.86946],[4.27881,51.86944],[4.27869,51.86946],[4.2788,51.86942],[4.27952,51.86931],[4.27985,51.86923],[4.28155,51.869],[4.28177,51.86906],[4.28186,51.86928],[4.28272,51.86919],[4.28384,51.86912],[4.28566,51.86909],[4.30997,51.87015],[4.31058,51.87019],[4.31012,51.8712],[4.31035,51.87124],[4.31053,51.87089],[4.31059,51.87088],[4.31107,51.87097],[4.31118,51.87096],[4.31127,51.8709],[4.31139,51.87062],[4.31144,51.8706],[4.31404,51.87091],[4.31418,51.87089],[4.31431,51.8706],[4.31564,51.87064],[4.31774,51.87083],[4.31906,51.87099],[4.32266,51.87156],[4.32346,51.87173],[4.32361,51.87171],[4.32451,51.87188],[4.32456,51.87165],[4.32449,51.87158],[4.32435,51.87153],[4.32582,51.8717],[4.32755,51.87196],[4.32762,51.872],[4.32762,51.87205],[4.32775,51.87208],[4.3278,51.87202],[4.32838,51.87215],[4.32879,51.8714],[4.33061,51.87179],[4.33363,51.86689],[4.33455,51.86555],[4.33554,51.8643],[4.30761,51.8644],[4.27729,51.8645],[4.27729,51.86634]]]}},{"type":"Feature","id":"23062","properties":{},"geometry":{"type":"Polygon","coordinates":[[[4.27805,51.88167],[4.2781,51.88165],[4.27815,51.88173],[4.27825,51.88177],[4.28363,51.88286],[4.28879,51.8839],[4.28891,51.88388],[4.28899,51.88382],[4.28939,51.88313],[4.28947,51.88311],[4.29589,51.88437],[4.29621,51.88531],[4.29651,51.88537],[4.29657,51.88545],[4.3068,51.88751],[4.3069,51.88751],[4.30707,51.88743],[4.30712,51.88735],[4.31089,51.88666],[4.31107,51.88664],[4.31113,51.88686],[4.31154,51.88682],[4.30966,51.88046],[4.31078,51.87814],[4.31088,51.87815],[4.31292,51.87367],[4.31248,51.87358],[4.3128,51.87363],[4.3131,51.87299],[4.313,51.87298],[4.31324,51.87245],[4.31334,51.87246],[4.31404,51.87091],[4.31144,51.8706],[4.31139,51.87062],[4.31127,51.8709],[4.31118,51.87096],[4.31107,51.87097],[4.31059,51.87088],[4.31053,51.87089],[4.31035,51.87124],[4.31012,51.8712],[4.31058,51.87019],[4.30997,51.87015],[4.28566,51.86909],[4.28384,51.86912],[4.28272,51.86919],[4.28186,51.86928],[4.28177,51.86906],[4.28155,51.869],[4.27985,51.86923],[4.27952,51.86931],[4.2788,51.86942],[4.27869,51.86946],[4.27881,51.86944],[4.27882,51.86946],[4.27809,51.86957],[4.27815,51.86963],[4.27831,51.86969],[4.27835,51.86978],[4.27114,51.87081],[4.27059,51.8709],[4.26985,51.87107],[4.26888,51.87141],[4.26823,51.87172],[4.26784,51.87196],[4.26731,51.87234],[4.26693,51.87268],[4.26644,51.8733],[4.26643,51.87343],[4.26636,51.87344],[4.26428,51.87738],[4.26568,51.87766],[4.2657,51.87761],[4.26802,51.87808],[4.268,51.87813],[4.26926,51.87839],[4.26923,51.87844],[4.26909,51.87842],[4.26917,51.87845],[4.26899,51.87879],[4.26869,51.87876],[4.26865,51.87884],[4.26903,51.87891],[4.26904,51.87888],[4.26916,51.8789],[4.27352,51.87978],[4.27385,51.87995],[4.27805,51.88167]]]}},{"type":"Feature","id":"23063","properties":{},"geometry":{"type":"Polygon","coordinates":[[[4.27729,51.8645],[4.26876,51.86453],[4.26698,51.86459],[4.26565,51.8647],[4.26358,51.86497],[4.26159,51.86535],[4.25932,51.86593],[4.25774,51.86644],[4.2589,51.86778],[4.25942,51.86837],[4.25939,51.86838],[4.25959,51.86842],[4.26119,51.87017],[4.26112,51.8703],[4.26121,51.8703],[4.26143,51.87055],[4.26225,51.87084],[4.26242,51.87097],[4.26238,51.871],[4.2628,51.87117],[4.2629,51.87139],[4.26237,51.87217],[4.26162,51.87358],[4.26143,51.87363],[4.26038,51.87562],[4.26032,51.87563],[4.26035,51.87568],[4.26014,51.87586],[4.26041,51.87654],[4.26053,51.87724],[4.26056,51.87783],[4.2605,51.87856],[4.26037,51.87901],[4.26016,51.87953],[4.25856,51.88257],[4.25886,51.88263],[4.25875,51.88284],[4.25899,51.8829],[4.25901,51.883],[4.25913,51.88306],[4.26087,51.88341],[4.26098,51.88329],[4.26131,51.88335],[4.26152,51.88295],[4.26164,51.88297],[4.26267,51.88103],[4.2624,51.88097],[4.26428,51.87738],[4.26636,51.87344],[4.26643,51.87343],[4.26644,51.8733],[4.26693,51.87268],[4.26731,51.87234],[4.26784,51.87196],[4.26823,51.87172],[4.26888,51.87141],[4.26985,51.87107],[4.27059,51.8709],[4.27114,51.87081],[4.27835,51.86978],[4.27831,51.86969],[4.27815,51.86963],[4.27809,51.86957],[4.27798,51.86929],[4.27793,51.86887],[4.27764,51.86789],[4.27752,51.86732],[4.27862,51.86725],[4.2786,51.86706],[4.27823,51.86708],[4.27821,51.86704],[4.27827,51.86703],[4.27818,51.86703],[4.27791,51.86684],[4.27799,51.86682],[4.2779,51.86683],[4.27753,51.86663],[4.27726,51.86658],[4.27729,51.86634],[4.27729,51.8645]]]}},{"type":"Feature","id":"23064","properties":{},"geometry":{"type":"Polygon","coordinates":[[[4.26361,51.89326],[4.26326,51.8932],[4.26181,51.89025],[4.26177,51.89015],[4.26187,51.88987],[4.26175,51.88969],[4.26121,51.88852],[4.26153,51.88846],[4.26148,51.88834],[4.26114,51.8884],[4.26032,51.88669],[4.26021,51.88622],[4.26033,51.88625],[4.26034,51.88562],[4.26042,51.88515],[4.26061,51.88467],[4.2611,51.88374],[4.26075,51.88366],[4.26087,51.88341],[4.25913,51.88306],[4.25901,51.883],[4.25899,51.8829],[4.25875,51.88284],[4.25845,51.88341],[4.25811,51.88337],[4.2577,51.88415],[4.25772,51.88418],[4.25728,51.88511],[4.25715,51.88554],[4.25707,51.88614],[4.25702,51.88696],[4.25731,51.88712],[4.25737,51.8878],[4.25752,51.88852],[4.25823,51.8905],[4.25833,51.89085],[4.25839,51.89122],[4.2584,51.89174],[4.25831,51.89173],[4.25815,51.89255],[4.25757,51.89263],[4.25781,51.89313],[4.25782,51.89324],[4.25708,51.89415],[4.25654,51.89464],[4.25594,51.89507],[4.25608,51.89515],[4.25534,51.89558],[4.2545,51.89595],[4.25469,51.89607],[4.25533,51.89594],[4.25542,51.89609],[4.25423,51.89633],[4.25432,51.89652],[4.25361,51.89666],[4.25364,51.89671],[4.25348,51.89674],[4.25356,51.89685],[4.25364,51.89683],[4.25367,51.89688],[4.25327,51.89698],[4.25374,51.89785],[4.26049,51.89656],[4.26289,51.89921],[4.26303,51.89949],[4.26471,51.90292],[4.26505,51.9036],[4.26781,51.90248],[4.2675,51.9022],[4.2674,51.90215],[4.26735,51.90207],[4.26745,51.90195],[4.26744,51.90188],[4.26733,51.90189],[4.26728,51.90186],[4.26693,51.90079],[4.26803,51.90044],[4.26818,51.9005],[4.26866,51.90023],[4.26854,51.9001],[4.26855,51.9],[4.26839,51.9],[4.26828,51.89994],[4.26823,51.89984],[4.26825,51.89977],[4.26772,51.89969],[4.2673,51.89958],[4.26683,51.8994],[4.26647,51.89919],[4.26657,51.89911],[4.26657,51.89901],[4.2661,51.89859],[4.26615,51.89852],[4.26619,51.89852],[4.26473,51.89558],[4.26361,51.89326]]]}},{"type":"Feature","id":"23065","properties":{},"geometry":{"type":"Polygon","coordinates":[[[4.26899,51.87879],[4.26917,51.87845],[4.26909,51.87842],[4.26923,51.87844],[4.26926,51.87839],[4.268,51.87813],[4.26802,51.87808],[4.2657,51.87761],[4.26568,51.87766],[4.26428,51.87738],[4.2624,51.88097],[4.26267,51.88103],[4.26164,51.88297],[4.26152,51.88295],[4.26131,51.88335],[4.26098,51.88329],[4.26087,51.88341],[4.26075,51.88366],[4.2611,51.88374],[4.26061,51.88467],[4.26042,51.88515],[4.26034,51.88562],[4.26033,51.88625],[4.26021,51.88622],[4.26032,51.88669],[4.26114,51.8884],[4.26148,51.88834],[4.26153,51.88846],[4.26121,51.88852],[4.26175,51.88969],[4.26187,51.88987],[4.26177,51.89015],[4.26181,51.89025],[4.26326,51.8932],[4.26361,51.89326],[4.26473,51.89558],[4.26619,51.89852],[4.26615,51.89852],[4.2661,51.89859],[4.26657,51.89901],[4.26657,51.89911],[4.26647,51.89919],[4.26683,51.8994],[4.2673,51.89958],[4.26772,51.89969],[4.26825,51.89977],[4.26823,51.89984],[4.26828,51.89994],[4.26839,51.9],[4.26855,51.9],[4.26854,51.9001],[4.26866,51.90023],[4.26818,51.9005],[4.26803,51.90044],[4.26693,51.90079],[4.26728,51.90186],[4.26733,51.90189],[4.26744,51.90188],[4.26745,51.90195],[4.26735,51.90207],[4.2674,51.90215],[4.2675,51.9022],[4.26781,51.90248],[4.26505,51.9036],[4.26618,51.9059],[4.27261,51.90332],[4.27497,51.90244],[4.27711,51.9017],[4.27929,51.90097],[4.28189,51.90015],[4.28478,51.89934],[4.28748,51.89867],[4.28708,51.89645],[4.28725,51.89644],[4.28739,51.89637],[4.28753,51.89611],[4.28753,51.89604],[4.28728,51.89608],[4.28723,51.89607],[4.28722,51.89601],[4.28712,51.89601],[4.28719,51.89588],[4.28691,51.89549],[4.2848,51.89508],[4.28426,51.89608],[4.28473,51.89597],[4.28474,51.8961],[4.27855,51.89755],[4.2785,51.89749],[4.2785,51.89741],[4.27872,51.89723],[4.27876,51.89725],[4.27906,51.89688],[4.27909,51.89682],[4.2789,51.89659],[4.27892,51.89654],[4.28075,51.89308],[4.27804,51.89253],[4.28034,51.88816],[4.28039,51.88816],[4.28073,51.88752],[4.28101,51.88758],[4.28209,51.88556],[4.28363,51.88286],[4.27825,51.88177],[4.27815,51.88173],[4.2781,51.88165],[4.27805,51.88167],[4.27385,51.87995],[4.27352,51.87978],[4.26916,51.8789],[4.26904,51.87888],[4.26903,51.87891],[4.26865,51.87884],[4.26869,51.87876],[4.26899,51.87879]]]}},{"type":"Feature","id":"23066","properties":{},"geometry":{"type":"Polygon","coordinates":[[[4.29657,51.88545],[4.29651,51.88537],[4.29621,51.88531],[4.29589,51.88437],[4.28947,51.88311],[4.28939,51.88313],[4.28899,51.88382],[4.28891,51.88388],[4.28879,51.8839],[4.28363,51.88286],[4.28209,51.88556],[4.28101,51.88758],[4.28073,51.88752],[4.28039,51.88816],[4.28034,51.88816],[4.27804,51.89253],[4.28075,51.89308],[4.27892,51.89654],[4.2789,51.89659],[4.27909,51.89682],[4.27906,51.89688],[4.27876,51.89725],[4.27872,51.89723],[4.2785,51.89741],[4.2785,51.89749],[4.27855,51.89755],[4.28474,51.8961],[4.28473,51.89597],[4.28426,51.89608],[4.2848,51.89508],[4.28691,51.89549],[4.28719,51.89588],[4.28712,51.89601],[4.28722,51.89601],[4.28723,51.89607],[4.28728,51.89608],[4.28753,51.89604],[4.28753,51.89611],[4.28739,51.89637],[4.28725,51.89644],[4.28708,51.89645],[4.28748,51.89867],[4.29209,51.89773],[4.29556,51.89717],[4.29841,51.89677],[4.30104,51.89644],[4.30647,51.89583],[4.31245,51.89529],[4.31218,51.89181],[4.31186,51.89165],[4.31163,51.89147],[4.31151,51.89126],[4.31145,51.891],[4.31149,51.89075],[4.31155,51.8907],[4.31165,51.89069],[4.3122,51.88965],[4.31224,51.88933],[4.31222,51.88911],[4.31165,51.8872],[4.31154,51.88682],[4.31113,51.88686],[4.31107,51.88664],[4.31089,51.88666],[4.30712,51.88735],[4.30707,51.88743],[4.3069,51.88751],[4.3068,51.88751],[4.29657,51.88545]]]}},{"type":"Feature","id":"23067","properties":{},"geometry":{"type":"Polygon","coordinates":[[[4.26242,51.87097],[4.26225,51.87084],[4.26143,51.87055],[4.26121,51.8703],[4.26112,51.8703],[4.26119,51.87017],[4.25959,51.86842],[4.25939,51.86838],[4.25942,51.86837],[4.2589,51.86778],[4.25774,51.86644],[4.24281,51.87167],[4.24041,51.87254],[4.23887,51.87323],[4.23753,51.87392],[4.2365,51.87454],[4.23552,51.87521],[4.23419,51.87627],[4.23337,51.87705],[4.23233,51.87822],[4.23174,51.87903],[4.23126,51.87984],[4.23083,51.88073],[4.2305,51.8816],[4.22961,51.88429],[4.22905,51.88558],[4.2286,51.8864],[4.22807,51.88721],[4.22742,51.88807],[4.22637,51.88925],[4.22839,51.88967],[4.2285,51.88958],[4.22867,51.88956],[4.22885,51.88962],[4.22894,51.88971],[4.22874,51.89077],[4.22917,51.89082],[4.22913,51.89095],[4.22948,51.89099],[4.22952,51.89086],[4.22996,51.8909],[4.23051,51.88955],[4.23384,51.88612],[4.23404,51.88619],[4.23407,51.88625],[4.23446,51.88639],[4.23429,51.88657],[4.23459,51.88717],[4.25333,51.88363],[4.25433,51.88341],[4.25813,51.88269],[4.25856,51.88257],[4.26016,51.87953],[4.26037,51.87901],[4.2605,51.87856],[4.26056,51.87783],[4.26053,51.87724],[4.26041,51.87654],[4.26014,51.87586],[4.26035,51.87568],[4.26032,51.87563],[4.26038,51.87562],[4.26143,51.87363],[4.26162,51.87358],[4.26237,51.87217],[4.2629,51.87139],[4.2628,51.87117],[4.26238,51.871],[4.26242,51.87097]]]}},{"type":"Feature","id":"23068","properties":{},"geometry":{"type":"Polygon","coordinates":[[[4.25875,51.88284],[4.25886,51.88263],[4.25856,51.88257],[4.25813,51.88269],[4.25433,51.88341],[4.25333,51.88363],[4.23459,51.88717],[4.23429,51.88657],[4.23446,51.88639],[4.23407,51.88625],[4.23404,51.88619],[4.23384,51.88612],[4.23051,51.88955],[4.22996,51.8909],[4.22952,51.89086],[4.22948,51.89099],[4.22913,51.89095],[4.22917,51.89082],[4.22874,51.89077],[4.22894,51.88971],[4.22885,51.88962],[4.22867,51.88956],[4.2285,51.88958],[4.22839,51.88967],[4.22637,51.88925],[4.22126,51.89495],[4.2205,51.89568],[4.21941,51.89661],[4.21865,51.89719],[4.21795,51.89768],[4.21591,51.89894],[4.21492,51.89945],[4.21378,51.89995],[4.21216,51.90051],[4.2107,51.90134],[4.21219,51.90243],[4.21229,51.90238],[4.21221,51.90231],[4.21523,51.90081],[4.21611,51.90048],[4.21716,51.90021],[4.21769,51.89978],[4.21939,51.89871],[4.21978,51.89851],[4.21996,51.8985],[4.22009,51.89861],[4.21982,51.89931],[4.21987,51.89937],[4.22212,51.89968],[4.22235,51.89966],[4.22248,51.89968],[4.22249,51.89964],[4.22389,51.89951],[4.22419,51.89952],[4.22417,51.89955],[4.22408,51.89956],[4.22423,51.89977],[4.2243,51.89976],[4.22434,51.89981],[4.2244,51.89981],[4.22421,51.90079],[4.22433,51.90081],[4.22423,51.90114],[4.22469,51.90119],[4.22531,51.90125],[4.2284,51.90159],[4.22793,51.90324],[4.22817,51.90327],[4.23048,51.90352],[4.23328,51.9027],[4.23377,51.90236],[4.23515,51.90139],[4.23702,51.90103],[4.24248,51.9],[4.25374,51.89785],[4.25327,51.89698],[4.25367,51.89688],[4.25364,51.89683],[4.25356,51.89685],[4.25348,51.89674],[4.25364,51.89671],[4.25361,51.89666],[4.25432,51.89652],[4.25423,51.89633],[4.25542,51.89609],[4.25533,51.89594],[4.25469,51.89607],[4.2545,51.89595],[4.25534,51.89558],[4.25608,51.89515],[4.25594,51.89507],[4.25654,51.89464],[4.25708,51.89415],[4.25782,51.89324],[4.25781,51.89313],[4.25757,51.89263],[4.25815,51.89255],[4.25831,51.89173],[4.2584,51.89174],[4.25839,51.89122],[4.25833,51.89085],[4.25823,51.8905],[4.25752,51.88852],[4.25737,51.8878],[4.25731,51.88712],[4.25702,51.88696],[4.25707,51.88614],[4.25715,51.88554],[4.25728,51.88511],[4.25772,51.88418],[4.2577,51.88415],[4.25811,51.88337],[4.25845,51.88341],[4.25875,51.88284]]]}},{"type":"Feature","id":"23070","properties":{},"geometry":{"type":"Polygon","coordinates":[[[4.10515,51.9382],[4.1029,51.93849],[4.10279,51.93845],[4.10265,51.93845],[4.08511,51.94075],[4.08294,51.94286],[4.08293,51.94292],[4.08365,51.94495],[4.08438,51.94701],[4.08677,51.95395],[4.08833,51.95817],[4.08908,51.95906],[4.08923,51.9593],[4.08965,51.95973],[4.08983,51.95984],[4.09073,51.95988],[4.09078,51.95992],[4.09126,51.96126],[4.09081,51.96132],[4.09084,51.96142],[4.09094,51.96151],[4.09171,51.9614],[4.09113,51.95979],[4.09131,51.95975],[4.09145,51.95962],[4.09159,51.95956],[4.10105,51.95694],[4.10154,51.95761],[4.10197,51.9575],[4.10207,51.95726],[4.10231,51.95698],[4.10256,51.95679],[4.10286,51.95663],[4.11427,51.95348],[4.11462,51.95331],[4.11479,51.95341],[4.11579,51.95314],[4.11582,51.9532],[4.11577,51.9549],[4.11465,51.95595],[4.1142,51.9561],[4.11424,51.95631],[4.11489,51.95608],[4.11605,51.955],[4.1161,51.95489],[4.1163,51.94826],[4.11638,51.94356],[4.11769,51.94231],[4.11775,51.94104],[4.11708,51.94103],[4.1169,51.94114],[4.11672,51.94106],[4.1163,51.94122],[4.11619,51.94133],[4.11623,51.94185],[4.11612,51.94201],[4.11588,51.94201],[4.11588,51.94195],[4.11527,51.94198],[4.11467,51.94205],[4.11471,51.94213],[4.11449,51.94216],[4.11416,51.94151],[4.11338,51.9416],[4.11289,51.94163],[4.11163,51.9416],[4.11091,51.94152],[4.11025,51.94139],[4.10968,51.94124],[4.10912,51.94105],[4.10826,51.94067],[4.10755,51.94024],[4.10696,51.93974],[4.1064,51.93908],[4.10615,51.93886],[4.10569,51.93874],[4.10532,51.93879],[4.10515,51.9382]]]}},{"type":"Feature","id":"23071","properties":{},"geometry":{"type":"Polygon","coordinates":[[[4.11306,51.93574],[4.11309,51.93582],[4.11046,51.93616],[4.10989,51.93628],[4.10672,51.93672],[4.10713,51.93791],[4.10657,51.93798],[4.10659,51.93801],[4.10515,51.9382],[4.10532,51.93879],[4.10569,51.93874],[4.10615,51.93886],[4.1064,51.93908],[4.10696,51.93974],[4.10755,51.94024],[4.10826,51.94067],[4.10912,51.94105],[4.10968,51.94124],[4.11025,51.94139],[4.11091,51.94152],[4.11163,51.9416],[4.11289,51.94163],[4.11338,51.9416],[4.11416,51.94151],[4.11449,51.94216],[4.11471,51.94213],[4.11467,51.94205],[4.11527,51.94198],[4.11588,51.94195],[4.11588,51.94201],[4.11612,51.94201],[4.11623,51.94185],[4.11619,51.94133],[4.1163,51.94122],[4.11672,51.94106],[4.1169,51.94114],[4.11708,51.94103],[4.11775,51.94104],[4.11775,51.94074],[4.11959,51.93965],[4.12413,51.93921],[4.12586,51.93901],[4.12773,51.93874],[4.12948,51.93844],[4.13131,51.93807],[4.13293,51.93769],[4.13659,51.93677],[4.14023,51.93581],[4.14193,51.93538],[4.14251,51.93525],[4.14269,51.93519],[4.14314,51.93492],[4.14317,51.93469],[4.14311,51.9346],[4.14297,51.9345],[4.14258,51.93443],[4.1417,51.93435],[4.14111,51.93207],[4.11306,51.93574]]]}},{"type":"Feature","id":"23072","properties":{},"geometry":{"type":"Polygon","coordinates":[[[4.15052,51.93562],[4.15042,51.9355],[4.15041,51.93541],[4.15015,51.93512],[4.15047,51.93503],[4.15093,51.93503],[4.15053,51.93455],[4.15067,51.93451],[4.15059,51.93442],[4.1505,51.93431],[4.14756,51.93507],[4.14744,51.93505],[4.14727,51.93508],[4.1426,51.93632],[4.14023,51.93581],[4.13659,51.93677],[4.13293,51.93769],[4.13131,51.93807],[4.12948,51.93844],[4.12773,51.93874],[4.12586,51.93901],[4.12413,51.93921],[4.11959,51.93965],[4.11775,51.94074],[4.11775,51.94104],[4.11769,51.94231],[4.11638,51.94356],[4.1163,51.94826],[4.1161,51.95489],[4.12068,51.95427],[4.12087,51.95434],[4.12076,51.95833],[4.12063,51.95843],[4.11926,51.95881],[4.11916,51.95889],[4.11917,51.95899],[4.11892,51.95907],[4.12129,51.96234],[4.12171,51.96292],[4.12581,51.96808],[4.12792,51.96651],[4.12982,51.96532],[4.13069,51.96481],[4.13237,51.96392],[4.13999,51.96014],[4.14016,51.9601],[4.14033,51.96013],[4.14044,51.96028],[4.1404,51.96037],[4.13896,51.96106],[4.13862,51.96124],[4.13861,51.96133],[4.137,51.96213],[4.13759,51.9626],[4.13784,51.96275],[4.13825,51.96258],[4.14277,51.96031],[4.15625,51.95362],[4.15638,51.95316],[4.15729,51.9527],[4.15745,51.95264],[4.15777,51.95266],[4.15818,51.95245],[4.15852,51.95197],[4.15914,51.95164],[4.15942,51.95157],[4.15996,51.95156],[4.16127,51.95091],[4.15721,51.94783],[4.1569,51.94799],[4.15397,51.94577],[4.15375,51.94525],[4.15358,51.94447],[4.15353,51.94371],[4.15362,51.93907],[4.15341,51.93786],[4.15289,51.93648],[4.15293,51.93605],[4.15138,51.93662],[4.15107,51.93615],[4.15066,51.93568],[4.15052,51.93562]]]}},{"type":"Feature","id":"23073","properties":{},"geometry":{"type":"Polygon","coordinates":[[[4.17623,51.91802],[4.17527,51.91826],[4.16819,51.91906],[4.16815,51.9192],[4.16802,51.91928],[4.16768,51.92066],[4.16758,51.92155],[4.16766,51.92157],[4.1676,51.92187],[4.16734,51.92223],[4.16719,51.92283],[4.16702,51.92313],[4.1662,51.92407],[4.16464,51.92544],[4.16383,51.92605],[4.16267,51.92665],[4.1602,51.92756],[4.1598,51.92767],[4.15982,51.92771],[4.15979,51.92774],[4.1594,51.92785],[4.15931,51.92783],[4.15928,51.92779],[4.15811,51.92812],[4.15705,51.9282],[4.15494,51.92853],[4.15413,51.92857],[4.15188,51.9288],[4.14928,51.93001],[4.14801,51.9305],[4.14698,51.93085],[4.14543,51.93129],[4.14407,51.93158],[4.1424,51.93189],[4.14111,51.93207],[4.1417,51.93435],[4.14258,51.93443],[4.14297,51.9345],[4.14311,51.9346],[4.14317,51.93469],[4.14314,51.93492],[4.14269,51.93519],[4.14251,51.93525],[4.14193,51.93538],[4.14023,51.93581],[4.1426,51.93632],[4.14727,51.93508],[4.14744,51.93505],[4.14756,51.93507],[4.1505,51.93431],[4.15059,51.93442],[4.15067,51.93451],[4.15053,51.93455],[4.15093,51.93503],[4.15047,51.93503],[4.15015,51.93512],[4.15041,51.93541],[4.15042,51.9355],[4.15052,51.93562],[4.15066,51.93568],[4.15107,51.93615],[4.15138,51.93662],[4.15293,51.93605],[4.15289,51.93648],[4.15341,51.93786],[4.15362,51.93907],[4.15353,51.94371],[4.15358,51.94447],[4.15375,51.94525],[4.15397,51.94577],[4.1569,51.94799],[4.15721,51.94783],[4.16127,51.95091],[4.16583,51.94864],[4.16665,51.94853],[4.18691,51.93842],[4.18708,51.93853],[4.19033,51.93692],[4.18605,51.93353],[4.18615,51.93345],[4.1862,51.93335],[4.18617,51.93321],[4.18608,51.93314],[4.18592,51.93311],[4.18454,51.9331],[4.18455,51.93288],[4.18455,51.93268],[4.18358,51.93267],[4.18374,51.92703],[4.1838,51.92525],[4.18388,51.92476],[4.18374,51.92474],[4.18367,51.92431],[4.18351,51.92397],[4.18337,51.92377],[4.18298,51.92341],[4.18216,51.92291],[4.18015,51.922],[4.17702,51.92063],[4.1769,51.92054],[4.1763,51.92027],[4.17861,51.91861],[4.1771,51.91777],[4.17696,51.91769],[4.17623,51.91802]]]}},{"type":"Feature","id":"23074","properties":{},"geometry":{"type":"Polygon","coordinates":[[[4.22469,51.90119],[4.22423,51.90114],[4.22433,51.90081],[4.22421,51.90079],[4.2244,51.89981],[4.22434,51.89981],[4.2243,51.89976],[4.22423,51.89977],[4.22408,51.89956],[4.22417,51.89955],[4.22419,51.89952],[4.22389,51.89951],[4.22249,51.89964],[4.22248,51.89968],[4.22235,51.89966],[4.22212,51.89968],[4.21987,51.89937],[4.21982,51.89931],[4.22009,51.89861],[4.21996,51.8985],[4.21978,51.89851],[4.21939,51.89871],[4.21769,51.89978],[4.21716,51.90021],[4.21611,51.90048],[4.21523,51.90081],[4.21221,51.90231],[4.21229,51.90238],[4.21219,51.90243],[4.2107,51.90134],[4.209,51.90209],[4.20775,51.90293],[4.20667,51.90355],[4.1985,51.90765],[4.1971,51.9083],[4.19438,51.9094],[4.19024,51.91086],[4.18905,51.9113],[4.18668,51.91228],[4.18537,51.91289],[4.18168,51.91472],[4.17996,51.91566],[4.17901,51.91626],[4.17734,51.91745],[4.17696,51.91769],[4.1771,51.91777],[4.17861,51.91861],[4.1763,51.92027],[4.1769,51.92054],[4.17702,51.92063],[4.18015,51.922],[4.18216,51.92291],[4.18298,51.92341],[4.18337,51.92377],[4.18351,51.92397],[4.18367,51.92431],[4.18374,51.92474],[4.18388,51.92476],[4.1838,51.92525],[4.18374,51.92703],[4.18358,51.93267],[4.18455,51.93268],[4.18455,51.93288],[4.18454,51.9331],[4.18592,51.93311],[4.18608,51.93314],[4.18617,51.93321],[4.1862,51.93335],[4.18615,51.93345],[4.18605,51.93353],[4.19033,51.93692],[4.21857,51.92282],[4.21904,51.92259],[4.21955,51.91959],[4.22016,51.91903],[4.22176,51.91739],[4.22295,51.91601],[4.22349,51.9153],[4.22433,51.91407],[4.22486,51.91315],[4.22561,51.91166],[4.22619,51.91016],[4.22662,51.90874],[4.22749,51.90566],[4.22817,51.90327],[4.22793,51.90324],[4.2284,51.90159],[4.22531,51.90125],[4.22469,51.90119]]]}},{"type":"Feature","id":"23075","properties":{},"geometry":{"type":"Polygon","coordinates":[[[4.18708,51.93853],[4.18691,51.93842],[4.16665,51.94853],[4.16583,51.94864],[4.16127,51.95091],[4.15996,51.95156],[4.15942,51.95157],[4.15914,51.95164],[4.15852,51.95197],[4.15818,51.95245],[4.15777,51.95266],[4.15745,51.95264],[4.15729,51.9527],[4.15638,51.95316],[4.15625,51.95362],[4.14277,51.96031],[4.13825,51.96258],[4.13784,51.96275],[4.13759,51.9626],[4.137,51.96213],[4.13861,51.96133],[4.13862,51.96124],[4.13896,51.96106],[4.1404,51.96037],[4.14044,51.96028],[4.14033,51.96013],[4.14016,51.9601],[4.13999,51.96014],[4.13237,51.96392],[4.13069,51.96481],[4.12982,51.96532],[4.12792,51.96651],[4.12581,51.96808],[4.12419,51.96953],[4.12383,51.96991],[4.12351,51.97016],[4.12299,51.97068],[4.12296,51.97083],[4.12301,51.97102],[4.1232,51.97124],[4.12353,51.97131],[4.12388,51.97126],[4.12561,51.97281],[4.12814,51.97183],[4.13058,51.9708],[4.13186,51.97025],[4.13398,51.96928],[4.13704,51.96772],[4.14366,51.96434],[4.1544,51.95887],[4.1695,51.95131],[4.1738,51.94923],[4.17766,51.94746],[4.18191,51.9456],[4.18623,51.94381],[4.19127,51.94175],[4.18829,51.93946],[4.18708,51.93853]]]}},{"type":"Feature","id":"23076","properties":{},"geometry":{"type":"Polygon","coordinates":[[[4.08233,51.98413],[4.08086,51.98189],[4.08069,51.98179],[4.08041,51.98133],[4.07866,51.97912],[4.1,51.97337],[4.09814,51.97069],[4.09863,51.97031],[4.10551,51.96841],[4.1056,51.96834],[4.10623,51.96733],[4.1062,51.96721],[4.10727,51.96691],[4.12171,51.96292],[4.12581,51.96808],[4.12419,51.96953],[4.12383,51.96991],[4.12351,51.97016],[4.12299,51.97068],[4.12296,51.97083],[4.12301,51.97102],[4.1232,51.97124],[4.12353,51.97131],[4.12388,51.97126],[4.12561,51.97281],[4.1233,51.97367],[4.12088,51.97451],[4.11837,51.9753],[4.11532,51.97621],[4.1134,51.97674],[4.11102,51.97734],[4.10837,51.9781],[4.10275,51.97953],[4.093,51.98184],[4.09075,51.98233],[4.08541,51.9835],[4.08233,51.98413]]]}},{"type":"Feature","id":"23077","properties":{},"geometry":{"type":"Polygon","coordinates":[[[4.11465,51.95595],[4.11577,51.9549],[4.11582,51.9532],[4.11579,51.95314],[4.11479,51.95341],[4.11462,51.95331],[4.11427,51.95348],[4.10286,51.95663],[4.10256,51.95679],[4.10231,51.95698],[4.10207,51.95726],[4.10197,51.9575],[4.10154,51.95761],[4.10105,51.95694],[4.09159,51.95956],[4.09145,51.95962],[4.09131,51.95975],[4.09113,51.95979],[4.09171,51.9614],[4.09094,51.96151],[4.09084,51.96142],[4.09081,51.96132],[4.09057,51.96136],[4.09048,51.96145],[4.09115,51.96334],[4.09182,51.96533],[4.09263,51.96756],[4.0931,51.96825],[4.09374,51.9689],[4.09454,51.96947],[4.09519,51.96982],[4.0957,51.97004],[4.09689,51.97044],[4.09814,51.97069],[4.09863,51.97031],[4.10551,51.96841],[4.1056,51.96834],[4.10623,51.96733],[4.1062,51.96721],[4.10727,51.96691],[4.12171,51.96292],[4.12129,51.96234],[4.11892,51.95907],[4.11917,51.95899],[4.11916,51.95889],[4.11926,51.95881],[4.12063,51.95843],[4.12076,51.95833],[4.12087,51.95434],[4.12068,51.95427],[4.1161,51.95489],[4.11605,51.955],[4.11489,51.95608],[4.11424,51.95631],[4.1142,51.9561],[4.11465,51.95595]]]}},{"type":"Feature","id":"23080","properties":{},"geometry":{"type":"Polygon","coordinates":[[[4.10772,51.93614],[4.10597,51.93338],[4.10562,51.9333],[4.10172,51.92701],[4.102,51.92353],[4.093,51.93242],[4.09289,51.93253],[4.0867,51.93333],[4.0848,51.93353],[4.08284,51.93367],[4.08101,51.93376],[4.07811,51.93379],[4.07561,51.93373],[4.07352,51.93361],[4.07041,51.93332],[4.06887,51.93312],[4.06723,51.93287],[4.06561,51.93257],[4.06331,51.93208],[4.04459,51.92772],[4.04361,51.92929],[4.04305,51.92916],[4.04288,51.92917],[4.04276,51.92922],[4.04259,51.9295],[4.04249,51.92967],[4.04455,51.93015],[4.04466,51.92997],[4.05065,51.93136],[4.04968,51.93294],[4.04971,51.93305],[4.04987,51.93313],[4.05006,51.93317],[4.05029,51.93305],[4.07202,51.93809],[4.07398,51.93853],[4.07498,51.93871],[4.07499,51.93887],[4.07669,51.93916],[4.07907,51.93951],[4.08511,51.94075],[4.10265,51.93845],[4.10279,51.93845],[4.1029,51.93849],[4.10515,51.9382],[4.10659,51.93801],[4.10657,51.93798],[4.10713,51.93791],[4.10672,51.93672],[4.10989,51.93628],[4.11046,51.93616],[4.11309,51.93582],[4.11306,51.93574],[4.11267,51.9348],[4.10772,51.93614]]]}},{"type":"Feature","id":"23081","properties":{},"geometry":{"type":"Polygon","coordinates":[[[3.99662,51.91657],[3.99607,51.91671],[3.99481,51.91713],[3.99369,51.91769],[3.99379,51.91779],[3.99326,51.91803],[3.99278,51.91819],[3.99191,51.91893],[3.99057,51.91995],[3.99013,51.92033],[3.98957,51.92057],[3.985,51.92182],[3.98434,51.92204],[3.98418,51.92215],[3.9825,51.92488],[3.98225,51.92538],[3.98205,51.92566],[3.98192,51.92567],[3.98172,51.92589],[3.98132,51.92673],[3.98128,51.92702],[3.98113,51.92734],[3.98104,51.9275],[3.98095,51.92748],[3.98093,51.92751],[3.98102,51.92753],[3.98091,51.92773],[3.98035,51.92866],[3.98026,51.92864],[3.98024,51.92867],[3.98033,51.92869],[3.97954,51.92983],[3.9783,51.9319],[3.97821,51.93188],[3.97819,51.93191],[3.97828,51.93193],[3.97763,51.93302],[3.97658,51.9346],[3.97585,51.93542],[3.975,51.93668],[3.97596,51.93694],[3.97648,51.9366],[3.97712,51.93626],[3.97787,51.93595],[3.97855,51.93572],[3.97866,51.93585],[3.97876,51.93582],[3.97913,51.93632],[3.97923,51.93629],[3.97964,51.9368],[3.97967,51.93685],[3.9796,51.93688],[3.97968,51.93699],[3.98,51.93691],[3.98022,51.93723],[3.98145,51.93692],[3.98186,51.9374],[3.98261,51.93798],[3.982,51.93842],[3.99053,51.94545],[3.99132,51.94508],[4.00736,51.95815],[4.01316,51.95543],[4.01446,51.9565],[4.01435,51.95655],[4.01434,51.95659],[4.01511,51.95724],[4.0136,51.9602],[4.01371,51.96027],[4.01368,51.96032],[4.01355,51.96034],[4.01323,51.96071],[4.01333,51.96076],[4.01333,51.9608],[4.01323,51.96084],[4.01331,51.96099],[4.01348,51.96113],[4.01372,51.96122],[4.01454,51.96136],[4.01469,51.96147],[4.01471,51.9616],[4.0147,51.96165],[4.01624,51.96175],[4.02126,51.95356],[4.02151,51.95316],[4.02164,51.95308],[4.022,51.95244],[4.02388,51.94938],[4.02422,51.94882],[4.02451,51.94822],[4.02492,51.94844],[4.02565,51.94876],[4.02569,51.94873],[4.0258,51.94876],[4.02589,51.9487],[4.026,51.94868],[4.02611,51.94847],[4.02629,51.94844],[4.02628,51.94842],[4.02678,51.94834],[4.02671,51.94806],[4.02677,51.94805],[4.02679,51.94774],[4.0269,51.94742],[4.02994,51.94244],[4.03088,51.94266],[4.03089,51.9426],[4.03083,51.94255],[4.03024,51.94241],[4.03051,51.94198],[4.03055,51.94198],[4.03171,51.9401],[4.03684,51.93166],[4.03694,51.9316],[4.03734,51.93148],[4.03743,51.9314],[4.0383,51.92995],[4.04039,51.929],[4.04259,51.9295],[4.04276,51.92922],[4.04288,51.92917],[4.04305,51.92916],[4.04361,51.92929],[4.04459,51.92772],[4.03673,51.92591],[3.99662,51.91657]]]}},{"type":"Feature","id":"23082","properties":{},"geometry":{"type":"Polygon","coordinates":[[[3.97858,51.98055],[3.97867,51.98051],[3.97872,51.98045],[3.97852,51.98029],[3.97837,51.98035],[3.97781,51.97984],[3.97755,51.97958],[3.97752,51.97948],[3.97729,51.97926],[3.97699,51.97883],[3.97506,51.97705],[3.97074,51.97281],[3.97056,51.97286],[3.97018,51.97256],[3.96994,51.97229],[3.96966,51.97188],[3.96927,51.97148],[3.96755,51.97002],[3.96728,51.96976],[3.9668,51.96923],[3.9651,51.9669],[3.96446,51.96579],[3.96377,51.9643],[3.96346,51.96336],[3.96296,51.96104],[3.9629,51.9601],[3.96295,51.95917],[3.96318,51.95717],[3.96356,51.95592],[3.96405,51.9546],[3.96513,51.95262],[3.96795,51.94807],[3.96859,51.94713],[3.97194,51.9415],[3.97232,51.94104],[3.97303,51.94005],[3.975,51.93668],[3.97585,51.93542],[3.97658,51.9346],[3.97763,51.93302],[3.97828,51.93193],[3.97819,51.93191],[3.97821,51.93188],[3.9783,51.9319],[3.97954,51.92983],[3.98033,51.92869],[3.98024,51.92867],[3.98026,51.92864],[3.98035,51.92866],[3.98091,51.92773],[3.98102,51.92753],[3.98093,51.92751],[3.98095,51.92748],[3.98104,51.9275],[3.98113,51.92734],[3.98128,51.92702],[3.98132,51.92673],[3.98172,51.92589],[3.98192,51.92567],[3.98205,51.92566],[3.98225,51.92538],[3.9825,51.92488],[3.98418,51.92215],[3.98434,51.92204],[3.985,51.92182],[3.98957,51.92057],[3.99013,51.92033],[3.99057,51.91995],[3.99191,51.91893],[3.99278,51.91819],[3.99326,51.91803],[3.99379,51.91779],[3.99369,51.91769],[3.99481,51.91713],[3.99607,51.91671],[3.99662,51.91657],[3.97262,51.91096],[3.94075,51.92157],[3.95313,51.98914],[4.01,51.99945],[4.08233,51.98413],[4.08086,51.98189],[4.08069,51.98179],[4.08041,51.98133],[4.07866,51.97912],[4.1,51.97337],[4.09814,51.97069],[4.09689,51.97044],[4.0957,51.97004],[4.09519,51.96982],[4.09454,51.96947],[4.09374,51.9689],[4.0931,51.96825],[4.09263,51.96756],[4.09182,51.96533],[4.09115,51.96334],[4.08158,51.96517],[4.0814,51.96506],[4.08113,51.96501],[4.08027,51.96512],[4.08005,51.9651],[4.07916,51.96481],[4.07924,51.96457],[4.07916,51.96446],[4.07906,51.9644],[4.07888,51.96436],[4.07874,51.96436],[4.07856,51.96441],[4.07845,51.96447],[4.0776,51.96549],[4.07767,51.96551],[4.07588,51.96763],[4.07648,51.96782],[4.07317,51.97174],[4.07296,51.97179],[4.07122,51.97386],[4.07135,51.9739],[4.07124,51.97403],[4.07118,51.97401],[4.07113,51.97407],[4.07106,51.97404],[4.06968,51.97568],[4.05103,51.98002],[4.05073,51.98008],[4.0507,51.98005],[4.05036,51.98013],[4.05038,51.98016],[4.04849,51.9806],[4.04816,51.98051],[4.04796,51.98073],[4.04762,51.9809],[4.0457,51.98134],[4.04575,51.98143],[4.04587,51.98146],[4.04152,51.98259],[4.03817,51.98332],[4.03411,51.9843],[4.03401,51.98436],[4.03405,51.98454],[4.03394,51.98468],[4.03377,51.98475],[4.03322,51.98488],[4.03153,51.98501],[4.02977,51.98539],[4.02907,51.98551],[4.02838,51.98556],[4.02761,51.98556],[4.0268,51.98548],[4.02612,51.98536],[4.0254,51.98517],[4.02372,51.98461],[4.02289,51.98445],[4.02232,51.98441],[4.02227,51.98469],[4.02188,51.98468],[4.02182,51.98473],[4.02182,51.98481],[4.0219,51.98487],[4.02224,51.98497],[4.02227,51.98504],[4.02226,51.98526],[4.02154,51.98535],[4.02099,51.98546],[4.02048,51.98561],[4.01218,51.98755],[4.01147,51.98774],[4.01025,51.98798],[4.00912,51.98816],[4.00818,51.98826],[4.00641,51.98839],[4.0042,51.98842],[4.00257,51.98834],[4.00097,51.98817],[3.99986,51.988],[3.99686,51.98745],[3.99318,51.98671],[3.98978,51.98596],[3.98731,51.98529],[3.9848,51.98471],[3.98399,51.98446],[3.98327,51.98415],[3.98199,51.9835],[3.9812,51.98298],[3.98026,51.98217],[3.97858,51.98055]]]}},{"type":"Feature","id":"23083","properties":{},"geometry":{"type":"Polygon","coordinates":[[[3.98186,51.9374],[3.98145,51.93692],[3.98022,51.93723],[3.98,51.93691],[3.97968,51.93699],[3.9796,51.93688],[3.97967,51.93685],[3.97964,51.9368],[3.97923,51.93629],[3.97913,51.93632],[3.97876,51.93582],[3.97866,51.93585],[3.97855,51.93572],[3.97787,51.93595],[3.97712,51.93626],[3.97648,51.9366],[3.97596,51.93694],[3.975,51.93668],[3.97303,51.94005],[3.97232,51.94104],[3.97194,51.9415],[3.96859,51.94713],[3.96795,51.94807],[3.96513,51.95262],[3.96405,51.9546],[3.96356,51.95592],[3.96318,51.95717],[3.96295,51.95917],[3.9629,51.9601],[3.96296,51.96104],[3.96346,51.96336],[3.96377,51.9643],[3.96446,51.96579],[3.9651,51.9669],[3.9668,51.96923],[3.96728,51.96976],[3.96755,51.97002],[3.96927,51.97148],[3.96966,51.97188],[3.96994,51.97229],[3.97018,51.97256],[3.97056,51.97286],[3.97074,51.97281],[3.97506,51.97705],[3.97699,51.97883],[3.97729,51.97926],[3.97752,51.97948],[3.97755,51.97958],[3.97781,51.97984],[3.97837,51.98035],[3.97852,51.98029],[3.97872,51.98045],[3.97867,51.98051],[3.97858,51.98055],[3.98026,51.98217],[3.9812,51.98298],[3.98199,51.9835],[3.98327,51.98415],[3.98399,51.98446],[3.9848,51.98471],[3.98731,51.98529],[3.98978,51.98596],[3.99318,51.98671],[3.99686,51.98745],[3.99986,51.988],[4.00097,51.98817],[4.00257,51.98834],[4.0042,51.98842],[4.00641,51.98839],[4.00818,51.98826],[4.00912,51.98816],[4.01025,51.98798],[4.01147,51.98774],[4.01218,51.98755],[4.02048,51.98561],[4.02099,51.98546],[4.02154,51.98535],[4.02226,51.98526],[4.02227,51.98504],[4.02224,51.98497],[4.0219,51.98487],[4.02182,51.98481],[4.02182,51.98473],[4.02188,51.98468],[4.02227,51.98469],[4.02232,51.98441],[4.02289,51.98445],[4.02372,51.98461],[4.0254,51.98517],[4.02612,51.98536],[4.0268,51.98548],[4.02761,51.98556],[4.02838,51.98556],[4.02907,51.98551],[4.02977,51.98539],[4.03153,51.98501],[4.03322,51.98488],[4.03377,51.98475],[4.03394,51.98468],[4.03405,51.98454],[4.03401,51.98436],[4.03411,51.9843],[4.03817,51.98332],[4.04152,51.98259],[4.04587,51.98146],[4.04575,51.98143],[4.0457,51.98134],[4.04762,51.9809],[4.04796,51.98073],[4.04816,51.98051],[4.04849,51.9806],[4.05038,51.98016],[4.05036,51.98013],[4.0507,51.98005],[4.05073,51.98008],[4.05103,51.98002],[4.06968,51.97568],[4.07106,51.97404],[4.07113,51.97407],[4.07118,51.97401],[4.07124,51.97403],[4.07135,51.9739],[4.07122,51.97386],[4.07296,51.97179],[4.07317,51.97174],[4.07648,51.96782],[4.07588,51.96763],[4.07767,51.96551],[4.0776,51.96549],[4.07845,51.96447],[4.07194,51.96002],[4.03412,51.95706],[4.03412,51.95709],[4.03407,51.95706],[4.03406,51.95709],[4.03383,51.95707],[4.03378,51.95732],[4.03407,51.95734],[4.03406,51.95738],[4.0329,51.95729],[4.03271,51.95764],[4.03271,51.95788],[4.03283,51.9581],[4.03324,51.95846],[4.03329,51.95873],[4.03323,51.95886],[4.03305,51.959],[4.0316,51.96068],[4.03085,51.96097],[4.03061,51.96099],[4.03022,51.96085],[4.02922,51.9606],[4.02917,51.96054],[4.02874,51.96122],[4.02864,51.96142],[4.0287,51.96143],[4.02718,51.96396],[4.02781,51.9648],[4.02798,51.96481],[4.02826,51.965],[4.02843,51.96505],[4.02857,51.96503],[4.03772,51.9629],[4.03855,51.96287],[4.04514,51.96131],[4.05235,51.96192],[4.05254,51.96498],[4.04583,51.96657],[4.04579,51.96657],[4.0456,51.96645],[4.04542,51.96626],[4.03667,51.96829],[4.03673,51.96846],[4.03661,51.96855],[4.01133,51.97444],[4.01026,51.97461],[4.00962,51.97466],[4.00899,51.97467],[4.00797,51.97461],[4.0073,51.97452],[4.00666,51.97439],[4.00604,51.97421],[4.0049,51.97376],[4.00435,51.97347],[4.00384,51.97312],[4.00342,51.97276],[4.00296,51.97224],[4.00271,51.97185],[4.00245,51.97129],[4.00234,51.9705],[4.00246,51.9704],[4.00255,51.97038],[4.00363,51.9641],[4.0042,51.96408],[4.00523,51.96415],[4.0054,51.96319],[4.00489,51.96314],[4.0048,51.96305],[4.00485,51.96295],[4.00668,51.96231],[4.00732,51.9624],[4.0084,51.96212],[4.00854,51.96181],[4.00919,51.96192],[4.00928,51.96184],[4.00942,51.96182],[4.01248,51.96231],[4.0144,51.96212],[4.01456,51.96205],[4.01465,51.96195],[4.01467,51.9619],[4.01458,51.9619],[4.01463,51.96159],[4.01471,51.9616],[4.01469,51.96147],[4.01454,51.96136],[4.01372,51.96122],[4.01348,51.96113],[4.01331,51.96099],[4.01323,51.96084],[4.01333,51.9608],[4.01333,51.96076],[4.01323,51.96071],[4.01355,51.96034],[4.01368,51.96032],[4.01371,51.96027],[4.0136,51.9602],[4.01511,51.95724],[4.01434,51.95659],[4.01435,51.95655],[4.01446,51.9565],[4.01316,51.95543],[4.00736,51.95815],[3.99132,51.94508],[3.99053,51.94545],[3.982,51.93842],[3.98261,51.93798],[3.98186,51.9374]]]}},{"type":"Feature","id":"23084","properties":{},"geometry":{"type":"Polygon","coordinates":[[[4.03171,51.9401],[4.03055,51.94198],[4.03051,51.94198],[4.03024,51.94241],[4.03083,51.94255],[4.03089,51.9426],[4.03088,51.94266],[4.02994,51.94244],[4.0269,51.94742],[4.02679,51.94774],[4.02677,51.94805],[4.02671,51.94806],[4.02678,51.94834],[4.02628,51.94842],[4.02629,51.94844],[4.02611,51.94847],[4.026,51.94868],[4.02589,51.9487],[4.0258,51.94876],[4.02569,51.94873],[4.02565,51.94876],[4.02492,51.94844],[4.02451,51.94822],[4.02422,51.94882],[4.02388,51.94938],[4.022,51.95244],[4.02164,51.95308],[4.02151,51.95316],[4.02126,51.95356],[4.01624,51.96175],[4.0147,51.96165],[4.01471,51.9616],[4.01463,51.96159],[4.01458,51.9619],[4.01467,51.9619],[4.01465,51.96195],[4.01456,51.96205],[4.0144,51.96212],[4.01248,51.96231],[4.00942,51.96182],[4.00928,51.96184],[4.00919,51.96192],[4.00854,51.96181],[4.0084,51.96212],[4.00732,51.9624],[4.00668,51.96231],[4.00485,51.96295],[4.0048,51.96305],[4.00489,51.96314],[4.0054,51.96319],[4.00523,51.96415],[4.0042,51.96408],[4.00363,51.9641],[4.00255,51.97038],[4.00246,51.9704],[4.00234,51.9705],[4.00245,51.97129],[4.00271,51.97185],[4.00296,51.97224],[4.00342,51.97276],[4.00384,51.97312],[4.00435,51.97347],[4.0049,51.97376],[4.00604,51.97421],[4.00666,51.97439],[4.0073,51.97452],[4.00797,51.97461],[4.00899,51.97467],[4.00962,51.97466],[4.01026,51.97461],[4.01133,51.97444],[4.03661,51.96855],[4.03673,51.96846],[4.03667,51.96829],[4.04542,51.96626],[4.0456,51.96645],[4.04579,51.96657],[4.04583,51.96657],[4.05254,51.96498],[4.05235,51.96192],[4.04514,51.96131],[4.03855,51.96287],[4.03772,51.9629],[4.02857,51.96503],[4.02843,51.96505],[4.02826,51.965],[4.02798,51.96481],[4.02781,51.9648],[4.02718,51.96396],[4.0287,51.96143],[4.02864,51.96142],[4.02874,51.96122],[4.02917,51.96054],[4.02922,51.9606],[4.03022,51.96085],[4.03061,51.96099],[4.03085,51.96097],[4.0316,51.96068],[4.03305,51.959],[4.03323,51.95886],[4.03329,51.95873],[4.03324,51.95846],[4.03283,51.9581],[4.03271,51.95788],[4.03271,51.95764],[4.0329,51.95729],[4.03406,51.95738],[4.03407,51.95734],[4.03378,51.95732],[4.03383,51.95707],[4.03406,51.95709],[4.03407,51.95706],[4.03412,51.95709],[4.03412,51.95706],[4.07194,51.96002],[4.07845,51.96447],[4.07856,51.96441],[4.07874,51.96436],[4.07888,51.96436],[4.07906,51.9644],[4.07916,51.96446],[4.07924,51.96457],[4.07916,51.96481],[4.08005,51.9651],[4.08027,51.96512],[4.08113,51.96501],[4.0814,51.96506],[4.08158,51.96517],[4.09115,51.96334],[4.09048,51.96145],[4.09057,51.96136],[4.09081,51.96132],[4.09126,51.96126],[4.09078,51.95992],[4.09073,51.95988],[4.08983,51.95984],[4.08965,51.95973],[4.08923,51.9593],[4.08908,51.95906],[4.08833,51.95817],[4.08677,51.95395],[4.08438,51.94701],[4.08365,51.94495],[4.08293,51.94292],[4.08294,51.94286],[4.08511,51.94075],[4.07907,51.93951],[4.07669,51.93916],[4.07499,51.93887],[4.07498,51.93871],[4.07398,51.93853],[4.07202,51.93809],[4.05029,51.93305],[4.05006,51.93317],[4.04987,51.93313],[4.04971,51.93305],[4.04968,51.93294],[4.05065,51.93136],[4.04466,51.92997],[4.04455,51.93015],[4.04249,51.92967],[4.04259,51.9295],[4.04039,51.929],[4.0383,51.92995],[4.03743,51.9314],[4.03734,51.93148],[4.03694,51.9316],[4.03684,51.93166],[4.03171,51.9401]]]}},{"type":"Feature","id":"24590","properties":{},"geometry":{"type":"Polygon","coordinates":[[[4.41536,51.94109],[4.41515,51.94096],[4.41549,51.94076],[4.41456,51.94011],[4.41419,51.93961],[4.41381,51.93939],[4.41321,51.93906],[4.41112,51.93837],[4.41062,51.93949],[4.41042,51.93979],[4.41051,51.93986],[4.4105,51.93993],[4.40997,51.94107],[4.40989,51.94106],[4.40979,51.94121],[4.40964,51.94159],[4.40955,51.94159],[4.40948,51.94174],[4.40958,51.94178],[4.4096,51.94187],[4.40906,51.94302],[4.40904,51.94307],[4.40897,51.94306],[4.40876,51.9435],[4.4087,51.94354],[4.40862,51.94353],[4.40857,51.94367],[4.40868,51.94372],[4.40869,51.94382],[4.40827,51.94473],[4.4082,51.94472],[4.40802,51.94508],[4.40807,51.94509],[4.40806,51.94518],[4.40795,51.9454],[4.40789,51.94539],[4.40776,51.94544],[4.40767,51.94562],[4.40746,51.94559],[4.40733,51.94564],[4.40675,51.94669],[4.40689,51.94673],[4.40691,51.94676],[4.40769,51.94666],[4.40784,51.94658],[4.40802,51.94673],[4.40826,51.94685],[4.40976,51.94745],[4.41047,51.94767],[4.41211,51.94835],[4.41227,51.94826],[4.41223,51.94821],[4.41232,51.94816],[4.41231,51.94811],[4.41219,51.94806],[4.41241,51.94794],[4.41252,51.94784],[4.41265,51.94778],[4.41346,51.94724],[4.41414,51.94657],[4.41458,51.94595],[4.41484,51.94543],[4.41497,51.94508],[4.41509,51.9444],[4.41518,51.94274],[4.41536,51.94109]]]}},{"type":"Feature","id":"24591","properties":{},"geometry":{"type":"Polygon","coordinates":[[[4.40964,51.94159],[4.40979,51.94121],[4.40989,51.94106],[4.40997,51.94107],[4.4105,51.93993],[4.41051,51.93986],[4.41042,51.93979],[4.41062,51.93949],[4.41112,51.93837],[4.4108,51.93827],[4.40932,51.93798],[4.40852,51.93864],[4.40642,51.93792],[4.40601,51.93868],[4.40597,51.93868],[4.406,51.93871],[4.40595,51.93876],[4.406,51.9388],[4.40593,51.93881],[4.40589,51.93889],[4.4059,51.93897],[4.40584,51.93908],[4.40578,51.9391],[4.40499,51.94054],[4.40485,51.94057],[4.40482,51.94056],[4.40478,51.94065],[4.40492,51.9407],[4.40485,51.94088],[4.4048,51.94087],[4.40394,51.94245],[4.40379,51.94248],[4.40375,51.94257],[4.40386,51.94259],[4.40387,51.94263],[4.40372,51.94262],[4.40369,51.94268],[4.40375,51.94271],[4.40374,51.94281],[4.40274,51.94464],[4.40227,51.94454],[4.40166,51.94565],[4.40174,51.94566],[4.40158,51.94592],[4.40157,51.94603],[4.40456,51.94618],[4.40654,51.94659],[4.4066,51.94666],[4.40675,51.94669],[4.40733,51.94564],[4.40746,51.94559],[4.40767,51.94562],[4.40776,51.94544],[4.40789,51.94539],[4.40795,51.9454],[4.40806,51.94518],[4.40807,51.94509],[4.40802,51.94508],[4.4082,51.94472],[4.40827,51.94473],[4.40869,51.94382],[4.40868,51.94372],[4.40857,51.94367],[4.40862,51.94353],[4.4087,51.94354],[4.40876,51.9435],[4.40897,51.94306],[4.40904,51.94307],[4.40906,51.94302],[4.4096,51.94187],[4.40958,51.94178],[4.40948,51.94174],[4.40955,51.94159],[4.40964,51.94159]]]}},{"type":"Feature","id":"24592","properties":{},"geometry":{"type":"Polygon","coordinates":[[[4.40485,51.94057],[4.40499,51.94054],[4.40578,51.9391],[4.40584,51.93908],[4.4059,51.93897],[4.40589,51.93889],[4.40593,51.93881],[4.406,51.9388],[4.40595,51.93876],[4.406,51.93871],[4.40597,51.93868],[4.40601,51.93868],[4.40642,51.93792],[4.40607,51.9378],[4.40582,51.93786],[4.40392,51.93725],[4.40212,51.9384],[4.40209,51.93843],[4.40215,51.9389],[4.40178,51.93915],[4.40173,51.93915],[4.40078,51.93924],[4.39965,51.93996],[4.39775,51.94132],[4.39498,51.94291],[4.39422,51.944],[4.39406,51.94409],[4.39388,51.94412],[4.39345,51.94426],[4.39348,51.94447],[4.39367,51.94461],[4.39438,51.94552],[4.39492,51.94646],[4.39526,51.94639],[4.39536,51.9465],[4.39549,51.94656],[4.39564,51.9466],[4.39582,51.94661],[4.39827,51.94618],[4.40119,51.94601],[4.40157,51.94603],[4.40158,51.94592],[4.40174,51.94566],[4.40166,51.94565],[4.40227,51.94454],[4.40274,51.94464],[4.40374,51.94281],[4.40375,51.94271],[4.40369,51.94268],[4.40372,51.94262],[4.40387,51.94263],[4.40386,51.94259],[4.40375,51.94257],[4.40379,51.94248],[4.40394,51.94245],[4.4048,51.94087],[4.40485,51.94088],[4.40492,51.9407],[4.40478,51.94065],[4.40482,51.94056],[4.40485,51.94057]]]}},{"type":"Feature","id":"25400","properties":{},"geometry":{"type":"Polygon","coordinates":[[[4.53822,51.91534],[4.53932,51.91533],[4.54052,51.91524],[4.53785,51.91932],[4.53779,51.91933],[4.53771,51.91946],[4.53749,51.91961],[4.53623,51.92016],[4.53604,51.92033],[4.53591,51.92058],[4.53579,51.92069],[4.53575,51.92062],[4.53583,51.9206],[4.53585,51.92056],[4.53566,51.92016],[4.53558,51.92018],[4.53557,51.92015],[4.53531,51.91933],[4.53522,51.9185],[4.53529,51.91772],[4.53541,51.91708],[4.5357,51.91628],[4.5359,51.916],[4.53614,51.9158],[4.53649,51.91559],[4.53701,51.91543],[4.53726,51.91538],[4.53822,51.91537],[4.53822,51.91534]]]}},{"type":"Feature","id":"27040","properties":{},"geometry":{"type":"Polygon","coordinates":[[[4.26471,51.90292],[4.26423,51.90311],[4.26427,51.90307],[4.26424,51.90301],[4.26401,51.90297],[4.26153,51.90337],[4.2614,51.90335],[4.26124,51.90327],[4.26111,51.90315],[4.26107,51.90316],[4.26084,51.90292],[4.26078,51.90287],[4.25862,51.90371],[4.25849,51.90378],[4.25851,51.9038],[4.2577,51.90412],[4.25752,51.90417],[4.25749,51.90425],[4.25632,51.90471],[4.25618,51.90472],[4.25616,51.90477],[4.25497,51.90525],[4.25479,51.90526],[4.25478,51.90533],[4.25356,51.9058],[4.2534,51.9058],[4.25337,51.90588],[4.25217,51.90635],[4.25209,51.90635],[4.25203,51.90631],[4.25199,51.90632],[4.25202,51.90637],[4.25199,51.90641],[4.25073,51.9069],[4.25078,51.90695],[4.25071,51.90703],[4.25086,51.90718],[4.25083,51.9072],[4.25128,51.90764],[4.25128,51.90771],[4.25122,51.90777],[4.24986,51.90821],[4.24962,51.90842],[4.24768,51.90909],[4.2465,51.9094],[4.24546,51.90951],[4.24534,51.90953],[4.24537,51.90962],[4.24551,51.91],[4.24548,51.91008],[4.24538,51.91015],[4.24389,51.91049],[4.2428,51.91068],[4.2423,51.91081],[4.24246,51.91106],[4.2427,51.911],[4.24274,51.91112],[4.24284,51.9111],[4.24301,51.91109],[4.24334,51.91205],[4.24502,51.91349],[4.24766,51.91275],[4.25086,51.91176],[4.25284,51.9111],[4.25497,51.91034],[4.25781,51.90925],[4.26618,51.9059],[4.26505,51.9036],[4.26471,51.90292]]]}},{"type":"Feature","id":"27041","properties":{},"geometry":{"type":"Polygon","coordinates":[[[4.26289,51.89921],[4.26049,51.89656],[4.25374,51.89785],[4.25398,51.89863],[4.25419,51.89906],[4.25486,51.90039],[4.25493,51.90037],[4.2551,51.90071],[4.25564,51.90065],[4.25557,51.90076],[4.25527,51.90082],[4.25531,51.90088],[4.25522,51.90091],[4.25518,51.90095],[4.2552,51.90102],[4.25611,51.90237],[4.25632,51.90262],[4.25762,51.90408],[4.2577,51.90412],[4.25851,51.9038],[4.25849,51.90378],[4.25862,51.90371],[4.26078,51.90287],[4.26084,51.90292],[4.26107,51.90316],[4.26111,51.90315],[4.26124,51.90327],[4.2614,51.90335],[4.26153,51.90337],[4.26401,51.90297],[4.26424,51.90301],[4.26427,51.90307],[4.26423,51.90311],[4.26471,51.90292],[4.26303,51.89949],[4.26289,51.89921]]]}},{"type":"Feature","id":"27042","properties":{},"geometry":{"type":"Polygon","coordinates":[[[4.25374,51.89785],[4.24248,51.9],[4.2426,51.90023],[4.24274,51.90039],[4.24259,51.90076],[4.24253,51.90089],[4.24264,51.90091],[4.24236,51.90181],[4.24356,51.90196],[4.24374,51.90191],[4.24441,51.90286],[4.24455,51.90283],[4.2446,51.90284],[4.24498,51.90339],[4.24494,51.9034],[4.24494,51.90343],[4.24501,51.90355],[4.24511,51.90357],[4.24538,51.90394],[4.24533,51.90402],[4.24537,51.9041],[4.24547,51.90411],[4.24635,51.90521],[4.24631,51.90522],[4.2464,51.90533],[4.24647,51.90539],[4.24654,51.90539],[4.24659,51.90546],[4.24668,51.90545],[4.24665,51.90538],[4.2467,51.90533],[4.24755,51.90504],[4.24841,51.9048],[4.25468,51.90314],[4.25475,51.90316],[4.25632,51.90262],[4.25611,51.90237],[4.2552,51.90102],[4.25518,51.90095],[4.25522,51.90091],[4.25531,51.90088],[4.25527,51.90082],[4.25557,51.90076],[4.25564,51.90065],[4.2551,51.90071],[4.25493,51.90037],[4.25486,51.90039],[4.25419,51.89906],[4.25398,51.89863],[4.25374,51.89785]]]}},{"type":"Feature","id":"27043","properties":{},"geometry":{"type":"Polygon","coordinates":[[[4.25199,51.90641],[4.25202,51.90637],[4.25199,51.90632],[4.25203,51.90631],[4.25209,51.90635],[4.25217,51.90635],[4.25337,51.90588],[4.2534,51.9058],[4.25356,51.9058],[4.25478,51.90533],[4.25479,51.90526],[4.25497,51.90525],[4.25616,51.90477],[4.25618,51.90472],[4.25632,51.90471],[4.25749,51.90425],[4.25752,51.90417],[4.2577,51.90412],[4.25762,51.90408],[4.25632,51.90262],[4.25475,51.90316],[4.25468,51.90314],[4.24841,51.9048],[4.24755,51.90504],[4.2467,51.90533],[4.24665,51.90538],[4.24668,51.90545],[4.24659,51.90546],[4.2466,51.90561],[4.24655,51.90577],[4.24635,51.90574],[4.24633,51.90576],[4.24622,51.90605],[4.24632,51.90606],[4.24596,51.90704],[4.24604,51.90706],[4.2456,51.90824],[4.24521,51.90879],[4.24533,51.90886],[4.24541,51.90897],[4.24546,51.90951],[4.2465,51.9094],[4.24768,51.90909],[4.24962,51.90842],[4.24986,51.90821],[4.25122,51.90777],[4.25128,51.90771],[4.25128,51.90764],[4.25083,51.9072],[4.25086,51.90718],[4.25071,51.90703],[4.25078,51.90695],[4.25073,51.9069],[4.25199,51.90641]]]}},{"type":"Feature","id":"27044","properties":{},"geometry":{"type":"Polygon","coordinates":[[[4.24647,51.90539],[4.2464,51.90533],[4.24631,51.90522],[4.24635,51.90521],[4.24547,51.90411],[4.24537,51.9041],[4.24533,51.90402],[4.24538,51.90394],[4.24511,51.90357],[4.24501,51.90355],[4.24446,51.90371],[4.24421,51.90374],[4.24136,51.90387],[4.24133,51.90389],[4.24118,51.9039],[4.24103,51.90387],[4.23996,51.90391],[4.23897,51.90402],[4.23819,51.9042],[4.23754,51.90442],[4.23708,51.90471],[4.23699,51.90484],[4.23666,51.90497],[4.23661,51.90498],[4.23726,51.90545],[4.23862,51.90674],[4.23931,51.90738],[4.2405,51.90854],[4.24056,51.90863],[4.24066,51.90869],[4.24145,51.9084],[4.2421,51.9082],[4.24239,51.90817],[4.24267,51.9082],[4.24521,51.90879],[4.2456,51.90824],[4.24604,51.90706],[4.24596,51.90704],[4.24632,51.90606],[4.24622,51.90605],[4.24633,51.90576],[4.24635,51.90574],[4.24655,51.90577],[4.2466,51.90561],[4.24659,51.90546],[4.24654,51.90539],[4.24647,51.90539]]]}},{"type":"Feature","id":"27045","properties":{},"geometry":{"type":"Polygon","coordinates":[[[4.23996,51.90391],[4.24103,51.90387],[4.24118,51.9039],[4.24133,51.90389],[4.24136,51.90387],[4.24421,51.90374],[4.24446,51.90371],[4.24501,51.90355],[4.24494,51.90343],[4.24494,51.9034],[4.24498,51.90339],[4.2446,51.90284],[4.24455,51.90283],[4.24441,51.90286],[4.24374,51.90191],[4.24356,51.90196],[4.24236,51.90181],[4.24264,51.90091],[4.24253,51.90089],[4.24259,51.90076],[4.24274,51.90039],[4.2426,51.90023],[4.24248,51.9],[4.23702,51.90103],[4.23515,51.90139],[4.23377,51.90236],[4.23328,51.9027],[4.23048,51.90352],[4.22817,51.90327],[4.22749,51.90566],[4.2293,51.90584],[4.23007,51.9063],[4.23023,51.90636],[4.23061,51.90662],[4.23068,51.90666],[4.23074,51.90665],[4.23091,51.9068],[4.23134,51.90702],[4.23148,51.90705],[4.23245,51.90754],[4.23262,51.9076],[4.23265,51.90757],[4.23274,51.90761],[4.23283,51.90759],[4.23291,51.90763],[4.23297,51.90765],[4.23353,51.90714],[4.23608,51.90518],[4.23636,51.90504],[4.23661,51.90498],[4.23666,51.90497],[4.23699,51.90484],[4.23708,51.90471],[4.23754,51.90442],[4.23819,51.9042],[4.23897,51.90402],[4.23996,51.90391]]]}},{"type":"Feature","id":"27046","properties":{},"geometry":{"type":"Polygon","coordinates":[[[4.24534,51.90953],[4.24546,51.90951],[4.24541,51.90897],[4.24533,51.90886],[4.24521,51.90879],[4.24267,51.9082],[4.24239,51.90817],[4.2421,51.9082],[4.24145,51.9084],[4.24066,51.90869],[4.23978,51.90905],[4.23979,51.9091],[4.23973,51.90913],[4.23965,51.9091],[4.23771,51.90989],[4.23709,51.91011],[4.23705,51.91018],[4.23681,51.91022],[4.23449,51.91114],[4.2347,51.9113],[4.23483,51.91132],[4.23509,51.91158],[4.2354,51.91173],[4.23537,51.91176],[4.23564,51.91188],[4.23559,51.91193],[4.23545,51.91202],[4.23363,51.91271],[4.23279,51.91308],[4.23262,51.91322],[4.23178,51.91371],[4.23108,51.91416],[4.23138,51.91434],[4.23133,51.91437],[4.23147,51.91449],[4.23095,51.91491],[4.2311,51.91502],[4.22927,51.91615],[4.22857,51.91665],[4.22721,51.91768],[4.2269,51.91776],[4.22671,51.91776],[4.22653,51.91772],[4.22629,51.9178],[4.22708,51.9183],[4.22735,51.91857],[4.22762,51.91869],[4.23217,51.92071],[4.23307,51.9199],[4.23479,51.91846],[4.23574,51.91778],[4.23669,51.91715],[4.23782,51.91648],[4.23886,51.91591],[4.24112,51.91487],[4.24241,51.91434],[4.24365,51.91391],[4.24502,51.91349],[4.24334,51.91205],[4.24301,51.91109],[4.24284,51.9111],[4.24274,51.91112],[4.2427,51.911],[4.24246,51.91106],[4.2423,51.91081],[4.2428,51.91068],[4.24389,51.91049],[4.24538,51.91015],[4.24548,51.91008],[4.24551,51.91],[4.24537,51.90962],[4.24534,51.90953]]]}},{"type":"Feature","id":"27047","properties":{},"geometry":{"type":"Polygon","coordinates":[[[4.23449,51.91114],[4.23681,51.91022],[4.23705,51.91018],[4.23709,51.91011],[4.23771,51.90989],[4.23965,51.9091],[4.23973,51.90913],[4.23979,51.9091],[4.23978,51.90905],[4.24066,51.90869],[4.24056,51.90863],[4.2405,51.90854],[4.23931,51.90738],[4.23862,51.90674],[4.23726,51.90545],[4.23661,51.90498],[4.23636,51.90504],[4.23608,51.90518],[4.23353,51.90714],[4.23297,51.90765],[4.23291,51.90763],[4.23283,51.90759],[4.23274,51.90761],[4.23265,51.90757],[4.23262,51.9076],[4.23245,51.90754],[4.23148,51.90705],[4.23134,51.90702],[4.23091,51.9068],[4.23074,51.90665],[4.23068,51.90666],[4.23061,51.90662],[4.23023,51.90636],[4.23007,51.9063],[4.2293,51.90584],[4.22749,51.90566],[4.22662,51.90874],[4.22849,51.90892],[4.22845,51.90907],[4.22865,51.90915],[4.22873,51.90915],[4.22911,51.90897],[4.22919,51.90908],[4.22919,51.90917],[4.22905,51.90962],[4.2291,51.90963],[4.22899,51.91001],[4.22929,51.9102],[4.23028,51.91029],[4.23056,51.91037],[4.23081,51.91024],[4.23079,51.91021],[4.23107,51.91013],[4.23147,51.91016],[4.2318,51.9105],[4.23172,51.91053],[4.23205,51.91086],[4.23217,51.91082],[4.23245,51.91109],[4.23263,51.91101],[4.23309,51.91145],[4.23334,51.91134],[4.23337,51.91138],[4.23397,51.91115],[4.23393,51.91111],[4.23421,51.911],[4.23425,51.91104],[4.23439,51.91101],[4.23441,51.91103],[4.23449,51.91114]]]}},{"type":"Feature","id":"27048","properties":{},"geometry":{"type":"Polygon","coordinates":[[[4.23178,51.91371],[4.23262,51.91322],[4.23279,51.91308],[4.23363,51.91271],[4.23545,51.91202],[4.23559,51.91193],[4.23564,51.91188],[4.23537,51.91176],[4.2354,51.91173],[4.23509,51.91158],[4.23483,51.91132],[4.2347,51.9113],[4.23449,51.91114],[4.23441,51.91103],[4.23439,51.91101],[4.23425,51.91104],[4.23421,51.911],[4.23393,51.91111],[4.23397,51.91115],[4.23337,51.91138],[4.23334,51.91134],[4.23309,51.91145],[4.23263,51.91101],[4.23245,51.91109],[4.23217,51.91082],[4.23205,51.91086],[4.23172,51.91053],[4.2318,51.9105],[4.23147,51.91016],[4.23107,51.91013],[4.23079,51.91021],[4.23081,51.91024],[4.23056,51.91037],[4.23028,51.91029],[4.22929,51.9102],[4.22899,51.91001],[4.2291,51.90963],[4.22905,51.90962],[4.22919,51.90917],[4.22919,51.90908],[4.22911,51.90897],[4.22873,51.90915],[4.22865,51.90915],[4.22845,51.90907],[4.22849,51.90892],[4.22662,51.90874],[4.22619,51.91016],[4.22561,51.91166],[4.22486,51.91315],[4.22433,51.91407],[4.22349,51.9153],[4.22295,51.91601],[4.22339,51.91614],[4.22357,51.91612],[4.22629,51.9178],[4.22653,51.91772],[4.22671,51.91776],[4.2269,51.91776],[4.22721,51.91768],[4.22857,51.91665],[4.22927,51.91615],[4.2311,51.91502],[4.23095,51.91491],[4.23147,51.91449],[4.23133,51.91437],[4.23138,51.91434],[4.23108,51.91416],[4.23178,51.91371]]]}},{"type":"Feature","id":"27050","properties":{},"geometry":{"type":"Polygon","coordinates":[[[4.22735,51.91857],[4.22708,51.9183],[4.22629,51.9178],[4.22357,51.91612],[4.22339,51.91614],[4.22295,51.91601],[4.22176,51.91739],[4.22016,51.91903],[4.21955,51.91959],[4.21904,51.92259],[4.21857,51.92282],[4.21906,51.92329],[4.2192,51.92337],[4.21985,51.92345],[4.21995,51.92349],[4.22095,51.92433],[4.22115,51.92431],[4.22221,51.92384],[4.22228,51.92376],[4.22272,51.92404],[4.22302,51.9241],[4.22352,51.92358],[4.22382,51.92364],[4.2277,51.92503],[4.2298,51.92288],[4.23217,51.92071],[4.22762,51.91869],[4.22735,51.91857]]]}},{"type":"Feature","id":"27051","properties":{},"geometry":{"type":"Polygon","coordinates":[[[4.22352,51.92358],[4.22302,51.9241],[4.22272,51.92404],[4.22228,51.92376],[4.22221,51.92384],[4.22115,51.92431],[4.22095,51.92433],[4.21995,51.92349],[4.21985,51.92345],[4.2192,51.92337],[4.21906,51.92329],[4.21857,51.92282],[4.19033,51.93692],[4.18708,51.93853],[4.18829,51.93946],[4.19127,51.94175],[4.19963,51.93868],[4.20935,51.93511],[4.21272,51.93373],[4.2141,51.9332],[4.21647,51.93218],[4.21875,51.93108],[4.22095,51.92992],[4.22196,51.92934],[4.22306,51.92867],[4.22501,51.92734],[4.22591,51.92665],[4.22676,51.92592],[4.2277,51.92503],[4.22382,51.92364],[4.22352,51.92358]]]}}]}